street,num_opponents,pot_bb,facing_bet_bb,effective_stack_bb,allow_bluffs,equity,pot_odds,action
preflop,3,66.69,30.23,95.06,0,0.175,0.311907,FOLD
preflop,4,72.03,0.0,48.51,0,0.1625,0.0,CHECK
river,1,20.79,2.43,115.15,0,0.79375,0.104651,RAISE
flop,4,16.85,0.0,76.04,0,0.40625,0.0,CHECK
river,2,16.81,0.0,27.6,0,0.2,0.0,CHECK
preflop,1,70.58,0.0,40.51,0,0.3625,0.0,CHECK
turn,1,26.04,24.98,131.89,0,0.5375,0.489612,CALL
flop,1,10.46,0.0,114.71,0,0.575,0.0,CHECK
river,1,24.14,18.13,32.14,0,0.8,0.428909,RAISE
turn,3,61.73,22.12,55.7,0,0.9125,0.263804,RAISE
turn,1,72.74,23.37,30.91,0,0.33125,0.243159,CALL
flop,3,46.91,13.45,142.39,0,0.0875,0.22283,FOLD
preflop,3,4.24,1.33,47.58,0,0.1875,0.238779,FOLD
turn,3,58.52,18.6,56.79,0,0.1,0.241183,FOLD
flop,1,75.91,0.0,47.43,0,0.675,0.0,BET
flop,3,4.02,0.0,107.66,0,0.5625,0.0,CHECK
preflop,4,61.28,0.0,91.4,0,0.08125,0.0,CHECK
river,4,28.92,19.09,79.19,0,0.0,0.397625,FOLD
flop,4,78.31,24.78,33.07,0,0.35625,0.240372,CALL
turn,3,79.43,0.0,147.13,0,0.9875,0.0,BET
turn,1,22.63,0.0,67.92,0,0.7375,0.0,BET
river,3,6.72,0.0,145.87,0,0.0625,0.0,CHECK
preflop,1,58.72,23.23,59.21,0,0.45625,0.283466,CALL
preflop,1,9.12,0.0,76.14,0,0.33125,0.0,CHECK
flop,1,9.16,4.45,78.97,0,0.55,0.326965,CALL
turn,2,41.02,28.31,29.37,0,0.09375,0.408337,FOLD
river,1,15.82,9.63,118.08,0,0.31875,0.378389,FOLD
river,2,5.05,6.01,88.13,0,0.975,0.5434,RAISE
turn,2,28.66,7.01,150.0,0,0.6375,0.196524,CALL
preflop,4,70.18,4.04,129.97,0,0.1,0.054433,CALL
turn,2,34.75,16.27,34.41,0,0.15,0.318895,FOLD
preflop,1,24.89,0.0,45.93,0,0.35,0.0,CHECK
turn,3,49.96,0.0,103.13,0,0.40625,0.0,CHECK
preflop,4,17.61,0.0,29.63,0,0.20625,0.0,CHECK
river,2,35.74,2.41,36.14,0,0.68125,0.063172,RAISE
turn,1,14.33,0.0,80.38,0,0.36875,0.0,CHECK
flop,3,40.6,23.07,81.18,0,0.675,0.362337,RAISE
preflop,2,49.29,11.81,99.7,0,0.3375,0.19329,CALL
river,1,57.05,19.85,149.76,0,0.8875,0.258127,RAISE
river,3,74.78,5.24,100.04,0,0.8375,0.065484,RAISE
flop,4,79.15,17.54,142.01,0,0.45,0.181404,CALL
river,3,55.84,32.95,67.78,0,0.98125,0.3711,RAISE
flop,1,32.88,26.23,95.18,0,0.8875,0.443749,RAISE
river,1,9.87,0.0,97.71,0,0.125,0.0,CHECK
flop,4,77.49,5.13,51.57,0,0.08125,0.062092,CALL
turn,3,73.32,0.0,73.81,0,0.10625,0.0,CHECK
flop,3,6.72,7.56,138.66,0,0.08125,0.529412,FOLD
preflop,1,19.92,16.7,93.68,0,0.58125,0.456035,CALL
preflop,1,62.23,0.0,52.04,0,0.49375,0.0,CHECK
preflop,3,40.46,0.0,76.51,0,0.4375,0.0,CHECK
turn,2,55.17,33.38,80.01,0,0.06875,0.376962,FOLD
river,4,38.12,24.32,39.6,0,0.0,0.389494,FOLD
river,4,2.35,0.0,56.18,0,0.85625,0.0,BET
preflop,4,24.53,0.0,129.46,0,0.11875,0.0,CHECK
turn,3,29.19,15.65,149.21,0,0.275,0.349019,FOLD
flop,4,42.22,0.0,141.72,0,0.1375,0.0,CHECK
river,2,6.04,5.4,118.18,0,0.3625,0.472028,FOLD
preflop,4,29.42,0.0,122.84,0,0.19375,0.0,CHECK
turn,4,35.04,0.0,103.27,0,0.08125,0.0,CHECK
flop,3,42.86,0.0,146.76,0,0.6125,0.0,CHECK
river,3,62.34,0.0,31.23,0,0.125,0.0,CHECK
preflop,2,51.7,0.0,96.95,0,0.30625,0.0,CHECK
river,3,22.29,1.32,72.57,0,0.75625,0.055909,RAISE
flop,3,40.91,17.03,31.4,0,0.525,0.293925,CALL
flop,3,73.29,0.0,111.07,0,0.45625,0.0,CHECK
flop,2,53.91,13.55,115.42,0,0.24375,0.20086,CALL
flop,3,44.59,0.0,82.33,0,0.16875,0.0,CHECK
flop,3,66.26,17.07,32.61,0,0.24375,0.204848,CALL
flop,2,11.38,2.77,147.97,0,0.06875,0.19576,FOLD
flop,4,13.22,11.16,25.04,0,0.16875,0.457752,FOLD
flop,3,56.96,0.0,127.06,0,0.19375,0.0,CHECK
river,4,21.66,17.76,127.16,0,0.8,0.450533,RAISE
preflop,3,67.94,30.74,43.55,0,0.3,0.311512,CALL
river,2,26.45,0.0,78.77,0,0.8125,0.0,BET
flop,2,14.86,14.57,22.49,0,0.09375,0.495073,FOLD
flop,3,66.86,12.85,73.27,0,0.0625,0.161209,FOLD
preflop,1,33.26,9.88,70.14,0,0.475,0.229022,CALL
river,4,68.45,3.08,83.91,0,0.13125,0.043059,CALL
turn,2,2.17,0.0,102.38,0,0.2625,0.0,CHECK
turn,4,78.4,26.8,55.57,0,0.0625,0.254753,FOLD
turn,3,17.91,8.03,78.84,0,0.0375,0.309561,FOLD
flop,1,27.78,5.58,39.98,0,0.14375,0.167266,FOLD
preflop,3,3.93,3.75,86.86,0,0.15,0.488281,FOLD
river,1,56.67,0.0,140.65,0,0.35,0.0,CHECK
turn,2,54.34,2.38,117.64,0,0.0875,0.041961,CALL
river,3,62.43,4.25,103.92,0,0.275,0.063737,CALL
turn,3,5.15,1.82,54.37,0,0.2125,0.261119,FOLD
preflop,4,65.27,17.11,82.25,0,0.14375,0.207696,FOLD
flop,2,31.5,0.0,22.15,0,0.14375,0.0,CHECK
river,4,53.05,11.4,67.1,0,0.7,0.176881,RAISE
river,1,7.0,0.0,30.41,0,0.53125,0.0,CHECK
river,1,22.37,0.0,33.84,0,0.3625,0.0,CHECK
turn,2,75.88,31.89,84.87,0,0.13125,0.295908,FOLD
flop,1,54.58,0.0,33.1,0,0.9,0.0,BET
turn,4,9.72,0.0,48.01,0,0.04375,0.0,CHECK
river,4,23.16,0.0,132.16,0,0.0,0.0,CHECK
river,4,42.83,11.18,65.13,0,0.825,0.206999,RAISE
flop,4,16.66,0.0,37.76,0,0.08125,0.0,CHECK
river,4,62.16,0.0,115.89,0,0.15,0.0,CHECK
flop,3,74.61,22.07,27.77,0,0.11875,0.228279,FOLD
preflop,4,16.81,15.56,40.04,0,0.1875,0.480692,FOLD
turn,1,58.56,7.04,88.4,0,0.25,0.107317,CALL
flop,2,79.49,0.0,59.04,0,0.15625,0.0,CHECK
flop,4,6.22,2.72,93.44,0,0.1125,0.304251,FOLD
flop,3,28.87,26.78,42.0,0,0.20625,0.481222,FOLD
river,3,69.41,0.0,132.76,0,0.06875,0.0,CHECK
flop,2,34.55,15.21,60.61,0,0.16875,0.305667,FOLD
river,2,41.18,25.06,68.61,0,0.025,0.378321,FOLD
river,4,33.05,0.0,127.59,0,0.525,0.0,CHECK
flop,2,69.77,0.0,112.57,0,0.19375,0.0,CHECK
turn,1,10.49,2.45,56.97,0,0.8125,0.189335,RAISE
flop,2,2.12,0.0,101.31,0,0.09375,0.0,CHECK
flop,1,18.24,17.6,135.44,0,0.5375,0.491071,CALL
preflop,1,66.13,23.85,37.25,0,0.6125,0.265059,CALL
river,4,5.96,0.0,137.43,0,0.0,0.0,CHECK
preflop,4,67.97,0.0,65.32,0,0.1875,0.0,CHECK
flop,1,9.06,9.7,137.42,0,0.3125,0.517058,FOLD
flop,2,45.32,12.93,74.24,0,0.1375,0.221974,FOLD
flop,1,21.13,17.0,106.93,0,0.80625,0.445843,RAISE
turn,3,65.01,0.0,111.1,0,0.51875,0.0,CHECK
flop,3,23.09,7.45,95.94,0,0.075,0.243942,FOLD
flop,3,62.01,23.53,120.12,0,0.30625,0.275076,CALL
flop,4,36.01,27.44,122.1,0,0.0625,0.432467,FOLD
flop,1,4.89,0.0,122.41,0,0.48125,0.0,CHECK
river,1,48.26,0.0,35.7,0,0.5375,0.0,CHECK
river,2,16.97,19.9,100.46,0,0.0,0.539734,FOLD
flop,2,9.65,10.14,68.82,0,0.2,0.51238,FOLD
preflop,4,47.2,20.92,39.37,0,0.1625,0.307105,FOLD
preflop,1,25.13,21.2,99.63,0,0.6,0.457587,CALL
flop,1,16.69,2.2,70.79,0,0.1875,0.116464,CALL
turn,4,31.01,0.0,129.92,0,0.8,0.0,BET
turn,4,71.89,26.52,149.23,0,0.0625,0.269485,FOLD
river,3,28.9,0.0,77.92,0,0.0625,0.0,CHECK
preflop,2,22.49,22.6,81.43,0,0.275,0.50122,FOLD
river,3,70.05,24.13,59.14,0,0.0375,0.256212,FOLD
preflop,1,35.13,4.35,22.44,0,0.36875,0.110182,CALL
river,3,56.45,0.0,107.56,0,0.0,0.0,CHECK
flop,1,13.18,0.0,96.77,0,0.7625,0.0,BET
flop,4,17.75,10.7,54.02,0,0.29375,0.376098,FOLD
preflop,3,65.15,26.9,101.27,0,0.2625,0.292232,FOLD
preflop,3,77.62,0.0,102.61,0,0.175,0.0,CHECK
flop,1,42.74,0.0,39.21,0,0.9125,0.0,BET
turn,1,72.24,0.0,67.25,0,0.5125,0.0,CHECK
river,1,55.87,8.77,91.85,0,0.1,0.135675,FOLD
turn,1,33.25,11.32,30.69,0,0.3,0.253982,CALL
flop,1,58.05,0.0,139.6,0,0.56875,0.0,CHECK
river,4,72.84,32.91,145.74,0,0.84375,0.311206,RAISE
preflop,1,16.74,0.0,43.81,0,0.46875,0.0,CHECK
turn,3,13.99,0.0,127.99,0,0.0125,0.0,CHECK
river,4,39.16,15.1,118.34,0,0.075,0.27829,FOLD
flop,2,63.32,2.06,74.11,0,0.15,0.031508,CALL
turn,1,25.47,14.75,22.84,0,0.1875,0.366733,FOLD
flop,1,14.58,8.48,76.95,0,0.61875,0.367736,CALL
flop,4,22.11,0.0,66.18,0,0.15,0.0,CHECK
turn,3,51.1,0.0,117.92,0,0.06875,0.0,CHECK
river,3,71.24,14.46,45.65,0,0.00625,0.168728,FOLD
preflop,3,54.02,20.26,38.2,0,0.33125,0.272752,CALL
flop,3,73.89,0.0,130.8,0,0.1875,0.0,CHECK
preflop,1,64.39,14.63,50.27,0,0.40625,0.185143,CALL
turn,1,78.42,10.34,43.75,0,0.4,0.116494,CALL
flop,3,46.32,0.0,130.02,0,0.0875,0.0,CHECK
flop,3,28.65,20.81,22.06,0,0.51875,0.420744,CALL
preflop,1,17.29,8.52,133.09,0,0.45,0.330105,CALL
river,4,43.53,0.0,70.94,0,0.00625,0.0,CHECK
preflop,1,9.94,0.0,26.79,0,0.5625,0.0,CHECK
river,2,38.62,10.54,146.14,0,0.85,0.214402,RAISE
flop,2,24.66,0.0,96.14,0,0.49375,0.0,CHECK
preflop,3,63.59,0.0,26.92,0,0.34375,0.0,CHECK
flop,3,36.67,0.0,95.92,0,0.16875,0.0,CHECK
turn,4,53.02,33.33,132.51,0,0.48125,0.385987,CALL
flop,4,6.97,0.0,81.72,0,0.2,0.0,CHECK
river,4,23.48,0.0,38.55,0,0.0875,0.0,CHECK
river,2,21.72,12.31,29.52,0,0.15,0.36174,FOLD
river,1,32.47,0.0,26.81,0,0.1875,0.0,CHECK
preflop,3,52.7,0.0,28.75,0,0.19375,0.0,CHECK
river,2,52.08,0.0,114.29,0,0.0,0.0,CHECK
turn,4,77.48,0.0,132.12,0,0.0125,0.0,CHECK
preflop,1,33.89,0.0,139.81,0,0.4125,0.0,CHECK
flop,2,22.98,0.0,117.28,0,0.2,0.0,CHECK
preflop,1,6.76,0.56,95.72,0,0.56875,0.076503,CALL
preflop,1,77.63,23.89,50.36,0,0.625,0.235323,CALL
river,2,73.97,17.47,123.42,0,0.0,0.191054,FOLD
flop,3,67.3,16.22,98.19,0,0.33125,0.194205,CALL
preflop,4,53.06,15.74,82.72,0,0.15,0.228779,FOLD
flop,1,47.77,17.04,110.18,0,0.78125,0.262922,RAISE
flop,3,77.37,0.0,147.02,0,0.39375,0.0,CHECK
flop,1,51.11,0.0,102.31,0,0.8,0.0,BET
turn,1,71.93,0.0,143.05,0,0.7875,0.0,BET
flop,1,59.99,17.5,133.67,0,0.2875,0.225836,CALL
flop,1,59.57,8.0,59.63,0,0.65,0.118396,RAISE
preflop,2,10.63,0.0,37.38,0,0.29375,0.0,CHECK
turn,4,17.48,17.08,111.15,0,0.3,0.494213,FOLD
flop,4,23.85,12.62,52.79,0,0.09375,0.346038,FOLD
turn,3,36.98,31.92,28.8,0,0.10625,0.46328,FOLD
preflop,2,75.48,0.0,37.29,0,0.34375,0.0,CHECK
flop,1,40.68,28.64,42.89,0,0.35625,0.413156,FOLD
river,4,14.05,0.0,109.97,0,0.2875,0.0,CHECK
preflop,3,74.76,25.04,29.93,0,0.65625,0.250902,RAISE
flop,1,30.27,5.11,34.32,0,0.53125,0.144432,CALL
turn,2,6.68,5.04,42.57,0,0.59375,0.430034,CALL
preflop,3,14.7,0.0,47.55,0,0.35625,0.0,CHECK
turn,2,70.98,23.07,119.95,0,0.44375,0.245295,CALL
turn,1,30.35,0.0,73.17,0,0.2,0.0,CHECK
river,2,56.78,10.1,24.98,0,0.55625,0.151017,CALL
river,1,45.75,7.35,113.95,0,0.29375,0.138418,CALL
flop,4,34.01,0.0,90.52,0,0.08125,0.0,CHECK
turn,2,41.59,0.0,105.63,0,0.3125,0.0,CHECK
river,1,4.0,0.0,120.1,0,0.34375,0.0,CHECK
preflop,1,18.4,0.0,135.66,0,0.4,0.0,CHECK
flop,4,41.99,0.0,45.1,0,0.1375,0.0,CHECK
flop,1,2.75,2.51,47.79,0,0.25,0.477186,FOLD
turn,1,38.65,14.82,59.13,0,0.275,0.277165,CALL
turn,2,60.74,33.82,73.73,0,0.6875,0.357657,RAISE
preflop,4,16.66,0.0,41.35,0,0.075,0.0,CHECK
preflop,1,6.14,0.0,54.6,0,0.60625,0.0,CHECK
preflop,4,47.49,9.04,34.22,0,0.2125,0.159915,CALL
turn,3,70.42,31.52,78.41,0,0.3,0.309201,CALL
flop,1,5.89,0.0,134.23,0,0.35625,0.0,CHECK
flop,3,41.3,12.84,66.05,0,0.4875,0.237163,CALL
river,2,25.47,0.0,148.59,0,0.025,0.0,CHECK
river,4,30.65,0.0,70.16,0,0.0,0.0,CHECK
river,3,12.09,0.0,144.18,0,0.025,0.0,CHECK
river,4,65.48,7.13,95.67,0,1.0,0.098196,RAISE
flop,1,43.69,0.0,87.31,0,0.81875,0.0,BET
turn,1,74.64,0.0,121.64,0,0.21875,0.0,CHECK
river,4,53.29,3.14,141.99,0,0.875,0.055644,RAISE
river,3,66.52,0.0,56.28,0,0.0375,0.0,CHECK
river,1,79.91,10.71,94.24,0,0.89375,0.118186,RAISE
turn,1,16.37,8.93,61.25,0,0.76875,0.352964,RAISE
flop,1,49.5,18.12,121.51,0,0.85625,0.267968,RAISE
turn,2,37.02,0.0,94.01,0,0.05625,0.0,CHECK
flop,3,48.14,34.8,25.88,0,0.09375,0.41958,FOLD
river,3,14.92,0.0,83.26,0,0.2375,0.0,CHECK
flop,3,23.54,14.73,121.02,0,0.4125,0.384897,CALL
preflop,4,43.38,30.79,129.29,0,0.2125,0.415127,FOLD
river,4,22.33,0.0,83.12,0,0.6625,0.0,BET
turn,4,5.3,0.0,23.15,0,0.04375,0.0,CHECK
preflop,4,58.75,26.81,112.9,0,0.125,0.313347,FOLD
flop,3,76.84,0.0,79.98,0,0.15,0.0,CHECK
preflop,2,42.9,0.84,74.12,0,0.275,0.019204,CALL
river,4,18.33,0.0,50.14,0,0.85,0.0,BET
preflop,3,58.82,0.0,92.77,0,0.1625,0.0,CHECK
river,4,67.06,0.0,77.64,0,0.0,0.0,CHECK
turn,1,61.8,8.0,68.69,0,0.3375,0.114613,CALL
flop,3,19.02,0.0,139.85,0,0.26875,0.0,CHECK
flop,4,35.22,0.0,95.07,0,0.15625,0.0,CHECK
preflop,1,32.23,0.0,141.58,0,0.49375,0.0,CHECK
turn,2,33.06,4.17,124.81,0,0.175,0.112006,CALL
preflop,1,71.35,9.21,63.87,0,0.40625,0.114325,CALL
preflop,4,33.26,0.0,117.08,0,0.18125,0.0,CHECK
river,3,44.23,19.74,64.58,0,0.05,0.308582,FOLD
turn,2,79.39,6.66,40.69,0,0.9375,0.077397,RAISE
river,2,46.41,3.64,68.14,0,0.1375,0.072727,CALL
flop,3,33.16,22.21,77.21,0,0.1375,0.40112,FOLD
preflop,3,14.05,2.6,98.97,0,0.35625,0.156156,CALL
turn,3,53.81,0.0,32.85,0,0.24375,0.0,CHECK
preflop,2,48.67,0.0,21.25,0,0.2125,0.0,CHECK
preflop,2,17.1,0.0,50.13,0,0.1875,0.0,CHECK
turn,2,18.27,6.82,68.55,0,0.0375,0.271821,FOLD
river,4,21.13,19.46,53.89,0,0.1125,0.479428,FOLD
turn,1,46.77,22.93,44.82,0,0.675,0.328981,RAISE
river,3,74.42,7.46,41.23,0,0.9,0.091109,RAISE
flop,1,29.67,29.36,76.44,0,0.40625,0.497374,FOLD
flop,4,50.77,9.65,61.74,0,0.125,0.159715,FOLD
turn,2,19.59,0.0,32.32,0,0.6875,0.0,BET
turn,1,60.11,18.25,63.86,0,0.53125,0.232899,CALL
turn,2,56.11,6.25,40.64,0,0.5,0.100225,CALL
flop,4,11.63,13.21,39.74,0,0.13125,0.531804,FOLD
flop,1,69.48,0.0,114.13,0,0.2625,0.0,CHECK
turn,1,51.18,0.0,58.0,0,0.50625,0.0,CHECK
preflop,1,10.7,11.71,111.03,0,0.39375,0.522535,FOLD
turn,1,68.89,15.64,92.32,0,0.61875,0.185023,CALL
flop,1,76.35,0.0,92.79,0,0.65,0.0,BET
preflop,3,8.95,6.38,143.37,0,0.25625,0.416177,FOLD
river,3,9.56,2.2,68.64,0,0.0,0.187075,FOLD
river,3,73.13,24.73,87.82,0,0.0,0.252708,FOLD
flop,3,55.13,0.0,47.88,0,0.39375,0.0,CHECK
flop,4,5.26,1.25,109.63,0,0.0625,0.192012,FOLD
preflop,2,58.54,0.0,21.85,0,0.43125,0.0,CHECK
turn,1,65.47,4.63,49.19,0,0.4625,0.066049,CALL
preflop,4,30.36,0.0,71.85,0,0.2125,0.0,CHECK
flop,2,13.75,0.0,51.94,0,0.8625,0.0,BET
river,4,9.57,0.0,134.43,0,0.0,0.0,CHECK
river,2,56.64,0.0,149.5,0,0.00625,0.0,CHECK
preflop,3,7.07,2.39,31.36,0,0.175,0.252643,FOLD
preflop,3,13.22,15.44,111.0,0,0.31875,0.53873,FOLD
flop,3,40.98,11.31,149.88,0,0.4875,0.216294,CALL
flop,4,49.33,15.51,130.71,0,0.1125,0.239204,FOLD
preflop,2,72.34,27.47,94.4,0,0.475,0.275223,CALL
flop,2,42.83,9.06,68.88,0,0.5125,0.1746,CALL
turn,3,27.27,1.77,86.52,0,0.4,0.06095,CALL
river,3,32.23,14.16,86.33,0,0.78125,0.305238,RAISE
river,4,17.96,0.0,70.37,0,0.025,0.0,CHECK
flop,4,31.75,6.0,26.96,0,0.14375,0.15894,CALL
flop,1,76.84,24.99,113.45,0,0.21875,0.245409,FOLD
turn,3,52.35,19.1,108.44,0,0.15625,0.26732,FOLD
turn,4,13.26,0.0,143.51,0,0.125,0.0,CHECK
river,1,31.64,26.69,31.29,0,0.65,0.457569,RAISE
preflop,4,10.55,0.0,128.86,0,0.25,0.0,CHECK
river,2,11.44,0.0,94.15,0,0.0875,0.0,CHECK
river,2,54.03,5.52,118.87,0,0.10625,0.092695,CALL
preflop,3,38.23,32.14,59.45,0,0.25,0.456729,FOLD
turn,2,55.59,0.0,90.56,0,0.33125,0.0,CHECK
flop,4,36.1,0.0,38.16,0,0.075,0.0,CHECK
turn,1,21.2,0.0,51.46,0,0.80625,0.0,BET
flop,2,19.0,0.0,55.64,0,0.49375,0.0,CHECK
flop,3,37.34,0.0,131.61,0,0.2125,0.0,CHECK
flop,2,20.87,9.51,121.81,0,0.35625,0.313035,CALL
flop,1,26.53,0.0,22.09,0,0.425,0.0,CHECK
flop,1,79.38,0.0,112.44,0,0.25,0.0,CHECK
preflop,2,17.17,8.9,127.37,0,0.33125,0.341389,CALL
river,3,10.31,0.0,49.07,0,0.45625,0.0,CHECK
flop,1,8.42,1.94,75.71,0,0.38125,0.187259,CALL
flop,2,56.2,12.88,86.15,0,0.95,0.18645,RAISE
river,4,53.35,0.0,112.19,0,0.48125,0.0,CHECK
river,4,77.2,10.51,149.58,0,0.0,0.119827,FOLD
preflop,3,62.81,32.43,70.57,0,0.26875,0.340508,FOLD
flop,4,54.1,0.0,30.82,0,0.16875,0.0,CHECK
turn,1,79.04,22.88,74.02,0,0.35625,0.22449,CALL
turn,2,74.65,29.88,67.13,0,0.69375,0.285851,RAISE
turn,2,16.44,13.97,33.5,0,0.35625,0.459388,FOLD
river,2,12.33,0.0,149.76,0,0.36875,0.0,CHECK
preflop,1,62.95,26.32,88.16,0,0.33125,0.294836,CALL
river,2,72.1,0.0,51.76,0,0.73125,0.0,BET
flop,1,46.08,0.0,73.4,0,0.275,0.0,CHECK
flop,3,2.01,2.29,117.93,0,0.1125,0.532558,FOLD
flop,1,13.99,0.0,49.8,0,0.45,0.0,CHECK
turn,2,64.32,0.0,26.6,0,0.325,0.0,CHECK
preflop,4,76.34,0.0,121.87,0,0.1375,0.0,CHECK
turn,2,33.6,8.64,39.41,0,0.71875,0.204545,RAISE
flop,4,58.02,0.0,104.21,0,0.225,0.0,CHECK
turn,3,16.95,14.97,106.93,0,0.1,0.468985,FOLD
river,1,57.48,16.59,134.22,0,0.9875,0.223977,RAISE
preflop,3,58.88,21.06,144.85,0,0.2875,0.263448,CALL
preflop,1,66.71,27.34,63.87,0,0.425,0.290696,CALL
river,3,60.47,0.0,51.47,0,0.0,0.0,CHECK
preflop,2,43.75,0.0,69.93,0,0.2375,0.0,CHECK
flop,2,53.27,1.1,126.44,0,0.28125,0.020232,CALL
preflop,2,47.83,29.82,55.35,0,0.23125,0.384031,FOLD
preflop,1,58.94,0.0,56.37,0,0.5625,0.0,CHECK
river,4,2.83,3.1,41.36,0,0.0,0.522766,FOLD
preflop,4,43.67,31.72,116.32,0,0.15,0.420745,FOLD
flop,4,69.15,31.56,87.38,0,0.375,0.313375,CALL
preflop,2,11.9,12.23,123.79,0,0.1875,0.506838,FOLD
river,4,49.61,19.2,131.41,0,0.56875,0.279029,CALL
river,2,12.95,9.7,44.14,0,0.43125,0.428256,CALL
flop,4,62.29,0.0,54.02,0,0.25,0.0,CHECK
flop,3,76.31,0.0,132.35,0,0.4375,0.0,CHECK
turn,3,78.69,10.15,102.18,0,0.1125,0.11425,CALL
river,3,68.39,13.72,96.24,0,0.15625,0.167093,CALL
flop,3,3.89,0.0,81.32,0,0.21875,0.0,CHECK
preflop,2,15.46,10.73,99.93,0,0.15625,0.409698,FOLD
flop,2,36.33,0.0,63.04,0,0.3,0.0,CHECK
river,2,3.35,1.33,70.42,0,0.18125,0.284188,FOLD
turn,2,6.17,5.65,31.6,0,0.45625,0.478003,FOLD
river,3,31.3,0.0,127.02,0,0.34375,0.0,CHECK
turn,2,48.73,0.0,113.45,0,0.25,0.0,CHECK
river,1,45.29,28.01,86.84,0,0.4875,0.382128,CALL
flop,2,64.48,0.0,111.53,0,0.1125,0.0,CHECK
preflop,1,60.9,2.24,96.51,0,0.4125,0.035477,CALL
preflop,1,13.58,15.55,83.05,0,0.70625,0.533814,RAISE
turn,2,72.0,0.0,77.78,0,0.48125,0.0,CHECK
turn,3,63.73,15.11,137.5,0,0.1375,0.191654,FOLD
river,4,31.93,0.0,54.43,0,0.0,0.0,CHECK
preflop,2,79.9,0.0,136.49,0,0.3,0.0,CHECK
turn,2,56.62,20.28,91.06,0,0.28125,0.263719,CALL
preflop,1,39.01,0.0,114.67,0,0.4625,0.0,CHECK
river,1,46.55,11.14,61.46,0,0.8625,0.193101,RAISE
flop,1,8.17,0.0,147.85,0,0.15625,0.0,CHECK
turn,4,69.58,16.41,65.55,0,0.7625,0.190836,RAISE
turn,2,65.93,12.7,21.64,0,0.39375,0.161516,CALL
preflop,2,65.92,24.25,81.76,0,0.3375,0.268936,CALL
river,2,22.89,22.93,104.33,0,0.0,0.500436,FOLD
river,1,2.87,0.0,58.41,0,0.8625,0.0,BET
river,4,22.96,0.0,137.65,0,0.0,0.0,CHECK
turn,3,64.62,0.0,67.19,0,0.0875,0.0,CHECK
river,3,9.17,4.73,37.91,0,0.0375,0.340288,FOLD
flop,2,41.24,21.58,135.37,0,0.64375,0.343521,CALL
preflop,2,5.42,5.36,97.17,0,0.45,0.497217,FOLD
preflop,1,38.53,0.0,146.21,0,0.45,0.0,CHECK
river,2,18.07,0.0,127.2,0,0.85625,0.0,BET
preflop,1,2.82,2.69,110.95,0,0.4375,0.488203,FOLD
preflop,2,75.14,15.28,85.84,0,0.325,0.168989,CALL
preflop,2,46.48,0.0,95.54,0,0.38125,0.0,CHECK
flop,4,41.81,0.0,39.69,0,0.45,0.0,CHECK
preflop,1,16.11,0.0,144.47,0,0.725,0.0,BET
flop,2,64.69,0.0,144.99,0,0.725,0.0,BET
preflop,4,40.85,4.89,133.86,0,0.23125,0.106909,CALL
turn,1,50.37,0.0,39.61,0,0.3625,0.0,CHECK
flop,2,12.1,0.0,37.51,0,0.26875,0.0,CHECK
preflop,2,76.05,0.0,109.64,0,0.38125,0.0,CHECK
preflop,3,16.46,0.0,38.54,0,0.10625,0.0,CHECK
river,2,13.08,0.0,67.89,0,0.85,0.0,BET
river,2,65.47,2.67,140.58,0,0.775,0.039184,RAISE
turn,2,28.83,33.45,65.79,0,0.3875,0.537091,FOLD
flop,4,9.78,11.2,147.46,0,0.2,0.533842,FOLD
flop,2,7.2,4.83,55.3,0,0.325,0.401496,FOLD
turn,3,27.74,0.0,94.04,0,0.1125,0.0,CHECK
river,2,36.15,0.0,119.4,0,0.0,0.0,CHECK
turn,1,2.09,0.0,92.96,0,0.46875,0.0,CHECK
turn,1,56.19,25.31,43.3,0,0.35,0.310552,CALL
preflop,2,13.4,0.0,62.66,0,0.3,0.0,CHECK
flop,1,13.57,9.44,126.98,0,0.39375,0.410256,CALL
turn,2,26.18,0.0,54.47,0,0.65,0.0,BET
preflop,3,16.13,14.26,118.01,0,0.4125,0.469233,FOLD
flop,2,73.0,19.69,53.58,0,0.60625,0.212429,CALL
flop,2,63.51,5.62,85.75,0,0.7375,0.081296,RAISE
flop,2,48.66,31.46,34.22,0,0.2375,0.392661,FOLD
flop,3,49.88,0.0,85.97,0,0.525,0.0,CHECK
preflop,2,5.28,2.34,106.43,0,0.26875,0.307087,FOLD
river,1,57.48,30.51,90.65,0,0.73125,0.346744,RAISE
river,2,3.33,0.66,41.2,0,0.1,0.165414,FOLD
flop,3,65.15,0.0,135.22,0,0.05,0.0,CHECK
preflop,1,16.81,16.06,46.15,0,0.50625,0.488591,CALL
flop,3,53.54,0.0,107.82,0,0.16875,0.0,CHECK
river,1,45.15,11.09,108.36,0,0.8,0.197191,RAISE
turn,2,76.97,0.0,72.03,0,0.3,0.0,CHECK
preflop,1,73.07,13.87,32.62,0,0.59375,0.159535,CALL
flop,3,49.68,0.0,82.1,0,0.34375,0.0,CHECK
river,4,11.96,0.0,31.88,0,0.8,0.0,BET
river,3,38.79,22.53,66.36,0,0.1,0.367417,FOLD
turn,3,66.52,0.0,61.08,0,0.01875,0.0,CHECK
turn,1,10.75,7.37,82.36,0,0.30625,0.406733,FOLD
preflop,2,51.87,16.09,30.65,0,0.4,0.236757,CALL
turn,2,45.7,0.0,74.98,0,0.04375,0.0,CHECK
flop,4,18.11,0.0,64.62,0,0.05625,0.0,CHECK
river,2,67.39,16.77,43.62,0,0.4,0.199263,CALL
flop,4,12.48,13.13,54.23,0,0.20625,0.51269,FOLD
turn,3,62.5,1.71,59.66,0,0.025,0.026631,CALL
preflop,2,2.57,0.67,27.36,0,0.3125,0.20679,CALL
turn,3,31.84,0.0,109.38,0,0.71875,0.0,BET
preflop,2,14.5,0.0,90.27,0,0.3125,0.0,CHECK
preflop,3,25.8,24.8,81.68,0,0.1375,0.490119,FOLD
river,4,63.71,18.22,74.77,0,0.04375,0.222385,FOLD
river,3,23.4,0.0,112.87,0,0.4,0.0,CHECK
flop,2,74.84,20.58,89.15,0,0.3375,0.215678,CALL
river,2,27.27,0.0,73.67,0,0.2125,0.0,CHECK
river,2,34.1,0.0,140.97,0,0.7,0.0,BET
river,4,7.35,0.0,23.82,0,0.51875,0.0,CHECK
turn,4,37.34,0.0,70.96,0,0.11875,0.0,CHECK
river,1,28.23,28.65,98.6,0,0.2125,0.503692,FOLD
flop,1,16.18,0.0,134.16,0,0.2625,0.0,CHECK
flop,4,5.56,5.96,118.5,0,0.13125,0.517361,FOLD
turn,4,78.12,0.0,136.19,0,0.68125,0.0,BET
river,1,32.34,0.0,108.74,0,0.6625,0.0,BET
river,2,5.65,0.0,138.51,0,0.20625,0.0,CHECK
river,3,61.68,3.9,67.1,0,0.75,0.059469,RAISE
river,3,66.06,17.86,62.16,0,0.0875,0.212822,FOLD
flop,3,42.33,34.78,96.87,0,0.18125,0.451044,FOLD
flop,2,69.1,4.99,114.72,0,0.3875,0.067351,CALL
preflop,2,54.93,0.0,127.75,0,0.25,0.0,CHECK
river,2,11.92,14.18,84.12,0,0.2125,0.543295,FOLD
preflop,2,48.41,0.0,120.31,0,0.2125,0.0,CHECK
turn,2,24.97,0.0,139.49,0,0.1375,0.0,CHECK
river,2,32.85,0.0,49.78,0,0.7375,0.0,BET
turn,1,47.39,0.0,50.91,0,0.34375,0.0,CHECK
river,3,76.88,0.0,134.84,0,0.15,0.0,CHECK
turn,2,45.09,0.0,118.86,0,0.4375,0.0,CHECK
preflop,3,67.24,0.0,143.45,0,0.34375,0.0,CHECK
river,3,57.58,10.84,142.03,0,0.69375,0.158433,RAISE
river,2,36.73,0.0,54.75,0,0.5125,0.0,CHECK
flop,1,47.36,0.0,89.37,0,0.48125,0.0,CHECK
river,1,2.87,1.48,110.68,0,0.41875,0.34023,CALL
river,3,54.75,2.11,81.19,0,0.43125,0.037109,CALL
river,2,40.26,14.94,61.97,0,0.0625,0.270652,FOLD
flop,3,53.38,0.0,27.06,0,0.05625,0.0,CHECK
preflop,2,43.24,14.8,42.6,0,0.2375,0.254997,CALL
turn,3,64.64,0.0,104.62,0,0.075,0.0,CHECK
turn,3,41.1,0.0,89.26,0,0.03125,0.0,CHECK
turn,2,14.93,0.0,100.58,0,0.24375,0.0,CHECK
river,2,79.3,0.0,23.81,0,0.50625,0.0,CHECK
turn,2,28.27,0.0,94.13,0,0.30625,0.0,CHECK
river,4,9.56,0.0,83.72,0,0.08125,0.0,CHECK
flop,1,63.34,34.22,109.45,0,0.38125,0.350759,CALL
preflop,3,71.64,0.0,55.92,0,0.1875,0.0,CHECK
flop,1,41.24,2.34,119.92,0,0.28125,0.053694,CALL
river,2,48.85,0.74,82.06,0,0.3,0.014922,CALL
turn,1,18.85,0.0,72.17,0,0.9625,0.0,BET
preflop,1,50.62,1.98,132.2,0,0.5,0.037643,CALL
turn,4,31.63,0.0,125.51,0,0.85,0.0,BET
river,2,48.08,0.0,93.73,0,0.1625,0.0,CHECK
river,3,21.06,0.0,103.51,0,0.075,0.0,CHECK
flop,1,46.87,0.0,148.9,0,0.475,0.0,CHECK
river,2,40.44,8.03,142.1,0,0.5,0.165669,CALL
preflop,1,67.74,0.0,72.63,0,0.35,0.0,CHECK
turn,3,71.67,0.0,33.11,0,0.06875,0.0,CHECK
preflop,1,31.98,0.0,115.07,0,0.70625,0.0,BET
turn,3,71.3,0.0,148.86,0,0.075,0.0,CHECK
turn,1,37.31,14.58,25.93,0,0.16875,0.280979,FOLD
turn,4,25.33,29.91,94.49,0,0.075,0.541455,FOLD
flop,2,17.71,16.16,36.79,0,0.05625,0.477118,FOLD
river,4,50.58,1.31,74.65,0,0.0,0.025246,FOLD
flop,4,60.42,2.79,95.81,0,0.4125,0.044139,CALL
river,1,41.84,0.0,125.09,0,0.56875,0.0,CHECK
preflop,2,59.7,29.48,105.57,0,0.61875,0.330567,CALL
preflop,4,70.51,15.9,26.95,0,0.3125,0.184006,CALL
flop,2,46.06,0.0,92.7,0,0.5375,0.0,CHECK
flop,1,42.06,0.0,93.39,0,0.48125,0.0,CHECK
turn,3,60.24,10.09,125.47,0,0.14375,0.143467,CALL
flop,4,65.46,0.0,69.88,0,0.0875,0.0,CHECK
flop,1,21.71,0.0,69.14,0,0.475,0.0,CHECK
turn,1,21.51,0.0,89.53,0,0.15,0.0,CHECK
preflop,3,73.41,0.0,57.48,0,0.25625,0.0,CHECK
preflop,2,19.44,0.0,49.62,0,0.2625,0.0,CHECK
turn,2,29.78,3.68,109.49,0,0.58125,0.109982,CALL
river,4,74.05,0.0,33.42,0,0.1625,0.0,CHECK
preflop,2,3.8,2.42,69.34,0,0.30625,0.389068,FOLD
flop,4,66.01,0.0,130.04,0,0.11875,0.0,CHECK
preflop,3,5.56,5.42,54.49,0,0.24375,0.493625,FOLD
preflop,2,7.83,0.0,82.15,0,0.3375,0.0,CHECK
river,4,16.63,0.0,92.03,0,0.33125,0.0,CHECK
preflop,4,47.53,21.67,87.68,0,0.18125,0.31315,FOLD
river,4,41.72,15.02,43.4,0,0.0875,0.264716,FOLD
river,3,9.2,6.34,78.81,0,0.08125,0.407979,FOLD
flop,3,24.46,23.58,57.42,0,0.08125,0.490841,FOLD
preflop,1,55.78,0.0,39.92,0,0.55,0.0,CHECK
river,3,64.61,18.84,107.79,0,0.6875,0.225764,RAISE
flop,4,19.66,0.0,138.51,0,0.4,0.0,CHECK
river,2,5.52,0.0,96.06,0,0.11875,0.0,CHECK
flop,1,77.07,16.67,139.09,0,0.76875,0.177832,RAISE
preflop,4,3.88,2.49,75.59,0,0.21875,0.390895,FOLD
flop,2,77.73,18.97,53.52,0,0.5875,0.196174,CALL
flop,4,14.46,0.0,124.28,0,0.0875,0.0,CHECK
turn,2,24.83,16.62,131.41,0,0.2625,0.400965,FOLD
turn,2,2.34,0.0,37.98,0,0.48125,0.0,CHECK
preflop,3,5.89,6.35,20.12,0,0.2625,0.518791,FOLD
turn,1,73.93,11.46,56.64,0,1.0,0.134208,RAISE
river,3,29.81,20.79,74.86,0,0.0,0.41087,FOLD
flop,1,51.76,25.0,41.4,0,0.28125,0.32569,FOLD
turn,3,54.66,31.15,145.36,0,0.09375,0.363011,FOLD
river,2,67.35,26.73,51.7,0,0.38125,0.28412,CALL
river,1,48.81,0.0,94.16,0,0.2875,0.0,CHECK
preflop,3,23.82,14.42,34.89,0,0.28125,0.377092,FOLD
preflop,1,20.91,0.0,42.15,0,0.28125,0.0,CHECK
preflop,4,65.36,0.0,109.71,0,0.125,0.0,CHECK
river,2,27.23,15.95,39.8,0,0.0125,0.369384,FOLD
river,3,51.88,22.11,103.53,0,0.04375,0.298824,FOLD
flop,4,75.72,10.45,23.23,0,0.43125,0.121272,CALL
river,4,66.91,0.0,147.22,0,0.0,0.0,CHECK
turn,4,36.85,17.41,38.44,0,0.0625,0.320863,FOLD
turn,3,46.94,0.0,132.96,0,0.55625,0.0,CHECK
turn,1,34.43,0.0,77.49,0,0.7,0.0,BET
preflop,4,19.75,22.49,143.79,0,0.28125,0.532434,FOLD
turn,2,71.83,24.9,104.1,0,0.725,0.257418,RAISE
river,4,35.94,27.16,66.67,0,0.00625,0.430428,FOLD
river,3,25.21,0.0,112.43,0,0.25,0.0,CHECK
flop,2,43.92,23.97,104.31,0,0.15625,0.353071,FOLD
flop,4,49.23,0.0,71.41,0,0.03125,0.0,CHECK
river,3,63.42,6.57,75.15,0,0.55625,0.093871,CALL
preflop,1,61.71,6.75,143.77,0,0.44375,0.098598,CALL
preflop,3,14.58,2.31,36.15,0,0.29375,0.136767,CALL
river,1,40.97,0.0,84.19,0,0.63125,0.0,BET
flop,2,27.17,2.64,116.08,0,0.20625,0.088561,CALL
river,1,37.95,31.28,62.72,0,0.39375,0.451827,FOLD
river,3,14.11,1.01,110.11,0,0.0,0.066799,FOLD
turn,3,50.09,0.0,95.13,0,0.06875,0.0,CHECK
preflop,2,64.86,19.09,49.91,0,0.30625,0.227397,CALL
turn,4,33.58,0.0,79.53,0,0.0125,0.0,CHECK
flop,3,2.0,0.0,90.57,0,0.59375,0.0,CHECK
river,1,25.45,0.0,36.91,0,0.49375,0.0,CHECK
flop,4,5.8,0.0,62.58,0,0.35,0.0,CHECK
preflop,4,65.47,0.0,84.45,0,0.2,0.0,CHECK
turn,3,59.6,13.35,66.42,0,0.225,0.183002,CALL
flop,2,60.41,0.0,140.79,0,0.375,0.0,CHECK
river,1,26.61,21.89,101.01,0,0.39375,0.45134,FOLD
flop,4,39.37,0.0,31.72,0,0.36875,0.0,CHECK
turn,3,43.53,3.66,135.9,0,0.325,0.077559,CALL
preflop,1,37.08,23.67,32.98,0,0.55,0.38963,CALL
river,4,66.29,5.74,30.88,0,0.1375,0.079689,CALL
turn,1,13.29,0.0,58.38,0,0.875,0.0,BET
preflop,3,50.91,0.0,124.68,0,0.15625,0.0,CHECK
river,1,22.25,19.65,144.41,0,0.5625,0.468974,CALL
turn,3,35.31,24.01,128.13,0,0.1625,0.404754,FOLD
river,1,63.61,15.14,63.5,0,0.9375,0.192254,RAISE
river,4,53.08,0.0,30.77,0,0.775,0.0,BET
preflop,3,33.88,32.43,39.96,0,0.375,0.489067,FOLD
turn,3,25.32,18.55,41.48,0,0.16875,0.42284,FOLD
preflop,3,69.48,0.0,66.79,0,0.3,0.0,CHECK
river,1,67.05,20.58,145.84,0,0.525,0.234851,CALL
river,4,4.89,1.53,127.2,0,0.0,0.238318,FOLD
preflop,1,37.45,0.0,89.98,0,0.5375,0.0,CHECK
preflop,4,20.51,20.03,142.98,0,0.475,0.49408,CALL
flop,1,18.68,4.61,145.63,0,0.53125,0.197939,CALL
flop,4,5.6,6.67,105.98,0,0.08125,0.543602,FOLD
river,1,77.29,26.4,103.87,0,0.19375,0.254605,FOLD
turn,2,62.27,0.0,50.0,0,0.1125,0.0,CHECK
turn,2,4.55,0.0,78.75,0,0.33125,0.0,CHECK
turn,3,47.25,0.0,127.73,0,0.9625,0.0,BET
turn,4,13.69,7.76,41.63,0,0.00625,0.361772,FOLD
flop,4,7.44,0.97,76.91,0,0.35,0.115339,CALL
turn,3,20.91,1.69,122.11,0,0.54375,0.074779,CALL
turn,1,50.47,11.75,72.17,0,0.725,0.188846,RAISE
flop,2,58.99,0.63,114.01,0,0.36875,0.010567,CALL
turn,4,5.82,0.0,53.75,0,0.19375,0.0,CHECK
flop,2,48.28,0.0,89.62,0,0.1875,0.0,CHECK
turn,2,51.56,0.0,134.83,0,0.7375,0.0,BET
river,2,73.98,0.0,121.65,0,0.7875,0.0,BET
preflop,4,73.1,16.94,141.45,0,0.10625,0.188139,FOLD
flop,4,36.54,0.0,132.2,0,0.18125,0.0,CHECK
flop,2,57.74,2.4,49.92,0,0.55,0.039907,CALL
turn,1,29.25,25.66,60.31,0,0.4125,0.46731,FOLD
preflop,3,54.08,0.0,77.9,0,0.14375,0.0,CHECK
turn,3,79.47,19.0,40.84,0,0.45625,0.192952,CALL
flop,1,75.62,0.0,86.96,0,0.8625,0.0,BET
river,1,48.17,0.0,74.04,0,1.0,0.0,BET
turn,1,24.7,0.0,99.96,0,0.1875,0.0,CHECK
preflop,3,9.98,7.72,120.39,0,0.1375,0.436158,FOLD
preflop,4,7.99,0.0,49.43,0,0.2375,0.0,CHECK
preflop,3,9.27,5.98,34.41,0,0.2875,0.392131,FOLD
preflop,3,63.66,9.74,48.92,0,0.3125,0.132698,CALL
turn,3,19.62,0.0,141.03,0,0.1375,0.0,CHECK
preflop,4,10.32,5.53,26.77,0,0.15,0.348896,FOLD
turn,4,20.36,5.68,93.83,0,0.1375,0.218126,FOLD
river,1,32.67,19.73,44.44,0,0.5,0.376527,CALL
turn,1,34.39,16.36,93.04,0,0.1625,0.322365,FOLD
preflop,3,11.48,0.0,102.95,0,0.3625,0.0,CHECK
preflop,3,16.43,15.14,53.56,0,0.35,0.479569,FOLD
turn,2,11.07,0.0,114.18,0,0.05625,0.0,CHECK
river,4,76.71,15.37,33.44,0,0.03125,0.16692,FOLD
turn,4,67.91,5.25,81.09,0,0.04375,0.071761,FOLD
river,3,55.26,22.57,45.67,0,0.05625,0.289991,FOLD
turn,2,47.25,0.0,110.13,0,0.325,0.0,CHECK
preflop,1,62.18,0.0,138.9,0,0.51875,0.0,CHECK
turn,3,45.96,0.0,77.84,0,0.0875,0.0,CHECK
preflop,3,32.45,0.0,35.19,0,0.2375,0.0,CHECK
river,1,37.25,29.08,116.7,0,0.5625,0.438414,CALL
river,1,79.69,3.88,109.27,0,0.54375,0.046428,CALL
river,2,22.47,5.49,145.92,0,0.175,0.196352,FOLD
turn,1,72.68,0.0,39.43,0,0.575,0.0,CHECK
flop,4,46.11,34.42,128.57,0,0.23125,0.427418,FOLD
preflop,2,10.77,3.29,82.45,0,0.35,0.233997,CALL
flop,4,65.84,22.81,135.2,0,0.55625,0.257304,CALL
river,4,22.06,0.0,20.17,0,0.475,0.0,CHECK
river,4,2.09,1.95,72.05,0,0.025,0.482673,FOLD
turn,2,4.56,0.0,107.7,0,0.475,0.0,CHECK
turn,4,75.12,26.97,132.89,0,0.1,0.264179,FOLD
river,3,31.16,0.0,38.9,0,0.15,0.0,CHECK
preflop,4,73.87,4.02,99.27,0,0.46875,0.051611,CALL
turn,4,61.16,8.63,20.56,0,0.59375,0.123657,CALL
flop,1,69.58,4.02,24.57,0,0.45625,0.05462,CALL
river,3,57.27,0.0,87.98,0,0.0,0.0,CHECK
flop,4,78.45,0.0,77.53,0,0.675,0.0,BET
river,2,28.49,0.0,95.92,0,0.74375,0.0,BET
preflop,3,31.65,0.0,145.31,0,0.21875,0.0,CHECK
turn,1,56.12,0.0,142.89,0,0.1875,0.0,CHECK
preflop,3,49.71,0.0,67.82,0,0.2,0.0,CHECK
turn,3,13.62,1.14,124.89,0,0.1375,0.077236,CALL
river,3,74.16,32.0,31.51,0,0.9375,0.301432,RAISE
flop,2,50.21,2.25,90.85,0,0.175,0.04289,CALL
preflop,3,65.42,0.0,51.09,0,0.20625,0.0,CHECK
flop,4,33.12,0.97,97.2,0,0.125,0.028454,CALL
river,2,13.09,5.44,90.43,0,0.0,0.293578,FOLD
turn,2,40.31,0.0,25.02,0,0.8875,0.0,BET
preflop,3,28.65,9.63,146.28,0,0.1875,0.251567,FOLD
flop,3,53.33,33.01,62.23,0,0.24375,0.382326,FOLD
preflop,3,12.78,0.0,116.44,0,0.16875,0.0,CHECK
turn,2,5.19,0.0,149.88,0,0.7375,0.0,BET
turn,4,58.76,0.0,148.55,0,0.00625,0.0,CHECK
preflop,1,44.95,0.0,41.58,0,0.4125,0.0,CHECK
preflop,4,64.44,24.87,94.18,0,0.23125,0.278468,FOLD
flop,2,6.76,0.0,43.34,0,0.14375,0.0,CHECK
preflop,4,35.89,0.0,53.52,0,0.2875,0.0,CHECK
turn,2,30.08,19.39,139.85,0,0.06875,0.391955,FOLD
river,2,51.58,8.12,79.39,0,0.3875,0.136013,CALL
flop,1,20.03,0.0,60.35,0,0.275,0.0,CHECK
river,3,59.39,16.41,113.58,0,0.525,0.216491,CALL
flop,4,24.83,21.22,106.04,0,0.1,0.460803,FOLD
preflop,3,50.28,14.13,117.1,0,0.28125,0.219376,CALL
flop,4,22.25,0.0,75.94,0,0.08125,0.0,CHECK
preflop,1,79.34,2.87,131.22,0,0.35,0.034911,CALL
river,1,48.81,0.0,145.17,0,0.8875,0.0,BET
flop,4,5.75,3.97,136.9,0,0.65,0.408436,RAISE
flop,4,63.31,32.98,135.69,0,0.1375,0.342507,FOLD
turn,3,8.1,0.0,100.43,0,0.16875,0.0,CHECK
turn,4,2.61,0.0,97.58,0,0.0875,0.0,CHECK
turn,1,37.3,0.0,144.25,0,0.20625,0.0,CHECK
turn,4,70.32,26.79,39.65,0,0.10625,0.275873,FOLD
preflop,3,60.33,0.0,61.85,0,0.24375,0.0,CHECK
preflop,4,45.32,4.04,121.03,0,0.19375,0.081848,CALL
river,1,60.21,10.94,58.28,0,0.975,0.15376,RAISE
turn,2,55.49,25.75,134.19,0,0.9625,0.316962,RAISE
flop,3,58.31,0.0,96.21,0,0.13125,0.0,CHECK
flop,3,47.19,25.96,126.63,0,0.2625,0.354887,FOLD
turn,4,68.26,0.0,132.57,0,0.06875,0.0,CHECK
preflop,4,11.22,10.37,79.55,0,0.44375,0.480315,FOLD
turn,2,75.46,34.53,82.25,0,0.28125,0.313938,FOLD
turn,1,45.61,0.0,128.13,0,0.86875,0.0,BET
river,2,15.78,5.25,23.81,0,0.4,0.249643,CALL
preflop,1,55.2,4.47,58.87,0,0.36875,0.074912,CALL
turn,2,70.88,0.0,32.33,0,0.71875,0.0,BET
preflop,4,18.62,7.68,57.02,0,0.3,0.292015,CALL
turn,1,59.97,0.0,128.34,0,0.31875,0.0,CHECK
flop,4,74.8,0.0,138.11,0,0.16875,0.0,CHECK
preflop,4,62.37,23.32,30.3,0,0.0875,0.272144,FOLD
preflop,2,36.84,10.85,119.79,0,0.5375,0.227511,CALL
river,3,72.33,27.29,76.02,0,0.3875,0.273941,CALL
preflop,1,4.34,0.0,113.28,0,0.4875,0.0,CHECK
flop,4,24.23,0.0,112.06,0,0.15625,0.0,CHECK
flop,3,23.44,0.0,80.2,0,0.29375,0.0,CHECK
flop,3,61.72,13.97,106.8,0,0.24375,0.184569,CALL
preflop,4,53.68,23.48,122.8,0,0.1875,0.304303,FOLD
river,1,51.26,0.0,146.23,0,0.65,0.0,BET
preflop,3,29.27,23.07,128.35,0,0.175,0.440772,FOLD
river,2,77.38,0.0,56.84,0,0.7875,0.0,BET
flop,1,26.9,25.05,146.29,0,0.54375,0.482194,CALL
preflop,1,27.19,0.0,85.58,0,0.50625,0.0,CHECK
preflop,2,73.79,20.01,81.19,0,0.36875,0.213326,CALL
turn,2,74.65,0.0,22.79,0,0.24375,0.0,CHECK
river,2,43.14,0.0,129.72,0,0.08125,0.0,CHECK
river,1,40.69,0.0,80.71,0,0.60625,0.0,CHECK
river,2,18.44,0.0,24.88,0,0.0125,0.0,CHECK
flop,2,8.45,5.42,63.63,0,0.29375,0.390771,FOLD
flop,4,52.2,6.93,99.54,0,0.29375,0.117199,CALL
flop,3,36.97,7.75,59.87,0,0.1875,0.173301,CALL
preflop,1,58.22,0.0,26.59,0,0.8125,0.0,BET
preflop,3,45.05,0.0,99.64,0,0.3125,0.0,CHECK
river,3,36.0,18.22,87.67,0,0.43125,0.336038,CALL
turn,4,15.58,0.0,128.37,0,0.1,0.0,CHECK
flop,4,64.74,0.0,55.95,0,0.5625,0.0,CHECK
turn,2,7.52,0.0,75.43,0,0.10625,0.0,CHECK
flop,2,65.74,24.93,116.52,0,0.5375,0.274953,CALL
turn,2,42.24,0.0,135.29,0,0.225,0.0,CHECK
flop,1,12.06,4.76,111.83,0,0.41875,0.282996,CALL
preflop,2,28.23,0.0,116.88,0,0.36875,0.0,CHECK
turn,3,28.64,31.98,125.1,0,0.64375,0.527549,CALL
river,1,12.94,0.0,80.87,0,0.25,0.0,CHECK
turn,3,54.16,1.04,142.67,0,0.075,0.018841,CALL
preflop,1,60.87,2.47,123.75,0,0.3875,0.038996,CALL
preflop,2,29.62,0.0,108.74,0,0.275,0.0,CHECK
preflop,3,62.45,0.0,128.23,0,0.15625,0.0,CHECK
turn,3,4.19,1.93,133.47,0,0.19375,0.315359,FOLD
preflop,3,72.45,23.04,69.38,0,0.2,0.241282,FOLD
preflop,4,45.43,0.0,109.14,0,0.2,0.0,CHECK
river,3,78.32,0.0,139.99,0,0.025,0.0,CHECK
turn,1,66.34,0.0,25.34,0,0.8125,0.0,BET
river,2,71.35,0.0,31.13,0,1.0,0.0,BET
turn,2,15.05,0.0,141.67,0,0.2625,0.0,CHECK
preflop,4,76.52,0.0,138.47,0,0.05625,0.0,CHECK
flop,4,50.74,16.03,99.45,0,0.10625,0.240078,FOLD
flop,4,71.5,34.62,40.06,0,0.19375,0.326234,FOLD
preflop,4,69.53,28.66,23.59,0,0.2125,0.291883,FOLD
preflop,3,7.23,0.0,85.77,0,0.3125,0.0,CHECK
preflop,3,34.58,8.46,30.99,0,0.31875,0.196561,CALL
river,3,25.33,0.0,41.66,0,0.0125,0.0,CHECK
preflop,3,41.14,0.0,88.0,0,0.1625,0.0,CHECK
turn,3,75.67,0.0,25.97,0,0.40625,0.0,CHECK
preflop,1,62.52,22.47,94.38,0,0.24375,0.264384,FOLD
turn,3,16.79,1.47,56.4,0,0.09375,0.080504,CALL
flop,3,45.48,0.0,80.86,0,0.44375,0.0,CHECK
flop,1,55.72,0.0,148.23,0,0.975,0.0,BET
flop,4,41.67,18.0,134.73,0,0.08125,0.301659,FOLD
turn,3,75.19,12.03,117.31,0,0.2375,0.137927,CALL
turn,3,67.46,0.0,103.35,0,0.2625,0.0,CHECK
river,2,49.07,16.64,141.4,0,0.2,0.253234,FOLD
river,4,21.11,18.33,134.66,0,0.275,0.464757,FOLD
flop,3,34.53,0.0,106.74,0,0.1625,0.0,CHECK
preflop,1,74.4,0.0,127.38,0,0.6375,0.0,BET
preflop,2,22.06,0.0,132.3,0,0.18125,0.0,CHECK
preflop,2,12.83,5.72,112.48,0,0.35625,0.308356,CALL
flop,1,49.95,0.0,82.83,0,0.79375,0.0,BET
flop,3,27.56,3.24,137.36,0,0.8375,0.105195,RAISE
flop,4,23.18,0.0,125.56,0,0.175,0.0,CHECK
river,3,7.86,8.27,80.67,0,0.0875,0.512709,FOLD
flop,1,71.75,20.35,72.11,0,0.44375,0.220955,CALL
flop,1,31.2,9.31,109.57,0,0.225,0.22982,CALL
flop,3,7.82,1.59,138.28,0,0.34375,0.168969,CALL
river,1,4.01,1.11,72.59,0,0.64375,0.216797,CALL
flop,3,2.17,0.9,73.99,0,0.1375,0.29316,FOLD
turn,2,67.69,0.0,111.72,0,0.25625,0.0,CHECK
river,3,65.75,0.0,27.24,0,0.0,0.0,CHECK
turn,2,27.09,0.0,63.73,0,0.025,0.0,CHECK
flop,1,13.09,10.61,64.12,0,0.85,0.447679,RAISE
river,1,7.38,4.89,44.55,0,0.8625,0.398533,RAISE
flop,4,39.87,32.65,84.83,0,0.03125,0.450221,FOLD
river,3,60.24,0.0,22.97,0,0.78125,0.0,BET
turn,1,14.54,9.6,88.99,0,0.9125,0.39768,RAISE
preflop,1,11.74,5.61,142.06,0,0.31875,0.323343,CALL
river,1,76.84,15.09,134.99,0,0.75,0.164147,RAISE
preflop,1,76.01,15.32,93.78,0,0.4125,0.167743,CALL
river,2,38.4,1.09,88.14,0,0.3625,0.027602,CALL
flop,3,67.45,0.0,92.38,0,0.34375,0.0,CHECK
preflop,2,78.22,2.2,42.49,0,0.21875,0.027356,CALL
preflop,2,64.35,17.93,86.0,0,0.2875,0.217914,CALL
preflop,4,28.77,0.0,121.0,0,0.29375,0.0,CHECK
preflop,4,78.32,0.0,142.75,0,0.125,0.0,CHECK
river,1,6.53,0.0,47.6,0,0.8375,0.0,BET
flop,1,45.25,0.0,47.39,0,0.775,0.0,BET
turn,4,4.83,4.9,129.4,0,0.16875,0.503597,FOLD
turn,1,65.39,2.45,76.9,0,0.35,0.036114,CALL
river,4,23.98,13.98,53.64,0,0.0875,0.368282,FOLD
preflop,2,79.41,8.21,76.41,0,0.2375,0.0937,CALL
flop,4,76.77,0.0,74.34,0,0.21875,0.0,CHECK
flop,1,22.38,0.0,135.77,0,0.425,0.0,CHECK
river,2,3.58,0.0,67.0,0,0.775,0.0,BET
flop,1,57.64,13.89,50.53,0,0.24375,0.194184,CALL
river,2,72.32,0.0,145.37,0,0.4375,0.0,CHECK
river,2,62.54,3.28,79.16,0,0.2,0.049833,CALL
turn,2,30.5,6.31,52.58,0,0.04375,0.171421,FOLD
flop,2,38.4,0.0,27.72,0,0.58125,0.0,CHECK
river,1,17.05,4.71,103.12,0,0.7625,0.216452,RAISE
flop,2,60.96,0.0,47.2,0,0.2125,0.0,CHECK
flop,4,20.18,0.0,121.37,0,0.0375,0.0,CHECK
flop,4,79.74,14.98,141.3,0,0.0,0.15815,FOLD
flop,4,66.08,0.0,100.89,0,0.05625,0.0,CHECK
turn,4,33.81,11.6,55.86,0,0.13125,0.25545,FOLD
river,4,62.56,0.0,34.36,0,0.04375,0.0,CHECK
river,3,31.95,31.25,40.48,0,0.7125,0.494462,RAISE
flop,1,38.38,13.12,135.63,0,0.63125,0.254757,CALL
preflop,3,45.78,30.66,52.05,0,0.24375,0.401099,FOLD
preflop,2,65.37,0.0,107.77,0,0.48125,0.0,CHECK
river,3,3.25,0.0,112.61,0,0.5625,0.0,CHECK
turn,3,48.71,13.91,132.06,0,0.28125,0.222134,CALL
preflop,3,71.68,19.56,83.6,0,0.44375,0.21438,CALL
preflop,2,76.25,0.0,41.22,0,0.375,0.0,CHECK
river,1,59.95,0.0,50.98,0,0.5,0.0,CHECK
river,2,12.45,0.0,135.06,0,0.08125,0.0,CHECK
river,4,60.72,0.0,69.83,0,0.53125,0.0,CHECK
flop,4,40.02,0.0,72.13,0,0.09375,0.0,CHECK
river,3,42.16,6.83,40.36,0,0.0,0.139416,FOLD
river,2,53.92,0.0,112.15,0,0.25,0.0,CHECK
river,2,70.92,0.0,77.91,0,0.45,0.0,CHECK
river,2,79.91,0.0,71.2,0,0.075,0.0,CHECK
flop,3,24.81,29.01,142.3,0,0.16875,0.539019,FOLD
preflop,3,45.52,0.0,48.61,0,0.2625,0.0,CHECK
turn,1,79.9,25.55,26.41,0,0.25,0.242295,CALL
preflop,4,47.02,5.89,132.49,0,0.25625,0.111321,CALL
flop,4,60.61,25.36,70.55,0,0.5,0.294987,CALL
flop,4,72.39,0.0,131.44,0,0.26875,0.0,CHECK
river,2,17.77,4.56,112.78,0,0.225,0.20421,CALL
turn,1,36.61,0.0,71.96,0,0.575,0.0,CHECK
preflop,3,57.52,24.33,124.83,0,0.2625,0.297251,FOLD
flop,2,38.9,0.59,135.23,0,0.14375,0.01494,CALL
preflop,1,4.01,1.88,62.29,0,0.55,0.319185,CALL
flop,1,5.28,2.32,91.76,0,0.41875,0.305263,CALL
flop,4,56.78,1.72,25.28,0,0.06875,0.029402,CALL
turn,1,31.72,0.0,140.57,0,0.425,0.0,CHECK
flop,1,71.94,0.0,130.26,0,0.3,0.0,CHECK
preflop,3,36.05,31.33,20.44,0,0.325,0.464975,FOLD
river,4,7.6,0.0,46.72,0,0.71875,0.0,BET
flop,2,79.08,26.38,72.43,0,0.2375,0.250142,CALL
turn,4,12.54,0.0,35.5,0,0.1375,0.0,CHECK
turn,2,28.31,4.7,27.84,0,0.775,0.142381,RAISE
preflop,2,4.04,0.0,129.92,0,0.35625,0.0,CHECK
flop,4,63.42,0.0,54.87,0,0.0375,0.0,CHECK
preflop,4,47.29,0.0,35.02,0,0.2875,0.0,CHECK
turn,3,4.25,0.0,136.48,0,0.05625,0.0,CHECK
preflop,3,38.72,7.11,36.71,0,0.125,0.155139,FOLD
river,4,33.38,0.0,137.61,0,0.0,0.0,CHECK
preflop,3,68.75,25.44,112.25,0,0.34375,0.270092,CALL
flop,1,67.95,15.15,62.22,0,0.94375,0.18231,RAISE
preflop,4,25.9,7.78,111.28,0,0.13125,0.230998,FOLD
river,4,58.93,0.0,85.69,0,0.0,0.0,CHECK
flop,4,11.62,0.0,79.86,0,0.2625,0.0,CHECK
turn,4,49.41,21.44,71.4,0,0.21875,0.302611,FOLD
river,4,6.62,6.19,94.82,0,0.23125,0.483216,FOLD
preflop,1,9.47,5.34,107.25,0,0.4875,0.360567,CALL
turn,4,62.07,0.0,134.95,0,0.175,0.0,CHECK
flop,3,78.83,0.0,36.85,0,0.525,0.0,CHECK
flop,4,44.09,32.73,54.2,0,0.05,0.426061,FOLD
river,1,46.53,27.53,55.33,0,1.0,0.371726,RAISE
turn,4,29.53,13.36,92.39,0,0.23125,0.311495,FOLD
turn,3,55.29,0.0,106.36,0,0.14375,0.0,CHECK
flop,1,27.09,0.0,39.24,0,0.25625,0.0,CHECK
preflop,4,5.62,0.0,56.07,0,0.23125,0.0,CHECK
river,2,38.69,5.01,101.25,0,0.9375,0.114645,RAISE
river,1,34.77,0.0,149.35,0,0.8875,0.0,BET
preflop,2,61.12,0.0,56.58,0,0.3625,0.0,CHECK
preflop,4,29.87,26.23,149.67,0,0.26875,0.467558,FOLD
turn,2,68.69,15.76,85.84,0,0.1,0.186619,FOLD
turn,3,50.39,0.0,66.49,0,0.15625,0.0,CHECK
preflop,1,53.52,20.02,73.79,0,0.3875,0.272233,CALL
flop,3,64.14,17.56,83.02,0,0.0875,0.214933,FOLD
river,1,45.42,0.0,115.94,0,0.4125,0.0,CHECK
turn,4,52.96,0.0,89.53,0,0.86875,0.0,BET
flop,4,35.37,0.0,32.0,0,0.15,0.0,CHECK
flop,1,43.51,0.0,116.59,0,0.18125,0.0,CHECK
preflop,3,30.05,34.8,138.78,0,0.225,0.536623,FOLD
turn,3,24.05,28.22,102.61,0,0.1,0.539889,FOLD
flop,2,16.34,0.0,38.2,0,0.75,0.0,BET
turn,4,33.76,27.57,69.75,0,0.54375,0.449535,CALL
turn,1,53.31,33.92,110.09,0,0.8,0.388857,RAISE
turn,4,74.45,0.0,59.42,0,0.0,0.0,CHECK
river,4,67.48,0.0,88.56,0,0.375,0.0,CHECK
preflop,3,72.85,19.51,25.79,0,0.2375,0.211239,CALL
flop,1,28.02,16.62,143.56,0,0.525,0.372312,CALL
flop,4,77.7,0.0,97.99,0,0.175,0.0,CHECK
turn,2,14.1,4.65,104.39,0,0.4875,0.248,CALL
flop,4,32.59,20.95,62.0,0,0.26875,0.391296,FOLD
turn,1,51.87,0.0,143.56,0,0.51875,0.0,CHECK
turn,2,61.49,0.0,132.09,0,0.48125,0.0,CHECK
turn,3,24.74,0.0,86.02,0,0.26875,0.0,CHECK
flop,4,68.56,0.0,142.2,0,0.825,0.0,BET
turn,1,51.8,13.78,48.25,0,0.1625,0.210125,FOLD
river,4,77.9,5.8,41.53,0,0.54375,0.069295,CALL
preflop,4,26.0,17.79,135.41,0,0.2375,0.406257,FOLD
river,4,49.0,11.21,104.63,0,0.34375,0.186182,CALL
turn,1,39.2,9.95,127.73,0,0.55625,0.202442,CALL
river,2,20.82,0.0,121.84,0,0.8375,0.0,BET
flop,3,11.24,11.41,103.17,0,0.2125,0.503753,FOLD
river,2,75.23,0.0,133.45,0,0.2375,0.0,CHECK
river,2,11.22,8.42,67.4,0,0.91875,0.428717,RAISE
preflop,4,9.49,5.58,39.77,0,0.175,0.370272,FOLD
flop,2,16.13,0.0,97.88,0,0.60625,0.0,CHECK
preflop,3,64.87,0.0,137.74,0,0.4,0.0,CHECK
river,3,5.25,3.64,87.52,0,0.025,0.409449,FOLD
turn,3,61.06,19.3,110.56,0,0.0125,0.240169,FOLD
flop,3,64.4,0.0,93.55,0,0.25625,0.0,CHECK
preflop,2,26.65,0.0,95.57,0,0.39375,0.0,CHECK
preflop,4,68.59,0.0,92.68,0,0.23125,0.0,CHECK
preflop,1,40.17,0.0,122.25,0,0.4375,0.0,CHECK
turn,1,18.8,0.0,24.16,0,0.7125,0.0,BET
preflop,4,21.05,9.49,29.7,0,0.125,0.31074,FOLD
preflop,1,9.22,0.0,87.54,0,0.73125,0.0,BET
turn,4,9.34,0.0,40.73,0,0.03125,0.0,CHECK
turn,4,58.07,0.0,81.16,0,0.0,0.0,CHECK
river,4,34.86,19.34,137.97,0,0.0,0.356827,FOLD
turn,3,31.83,0.0,26.21,0,0.0875,0.0,CHECK
turn,2,65.13,30.92,130.53,0,0.33125,0.321916,CALL
flop,4,38.72,11.03,35.14,0,0.0375,0.221709,FOLD
turn,4,65.23,22.61,117.31,0,0.19375,0.2574,FOLD
turn,2,59.17,0.0,56.47,0,0.225,0.0,CHECK
turn,2,45.35,15.41,80.75,0,0.05625,0.253621,FOLD
river,2,71.27,0.0,83.36,0,0.08125,0.0,CHECK
preflop,4,39.5,0.0,89.04,0,0.2,0.0,CHECK
river,1,54.98,0.0,83.86,0,0.85625,0.0,BET
turn,4,24.76,17.84,52.63,0,0.075,0.418779,FOLD
river,4,51.95,0.0,148.19,0,0.0,0.0,CHECK
flop,1,20.32,1.27,107.91,0,0.68125,0.058824,RAISE
turn,3,24.77,0.0,98.11,0,0.36875,0.0,CHECK
preflop,3,51.88,0.0,147.55,0,0.19375,0.0,CHECK
river,2,36.48,0.0,108.53,0,0.025,0.0,CHECK
preflop,4,46.57,8.63,70.52,0,0.18125,0.156341,CALL
turn,3,37.89,19.46,56.04,0,0.70625,0.33932,RAISE
river,2,33.69,25.85,130.61,0,0.59375,0.434162,CALL
preflop,1,68.13,30.31,100.05,0,0.5875,0.307903,CALL
flop,2,19.64,10.56,129.39,0,0.59375,0.349669,CALL
flop,4,22.3,2.5,98.26,0,0.24375,0.100806,CALL
flop,3,34.58,0.0,37.05,0,0.125,0.0,CHECK
preflop,2,47.38,8.78,55.3,0,0.3375,0.156339,CALL
flop,4,42.44,0.0,131.01,0,0.025,0.0,CHECK
river,1,51.36,32.23,52.68,0,0.9125,0.385572,RAISE
flop,4,28.65,0.0,148.52,0,0.35,0.0,CHECK
flop,3,38.99,0.0,26.27,0,0.13125,0.0,CHECK
preflop,4,51.02,11.55,96.58,0,0.10625,0.184593,FOLD
river,4,18.44,0.0,30.49,0,0.875,0.0,BET
flop,4,72.22,31.99,36.73,0,0.05,0.306976,FOLD
flop,4,4.65,5.45,104.61,0,0.25,0.539604,FOLD
preflop,4,6.18,6.78,23.47,0,0.26875,0.523148,FOLD
preflop,4,3.89,3.16,95.88,0,0.20625,0.448227,FOLD
preflop,3,75.33,0.0,97.05,0,0.16875,0.0,CHECK
river,2,51.7,4.9,53.3,0,0.78125,0.086572,RAISE
turn,4,56.39,13.79,85.25,0,0.8625,0.196495,RAISE
flop,3,34.74,2.01,21.74,0,0.33125,0.054694,CALL
turn,1,36.74,23.92,36.5,0,0.575,0.394329,CALL
flop,1,29.31,19.65,67.54,0,0.25,0.401348,FOLD
flop,3,59.33,34.31,84.12,0,0.06875,0.366403,FOLD
preflop,1,12.56,2.19,110.04,0,0.55,0.148475,CALL
river,1,26.65,15.51,64.75,0,0.725,0.367884,RAISE
flop,4,50.49,0.0,96.05,0,0.1,0.0,CHECK
turn,1,42.54,25.13,69.07,0,0.2125,0.371361,FOLD
turn,2,58.6,15.92,93.37,0,0.1375,0.213634,FOLD
preflop,2,15.76,0.0,87.12,0,0.35625,0.0,CHECK
turn,4,23.66,18.3,97.01,0,0.34375,0.43613,FOLD
river,1,22.77,24.98,37.58,0,0.78125,0.523141,RAISE
flop,1,47.08,0.0,59.52,0,0.39375,0.0,CHECK
turn,1,78.12,0.0,71.73,0,0.8375,0.0,BET
flop,4,11.09,13.27,43.89,0,0.125,0.544745,FOLD
turn,4,17.25,4.18,59.09,0,0.175,0.195054,FOLD
flop,3,4.7,0.0,40.31,0,0.15625,0.0,CHECK
flop,3,38.38,12.58,116.61,0,0.1,0.24686,FOLD
turn,1,21.37,0.0,54.66,0,0.40625,0.0,CHECK
turn,4,6.82,0.0,101.39,0,0.0,0.0,CHECK
turn,2,3.27,1.49,135.46,0,0.36875,0.313025,CALL
flop,2,44.11,0.0,145.4,0,0.74375,0.0,BET
preflop,1,59.7,0.0,97.09,0,0.48125,0.0,CHECK
flop,4,22.33,0.0,51.57,0,0.0875,0.0,CHECK
river,1,45.83,27.81,70.09,0,0.25625,0.377648,FOLD
flop,3,29.63,1.41,24.8,0,0.38125,0.045425,CALL
preflop,2,12.45,7.0,56.28,0,0.40625,0.359897,CALL
preflop,4,24.19,4.4,20.14,0,0.06875,0.1539,FOLD
flop,3,60.1,31.1,113.28,0,0.6,0.341009,CALL
flop,4,8.57,3.47,49.1,0,0.4625,0.288206,CALL
river,4,5.45,0.0,142.91,0,0.0,0.0,CHECK
turn,2,55.61,8.19,29.97,0,0.2625,0.12837,CALL
preflop,1,66.02,29.0,27.74,0,0.575,0.305199,CALL
river,4,55.13,16.86,27.82,0,0.0,0.234199,FOLD
preflop,2,43.47,14.93,66.29,0,0.3125,0.255651,CALL
turn,4,6.87,4.46,63.05,0,0.0375,0.393645,FOLD
river,4,17.1,11.25,64.38,0,0.0125,0.396825,FOLD
preflop,4,33.58,32.53,75.07,0,0.14375,0.492059,FOLD
river,1,36.68,33.89,78.62,0,0.7625,0.480232,RAISE
river,1,30.11,25.53,68.06,0,0.5875,0.458843,CALL
flop,2,22.78,0.0,47.62,0,0.2875,0.0,CHECK
preflop,3,69.87,3.23,111.1,0,0.15625,0.044186,CALL
preflop,1,10.38,0.0,136.2,0,0.575,0.0,CHECK
river,2,57.96,0.0,63.29,0,0.3125,0.0,CHECK
turn,1,16.95,0.0,78.79,0,0.8625,0.0,BET
preflop,3,41.49,0.0,133.71,0,0.31875,0.0,CHECK
turn,1,12.27,0.0,122.43,0,0.24375,0.0,CHECK
turn,1,49.95,25.66,55.14,0,0.5,0.339373,CALL
preflop,2,12.0,0.0,54.38,0,0.2,0.0,CHECK
river,4,25.58,0.0,30.87,0,0.0375,0.0,CHECK
river,4,41.47,15.78,138.4,0,0.08125,0.275633,FOLD
river,2,20.71,0.0,45.64,0,0.60625,0.0,CHECK
turn,3,75.1,0.0,127.35,0,0.025,0.0,CHECK
river,4,51.67,0.0,79.84,0,0.16875,0.0,CHECK
river,2,74.0,0.0,138.63,0,0.0875,0.0,CHECK
flop,2,6.62,3.64,65.16,0,0.2375,0.354776,FOLD
river,4,29.58,0.0,55.18,0,0.13125,0.0,CHECK
turn,2,43.31,0.0,145.46,0,0.29375,0.0,CHECK
flop,3,38.94,0.0,26.56,0,0.1875,0.0,CHECK
turn,4,49.21,3.15,83.88,0,0.175,0.06016,CALL
preflop,4,41.88,0.0,102.62,0,0.1875,0.0,CHECK
flop,2,47.15,24.14,148.62,0,0.875,0.338617,RAISE
turn,4,30.03,0.0,70.66,0,0.1125,0.0,CHECK
flop,4,60.02,17.02,146.9,0,0.1,0.220924,FOLD
preflop,3,20.29,18.1,45.62,0,0.4125,0.471477,FOLD
flop,2,15.13,0.0,58.79,0,0.4375,0.0,CHECK
turn,2,74.48,12.46,35.4,0,0.225,0.143317,CALL
river,4,2.32,2.59,68.73,0,0.9375,0.527495,RAISE
preflop,3,32.51,0.0,34.59,0,0.35,0.0,CHECK
turn,1,69.97,27.25,73.21,0,0.4375,0.280292,CALL
turn,4,56.9,11.72,101.62,0,0.11875,0.170796,FOLD
river,1,47.46,0.0,105.23,0,0.9,0.0,BET
turn,1,21.69,13.12,82.41,0,0.29375,0.376903,FOLD
turn,1,76.66,32.12,79.0,0,0.2375,0.295275,FOLD
flop,1,49.25,12.53,138.29,0,0.75625,0.202816,RAISE
flop,2,36.68,11.54,48.13,0,0.2,0.23932,FOLD
preflop,4,27.6,4.87,121.06,0,0.19375,0.149985,CALL
flop,4,24.28,0.0,130.93,0,0.15,0.0,CHECK
turn,4,69.2,2.3,80.31,0,0.20625,0.032168,CALL
river,1,51.87,0.0,63.5,0,0.925,0.0,BET
flop,2,12.41,9.89,61.82,0,0.2375,0.443498,FOLD
preflop,2,8.94,2.17,107.87,0,0.2625,0.19532,CALL
preflop,3,47.86,0.0,146.02,0,0.20625,0.0,CHECK
river,3,46.23,25.38,96.99,0,0.15,0.35442,FOLD
flop,2,59.44,32.87,43.54,0,0.89375,0.356083,RAISE
turn,2,78.98,29.47,116.05,0,0.10625,0.271738,FOLD
flop,2,11.07,11.86,63.25,0,0.15625,0.517226,FOLD
preflop,3,25.8,11.56,60.23,0,0.34375,0.309422,CALL
turn,2,79.65,34.6,20.2,0,0.59375,0.302845,CALL
flop,2,75.9,10.2,148.42,0,0.3875,0.118467,CALL
preflop,2,24.7,0.0,45.48,0,0.30625,0.0,CHECK
preflop,2,79.97,0.0,94.17,0,0.2125,0.0,CHECK
turn,2,47.68,16.88,103.58,0,0.1625,0.261462,FOLD
turn,2,69.37,0.0,40.76,0,0.06875,0.0,CHECK
river,2,24.95,20.87,66.8,0,0.0,0.455478,FOLD
turn,1,43.44,12.17,113.38,0,0.2375,0.218846,CALL
turn,1,28.02,0.0,131.61,0,0.1375,0.0,CHECK
turn,4,23.34,17.6,82.71,0,0.2375,0.429897,FOLD
turn,2,40.25,0.0,26.15,0,0.1125,0.0,CHECK
preflop,1,73.97,26.77,136.11,0,0.3375,0.265734,CALL
river,3,27.49,23.44,140.06,0,0.09375,0.46024,FOLD
preflop,4,23.85,5.2,86.34,0,0.1375,0.179002,FOLD
preflop,1,28.88,0.0,80.53,0,0.44375,0.0,CHECK
flop,2,29.23,0.0,125.18,0,0.1375,0.0,CHECK
river,4,28.35,2.65,46.26,0,0.0125,0.085484,FOLD
turn,2,56.21,0.0,60.22,0,0.15625,0.0,CHECK
preflop,4,64.49,0.0,59.67,0,0.25625,0.0,CHECK
flop,3,75.5,30.19,43.83,0,0.15625,0.285647,FOLD
river,3,76.17,7.94,136.49,0,0.05,0.0944,FOLD
preflop,1,55.36,34.89,91.05,0,0.59375,0.386593,CALL
turn,4,8.13,5.23,108.61,0,0.29375,0.391467,FOLD
turn,4,46.9,1.17,141.74,0,0.64375,0.02434,CALL
river,1,41.46,8.1,129.33,0,0.3125,0.163438,CALL
river,3,46.41,0.0,62.4,0,0.01875,0.0,CHECK
river,4,27.41,0.0,116.84,0,0.875,0.0,BET
turn,2,26.02,0.0,116.75,0,0.44375,0.0,CHECK
flop,3,59.49,16.97,108.94,0,0.25,0.221946,CALL
flop,2,51.81,12.73,22.7,0,0.15625,0.197242,FOLD
flop,1,79.52,27.64,142.45,0,0.30625,0.257932,CALL
flop,1,26.32,1.42,42.8,0,0.34375,0.05119,CALL
river,4,20.4,0.0,55.6,0,0.1125,0.0,CHECK
turn,1,2.11,0.0,77.01,0,0.90625,0.0,BET
flop,4,30.63,25.96,83.85,0,0.175,0.458738,FOLD
turn,2,65.02,0.0,76.99,0,0.0625,0.0,CHECK
flop,1,73.06,0.0,43.47,0,0.7,0.0,BET
flop,4,54.31,0.0,98.23,0,0.0625,0.0,CHECK
preflop,1,33.22,34.03,43.72,0,0.675,0.506022,RAISE
river,2,67.23,11.59,148.88,0,0.6,0.147044,CALL
river,2,61.41,17.68,133.41,0,0.1875,0.223543,FOLD
preflop,4,3.03,2.61,76.6,0,0.1625,0.462766,FOLD
preflop,1,45.65,0.0,33.89,0,0.55,0.0,CHECK
flop,3,50.84,12.94,131.68,0,0.05,0.202885,FOLD
flop,1,12.77,0.0,121.62,0,0.6875,0.0,BET
preflop,3,34.51,0.0,136.85,0,0.1875,0.0,CHECK
river,4,9.23,6.78,52.83,0,0.0,0.423485,FOLD
preflop,4,71.15,8.56,48.33,0,0.46875,0.107389,CALL
preflop,1,18.81,7.43,108.59,0,0.45625,0.283155,CALL
turn,3,2.47,2.58,31.33,0,0.1875,0.510891,FOLD
preflop,4,52.1,10.82,64.83,0,0.2125,0.171964,CALL
turn,3,29.89,23.76,99.91,0,0.0625,0.44287,FOLD
preflop,3,9.53,4.29,99.89,0,0.16875,0.31042,FOLD
turn,2,16.77,0.0,66.8,0,0.49375,0.0,CHECK
flop,2,19.51,16.53,87.06,0,0.10625,0.458657,FOLD
flop,4,9.96,0.0,121.34,0,0.15,0.0,CHECK
preflop,4,44.94,26.92,144.8,0,0.24375,0.374617,FOLD
turn,2,27.72,0.0,148.37,0,0.025,0.0,CHECK
flop,2,17.81,1.22,85.61,0,0.49375,0.064109,CALL
river,4,49.42,30.43,58.92,0,0.2125,0.38109,FOLD
flop,4,72.89,9.29,135.57,0,0.18125,0.113045,CALL
river,3,70.93,19.02,98.71,0,0.34375,0.211451,CALL
preflop,1,27.22,0.0,23.23,0,0.65625,0.0,BET
flop,2,27.64,10.35,41.94,0,0.625,0.27244,CALL
flop,1,70.91,12.02,33.92,0,0.4875,0.144942,CALL
flop,2,19.21,17.98,115.76,0,0.31875,0.483463,FOLD
flop,4,31.84,13.22,42.06,0,0.0625,0.293387,FOLD
flop,3,7.27,8.37,101.44,0,0.2,0.535166,FOLD
river,4,13.02,0.0,96.72,0,0.0,0.0,CHECK
preflop,1,54.59,34.27,145.0,0,0.60625,0.385663,CALL
turn,4,66.16,0.0,82.25,0,0.0,0.0,CHECK
flop,4,32.83,0.0,32.36,0,0.175,0.0,CHECK
flop,1,23.37,0.0,69.63,0,0.68125,0.0,BET
turn,4,11.87,0.0,88.02,0,0.09375,0.0,CHECK
preflop,2,65.78,0.0,110.68,0,0.33125,0.0,CHECK
flop,4,16.23,6.93,64.88,0,0.0375,0.299223,FOLD
preflop,4,74.72,12.39,60.21,0,0.15625,0.142234,CALL
preflop,3,16.45,0.0,139.98,0,0.34375,0.0,CHECK
turn,2,71.2,0.0,95.01,0,0.175,0.0,CHECK
river,2,77.21,0.0,28.17,0,0.19375,0.0,CHECK
turn,3,3.82,3.62,58.72,0,0.14375,0.486559,FOLD
turn,4,39.12,32.78,70.44,0,0.23125,0.455911,FOLD
turn,2,27.45,0.0,80.7,0,0.3625,0.0,CHECK
river,4,18.32,7.6,89.07,0,0.90625,0.29321,RAISE
turn,3,14.03,12.52,66.97,0,0.3,0.471563,FOLD
river,2,34.44,25.56,54.14,0,0.475,0.426,CALL
flop,3,33.63,17.82,89.15,0,0.01875,0.346356,FOLD
river,4,39.14,0.0,27.01,0,0.15625,0.0,CHECK
flop,2,12.81,0.0,138.5,0,0.60625,0.0,CHECK
flop,1,12.18,0.0,124.56,0,0.71875,0.0,BET
river,4,78.12,31.23,112.83,0,0.0,0.285597,FOLD
river,3,35.12,0.0,78.11,0,0.0375,0.0,CHECK
preflop,4,49.46,0.0,119.65,0,0.25,0.0,CHECK
river,2,58.21,0.0,25.77,0,0.825,0.0,BET
turn,4,30.9,16.4,32.81,0,0.5625,0.346723,CALL
preflop,2,33.33,0.0,122.69,0,0.3125,0.0,CHECK
river,3,19.41,0.0,69.06,0,0.025,0.0,CHECK
turn,1,58.08,17.99,65.24,0,0.41875,0.236493,CALL
turn,1,3.4,0.0,117.72,0,0.45,0.0,CHECK
flop,1,74.58,20.87,57.9,0,0.51875,0.218649,CALL
preflop,4,40.25,24.37,123.0,0,0.1625,0.377128,FOLD
preflop,4,55.07,28.06,86.03,0,0.2125,0.337544,FOLD
flop,1,56.85,5.96,99.25,0,0.425,0.094889,CALL
river,1,20.9,14.82,71.69,0,0.7125,0.414894,RAISE
preflop,1,36.82,0.0,47.14,0,0.575,0.0,CHECK
turn,4,30.39,7.55,139.28,0,0.11875,0.198998,FOLD
preflop,1,70.94,0.0,133.23,0,0.59375,0.0,CHECK
preflop,3,58.06,24.38,94.69,0,0.2125,0.29573,FOLD
turn,2,28.55,0.0,64.51,0,0.3875,0.0,CHECK
river,4,39.66,9.6,37.72,0,0.0,0.194884,FOLD
preflop,2,15.34,0.0,127.53,0,0.25625,0.0,CHECK
flop,1,44.97,16.64,103.44,0,0.4875,0.270086,CALL
flop,2,56.36,28.16,121.04,0,0.46875,0.333176,CALL
flop,2,33.33,0.0,65.41,0,0.4,0.0,CHECK
preflop,4,25.83,0.0,48.99,0,0.10625,0.0,CHECK
river,3,30.64,18.92,97.28,0,0.43125,0.381759,CALL
turn,3,9.64,11.49,98.69,0,0.19375,0.543777,FOLD
river,2,21.47,8.76,139.31,0,0.0375,0.289778,FOLD
preflop,1,21.83,16.31,146.14,0,0.49375,0.427635,CALL
turn,3,30.76,0.0,81.46,0,0.14375,0.0,CHECK
flop,2,52.2,2.28,62.16,0,0.21875,0.04185,CALL
preflop,4,17.14,14.92,46.97,0,0.1375,0.465377,FOLD
flop,4,37.2,0.0,83.12,0,0.1375,0.0,CHECK
preflop,4,65.32,0.0,53.37,0,0.225,0.0,CHECK
preflop,2,25.99,17.21,140.73,0,0.1625,0.39838,FOLD
river,3,23.72,19.17,59.27,0,0.1125,0.446957,FOLD
turn,2,67.43,0.0,73.72,0,0.1,0.0,CHECK
river,1,32.51,0.0,32.21,0,0.8875,0.0,BET
turn,2,53.12,0.0,137.98,0,0.21875,0.0,CHECK
turn,3,47.27,0.0,67.5,0,0.19375,0.0,CHECK
preflop,1,32.94,25.89,104.35,0,0.55625,0.440082,CALL
turn,2,60.25,0.0,143.31,0,0.4375,0.0,CHECK
river,1,55.03,31.81,87.36,0,0.26875,0.366306,FOLD
turn,3,20.88,0.0,139.29,0,0.025,0.0,CHECK
river,1,8.62,0.95,30.62,0,0.125,0.099269,CALL
turn,4,50.71,0.0,61.39,0,0.06875,0.0,CHECK
river,2,34.75,0.0,69.21,0,0.3,0.0,CHECK
turn,2,16.12,0.0,36.61,0,0.275,0.0,CHECK
preflop,1,61.75,0.0,39.07,0,0.4375,0.0,CHECK
flop,1,33.21,0.0,104.25,0,0.30625,0.0,CHECK
flop,4,49.24,0.0,56.38,0,0.1625,0.0,CHECK
turn,4,50.98,29.6,112.52,0,0.3625,0.367337,CALL
flop,4,56.74,34.62,80.12,0,0.09375,0.37894,FOLD
flop,1,44.57,0.0,33.75,0,0.4125,0.0,CHECK
flop,4,38.04,27.91,77.09,0,0.0125,0.423199,FOLD
river,2,77.87,0.0,128.72,0,0.84375,0.0,BET
river,4,46.34,9.5,132.75,0,0.0,0.170129,FOLD
preflop,3,24.67,5.83,90.34,0,0.3,0.191148,CALL
turn,1,25.64,22.08,115.72,0,0.55625,0.462699,CALL
preflop,3,50.13,28.51,106.07,0,0.2125,0.362538,FOLD
river,4,18.27,4.14,145.17,0,0.0125,0.184739,FOLD
river,2,74.2,12.58,52.91,0,0.25625,0.144964,CALL
river,3,8.09,9.32,136.53,0,0.0125,0.535325,FOLD
river,4,37.41,32.6,64.76,0,0.14375,0.465648,FOLD
flop,2,29.9,0.0,62.21,0,0.6,0.0,CHECK
flop,2,69.36,10.68,119.38,0,0.125,0.133433,CALL
preflop,4,59.98,0.0,91.19,0,0.16875,0.0,CHECK
preflop,2,71.19,0.0,66.25,0,0.425,0.0,CHECK
preflop,1,68.12,2.8,144.31,0,0.65,0.039481,RAISE
preflop,4,21.59,13.01,112.94,0,0.20625,0.376012,FOLD
flop,2,71.84,0.0,20.37,0,0.36875,0.0,CHECK
river,3,14.13,0.0,130.44,0,0.99375,0.0,BET
river,2,53.83,17.71,100.97,0,0.875,0.247554,RAISE
flop,2,57.57,32.48,149.93,0,0.64375,0.360689,CALL
turn,1,66.24,30.94,85.91,0,0.95,0.318378,RAISE
turn,2,65.32,7.5,58.91,0,0.0375,0.102994,FOLD
preflop,3,23.71,0.0,136.79,0,0.2875,0.0,CHECK
turn,1,35.04,0.0,83.04,0,0.06875,0.0,CHECK
flop,4,42.58,29.45,104.59,0,0.1,0.408857,FOLD
flop,4,51.97,13.37,119.86,0,0.15625,0.204622,FOLD
turn,1,41.27,23.18,34.14,0,0.8,0.359659,RAISE
river,3,75.01,0.0,126.8,0,0.425,0.0,CHECK
flop,4,76.54,22.55,105.52,0,0.0875,0.227571,FOLD
flop,3,57.99,18.93,61.39,0,0.2125,0.2461,FOLD
preflop,2,33.23,3.96,63.54,0,0.225,0.10648,CALL
preflop,2,61.06,0.0,70.94,0,0.3625,0.0,CHECK
flop,4,37.45,18.67,63.28,0,0.7625,0.33268,RAISE
turn,1,21.6,0.0,59.32,0,0.0875,0.0,CHECK
turn,4,57.25,0.0,20.89,0,0.475,0.0,CHECK
flop,2,73.59,26.28,128.38,0,0.39375,0.263142,CALL
river,4,25.4,16.05,124.12,0,0.28125,0.387214,FOLD
turn,1,54.22,34.42,59.11,0,0.59375,0.388312,CALL
preflop,3,9.54,6.6,129.85,0,0.2,0.408922,FOLD
preflop,3,45.06,0.0,42.75,0,0.2375,0.0,CHECK
preflop,4,50.84,7.26,49.97,0,0.2625,0.124957,CALL
preflop,1,51.8,0.0,44.7,0,0.6125,0.0,CHECK
river,2,26.1,17.91,46.38,0,0.0,0.406953,FOLD
turn,3,8.32,6.89,111.98,0,0.4375,0.452991,CALL
river,4,24.83,0.0,107.49,0,0.34375,0.0,CHECK
preflop,1,74.09,0.0,143.18,0,0.525,0.0,CHECK
turn,3,44.87,9.55,92.76,0,0.2,0.175487,CALL
flop,3,22.33,0.0,114.1,0,0.1625,0.0,CHECK
preflop,2,79.67,0.0,75.83,0,0.21875,0.0,CHECK
flop,1,33.2,10.78,41.71,0,0.44375,0.245111,CALL
river,4,52.64,34.59,96.66,0,0.025,0.396538,FOLD
turn,1,10.46,7.18,118.0,0,0.69375,0.407029,RAISE
flop,2,52.5,25.77,83.69,0,0.85625,0.329245,RAISE
flop,4,35.26,0.0,42.24,0,0.08125,0.0,CHECK
flop,3,15.06,0.0,60.96,0,0.325,0.0,CHECK
turn,1,52.57,0.0,111.04,0,0.775,0.0,BET
flop,3,4.04,4.3,72.99,0,0.425,0.515588,FOLD
river,1,70.37,0.0,89.23,0,0.525,0.0,CHECK
river,1,63.24,26.91,142.6,0,0.51875,0.298502,CALL
preflop,3,78.53,24.66,148.79,0,0.25,0.238977,CALL
turn,2,70.52,0.0,106.79,0,0.70625,0.0,BET
flop,2,43.33,0.0,148.39,0,0.1,0.0,CHECK
turn,1,64.87,0.0,53.96,0,0.575,0.0,CHECK
turn,1,27.72,0.0,146.06,0,0.35625,0.0,CHECK
flop,1,13.37,0.0,72.99,0,0.4375,0.0,CHECK
preflop,3,30.44,0.0,40.33,0,0.2375,0.0,CHECK
turn,2,22.79,0.0,89.96,0,0.1875,0.0,CHECK
preflop,3,4.11,0.0,111.3,0,0.1375,0.0,CHECK
flop,2,4.08,2.43,59.72,0,0.5625,0.373272,CALL
river,1,47.46,1.78,111.89,0,0.98125,0.036149,RAISE
flop,4,2.6,0.0,95.56,0,0.1,0.0,CHECK
preflop,4,52.13,0.94,92.3,0,0.1875,0.017712,CALL
turn,1,26.64,7.5,69.12,0,0.45,0.219684,CALL
turn,2,3.33,0.0,90.36,0,0.08125,0.0,CHECK
flop,3,75.89,25.4,123.33,0,0.33125,0.250765,CALL
preflop,3,5.04,0.0,148.12,0,0.18125,0.0,CHECK
river,1,35.58,21.72,40.53,0,0.09375,0.379058,FOLD
preflop,2,69.53,1.14,70.03,0,0.36875,0.016131,CALL
river,4,64.91,19.11,117.21,0,0.0125,0.227446,FOLD
river,3,74.19,0.0,57.07,0,0.6125,0.0,CHECK
river,1,32.78,29.4,98.13,0,0.975,0.472821,RAISE
flop,1,57.93,0.0,140.42,0,0.83125,0.0,BET
turn,1,17.58,0.0,87.37,0,0.3875,0.0,CHECK
river,1,32.13,6.74,84.68,0,0.2375,0.173399,CALL
flop,2,73.33,1.91,38.29,0,0.5,0.025385,CALL
river,1,15.67,12.44,144.01,0,0.025,0.442547,FOLD
preflop,1,68.08,4.58,75.53,0,0.5625,0.063033,CALL
river,3,66.35,7.36,95.4,0,0.23125,0.099851,CALL
river,2,38.3,0.0,68.87,0,0.6375,0.0,BET
turn,2,4.79,0.0,66.0,0,0.38125,0.0,CHECK
turn,2,78.68,0.0,72.83,0,0.16875,0.0,CHECK
flop,4,76.04,25.55,45.67,0,0.175,0.251501,FOLD
turn,3,9.62,0.0,74.09,0,0.0375,0.0,CHECK
flop,3,9.9,0.0,122.21,0,0.4,0.0,CHECK
turn,2,60.15,27.31,25.48,0,0.1,0.312257,FOLD
flop,2,65.08,0.0,115.79,0,0.29375,0.0,CHECK
turn,3,42.61,0.0,65.14,0,0.5,0.0,CHECK
flop,1,11.61,0.0,58.75,0,0.44375,0.0,CHECK
preflop,1,55.19,7.98,83.58,0,0.3,0.126326,CALL
preflop,3,21.35,0.0,47.91,0,0.2,0.0,CHECK
flop,2,32.12,0.0,58.46,0,0.11875,0.0,CHECK
river,4,17.44,0.0,130.26,0,0.0125,0.0,CHECK
preflop,2,35.74,0.0,29.11,0,0.43125,0.0,CHECK
turn,3,75.63,0.0,47.24,0,0.2,0.0,CHECK
river,1,18.3,12.21,33.35,0,0.125,0.400197,FOLD
flop,4,21.54,0.0,48.17,0,0.15625,0.0,CHECK
preflop,2,9.85,6.16,146.94,0,0.375,0.38476,CALL
river,1,33.12,19.74,31.63,0,0.26875,0.373439,FOLD
preflop,2,15.13,0.0,101.92,0,0.41875,0.0,CHECK
flop,3,77.67,22.84,67.3,0,0.2875,0.227241,CALL
river,2,47.11,30.35,83.47,0,0.84375,0.391815,RAISE
river,1,74.73,11.1,23.24,0,0.30625,0.129325,CALL
flop,4,63.9,9.81,23.31,0,0.18125,0.133089,CALL
river,4,68.96,10.35,143.41,0,0.15,0.130501,CALL
preflop,4,66.06,28.99,21.3,0,0.11875,0.304997,FOLD
flop,1,12.88,6.27,51.33,0,0.3625,0.327415,CALL
turn,2,11.36,0.0,21.72,0,0.46875,0.0,CHECK
flop,1,11.81,12.67,42.78,0,0.70625,0.517565,RAISE
preflop,1,38.64,0.0,29.18,0,0.75625,0.0,BET
turn,2,66.6,0.0,46.17,0,0.85,0.0,BET
flop,4,30.67,0.0,144.62,0,0.51875,0.0,CHECK
flop,4,3.8,1.24,57.35,0,0.6,0.246032,CALL
flop,2,53.98,28.02,70.62,0,0.375,0.341707,CALL
flop,3,49.13,4.7,117.37,0,0.1375,0.087312,CALL
preflop,1,14.57,11.95,82.06,0,0.4625,0.450603,CALL
turn,4,15.55,7.1,28.24,0,0.01875,0.313466,FOLD
turn,1,2.28,0.0,31.12,0,0.63125,0.0,BET
turn,2,16.54,9.58,115.4,0,0.025,0.366769,FOLD
flop,3,50.82,0.0,134.38,0,0.16875,0.0,CHECK
flop,4,6.13,0.0,133.9,0,0.16875,0.0,CHECK
turn,2,27.58,15.88,89.78,0,0.36875,0.365393,CALL
turn,3,53.14,32.26,24.11,0,0.15,0.377752,FOLD
river,4,29.58,22.57,37.26,0,0.0,0.43279,FOLD
turn,4,37.2,0.0,21.22,0,0.0625,0.0,CHECK
turn,1,21.64,0.0,110.0,0,0.24375,0.0,CHECK
river,3,32.74,0.0,105.07,0,0.0,0.0,CHECK
turn,4,47.72,0.0,128.69,0,0.0125,0.0,CHECK
turn,3,57.73,0.0,68.31,0,0.19375,0.0,CHECK
turn,1,56.67,7.7,92.07,0,0.64375,0.119621,CALL
flop,3,3.35,0.0,29.32,0,0.43125,0.0,CHECK
turn,4,30.66,26.16,141.17,0,0.46875,0.460401,CALL
preflop,2,59.29,7.87,65.21,0,0.45,0.117183,CALL
flop,1,68.96,18.1,93.05,0,1.0,0.207903,RAISE
preflop,4,4.28,0.0,25.25,0,0.28125,0.0,CHECK
turn,3,55.23,0.0,107.04,0,0.0875,0.0,CHECK
river,1,64.55,0.0,86.84,0,0.16875,0.0,CHECK
river,2,17.19,16.1,132.35,0,0.00625,0.483629,FOLD
preflop,1,31.0,0.0,22.41,0,0.40625,0.0,CHECK
preflop,4,59.23,24.39,88.73,0,0.21875,0.291677,FOLD
flop,1,18.89,0.0,39.61,0,0.3875,0.0,CHECK
preflop,2,75.83,18.45,134.37,0,0.425,0.195694,CALL
flop,2,53.62,3.75,58.5,0,0.30625,0.065365,CALL
turn,1,20.01,23.94,30.93,0,0.49375,0.54471,FOLD
river,1,65.16,9.96,32.82,0,0.90625,0.132588,RAISE
preflop,2,55.24,0.5,99.39,0,0.26875,0.00897,CALL
turn,4,76.28,1.52,23.33,0,0.15625,0.019537,CALL
flop,1,37.74,0.0,71.49,0,0.4375,0.0,CHECK
river,1,28.64,10.7,120.86,0,0.9875,0.271988,RAISE
river,3,8.16,7.44,110.86,0,0.7625,0.476923,RAISE
preflop,1,46.27,10.99,77.39,0,0.6875,0.191932,RAISE
turn,3,58.02,29.8,54.4,0,0.075,0.33933,FOLD
river,3,71.54,32.56,49.46,0,0.3375,0.312776,CALL
flop,4,10.51,5.13,92.05,0,0.11875,0.328005,FOLD
river,4,7.86,0.0,110.78,0,0.35,0.0,CHECK
turn,3,32.71,0.0,82.83,0,0.1,0.0,CHECK
flop,2,27.57,6.82,141.63,0,0.2375,0.198313,CALL
preflop,2,32.87,24.65,123.12,0,0.275,0.428547,FOLD
flop,2,58.7,0.0,36.09,0,0.1875,0.0,CHECK
turn,4,25.87,0.0,138.32,0,0.225,0.0,CHECK
flop,2,41.59,25.7,116.96,0,0.1875,0.381929,FOLD
flop,3,3.32,1.08,107.41,0,0.06875,0.245455,FOLD
turn,4,63.11,30.23,111.55,0,0.3,0.32387,FOLD
river,4,22.19,3.03,85.87,0,0.0,0.120143,FOLD
preflop,3,39.48,0.0,70.84,0,0.24375,0.0,CHECK
river,2,13.88,16.01,36.76,0,0.24375,0.535631,FOLD
river,4,52.01,23.55,135.3,0,0.0,0.311673,FOLD
turn,1,78.83,7.4,135.4,0,0.7375,0.085817,RAISE
flop,1,46.84,0.0,148.62,0,0.6,0.0,CHECK
turn,4,9.25,0.0,104.11,0,0.475,0.0,CHECK
turn,3,71.87,28.22,25.0,0,0.20625,0.281946,FOLD
flop,4,36.1,0.0,111.63,0,0.10625,0.0,CHECK
river,2,56.88,11.53,32.05,0,0.3625,0.168543,CALL
river,3,12.9,3.95,47.9,0,0.98125,0.234421,RAISE
flop,4,23.02,23.1,92.37,0,0.05625,0.500867,FOLD
river,4,64.88,21.89,67.23,0,0.0,0.252276,FOLD
flop,4,58.96,3.81,107.63,0,0.11875,0.060698,CALL
river,2,58.3,0.66,76.63,0,0.31875,0.011194,CALL
preflop,2,8.81,0.0,45.85,0,0.5875,0.0,CHECK
turn,1,17.22,0.0,83.05,0,0.9125,0.0,BET
preflop,2,55.26,23.29,60.02,0,0.2875,0.296499,CALL
preflop,3,20.25,0.0,38.71,0,0.175,0.0,CHECK
preflop,2,16.71,17.58,103.83,0,0.29375,0.512686,FOLD
turn,1,68.78,22.35,23.37,0,0.78125,0.245254,RAISE
river,3,11.7,13.81,56.69,0,0.73125,0.541356,RAISE
turn,4,46.66,17.49,108.31,0,0.19375,0.272642,FOLD
river,1,34.83,16.05,37.19,0,0.01875,0.315448,FOLD
turn,2,14.6,0.0,145.01,0,0.1125,0.0,CHECK
river,4,28.18,0.0,79.28,0,0.01875,0.0,CHECK
river,2,64.61,31.08,41.95,0,0.025,0.324799,FOLD
flop,1,73.74,0.0,90.65,0,0.6,0.0,CHECK
river,4,51.81,0.0,82.64,0,0.41875,0.0,CHECK
flop,2,40.86,0.0,109.01,0,0.3875,0.0,CHECK
preflop,2,53.63,0.0,96.21,0,0.25625,0.0,CHECK
preflop,2,25.77,0.0,102.26,0,0.4,0.0,CHECK
flop,2,47.92,21.81,24.69,0,0.925,0.312778,RAISE
flop,2,10.88,5.77,65.02,0,0.1875,0.346547,FOLD
river,1,77.01,0.0,71.2,0,0.8375,0.0,BET
river,2,70.06,2.4,140.37,0,0.05,0.033122,CALL
preflop,1,59.94,17.89,131.88,0,0.4625,0.22986,CALL
flop,1,2.44,0.0,26.12,0,0.34375,0.0,CHECK
turn,3,5.08,5.58,126.32,0,0.075,0.523452,FOLD
flop,2,79.16,0.0,147.61,0,0.18125,0.0,CHECK
river,2,56.99,0.0,73.55,0,0.8875,0.0,BET
river,2,27.9,0.0,60.75,0,0.3625,0.0,CHECK
flop,3,16.89,0.0,122.81,0,0.0625,0.0,CHECK
preflop,3,8.66,3.66,132.88,0,0.36875,0.297078,CALL
flop,1,12.1,9.33,24.17,0,0.4875,0.435371,CALL
river,3,36.75,0.0,121.19,0,0.30625,0.0,CHECK
turn,4,73.02,30.71,102.62,0,0.125,0.296057,FOLD
preflop,4,73.62,15.04,123.52,0,0.1875,0.169637,CALL
preflop,3,72.16,22.63,54.65,0,0.1375,0.238738,FOLD
flop,2,44.44,0.0,37.41,0,0.125,0.0,CHECK
preflop,3,77.11,14.8,56.54,0,0.3375,0.161027,CALL
flop,3,52.16,15.19,134.92,0,0.59375,0.225538,CALL
turn,4,66.13,4.52,68.38,0,0.6125,0.063977,CALL
preflop,3,7.79,0.77,97.8,0,0.375,0.089953,CALL
flop,4,15.49,0.0,126.05,0,0.16875,0.0,CHECK
preflop,3,42.82,6.57,68.48,0,0.3125,0.133023,CALL
preflop,2,46.58,0.0,106.18,0,0.2,0.0,CHECK
preflop,4,49.33,24.47,80.04,0,0.19375,0.331572,FOLD
river,2,14.79,15.56,68.56,0,0.1375,0.512685,FOLD
preflop,4,27.08,0.0,102.45,0,0.25,0.0,CHECK
river,4,53.79,0.0,84.09,0,0.7125,0.0,BET
river,2,38.65,0.0,54.61,0,0.73125,0.0,BET
river,4,19.81,10.31,129.97,0,0.0,0.342297,FOLD
flop,3,11.18,5.08,73.39,0,0.35625,0.312423,CALL
preflop,4,68.13,0.0,38.75,0,0.19375,0.0,CHECK
river,3,57.84,0.0,56.75,0,0.0,0.0,CHECK
river,4,43.99,17.02,148.24,0,0.5625,0.278971,CALL
flop,2,76.07,0.0,37.51,0,0.09375,0.0,CHECK
preflop,4,24.64,0.0,142.36,0,0.19375,0.0,CHECK
preflop,1,29.02,0.0,110.96,0,0.375,0.0,CHECK
flop,3,63.32,0.0,37.97,0,0.11875,0.0,CHECK
turn,4,59.08,0.0,58.18,0,0.025,0.0,CHECK
preflop,4,18.23,20.97,47.12,0,0.0875,0.534949,FOLD
river,2,71.54,0.0,131.97,0,0.625,0.0,BET
preflop,3,9.83,0.0,107.29,0,0.10625,0.0,CHECK
turn,3,30.84,0.0,37.74,0,0.69375,0.0,BET
flop,4,77.1,0.0,123.41,0,0.15625,0.0,CHECK
preflop,3,44.78,0.0,64.72,0,0.31875,0.0,CHECK
turn,1,71.64,27.55,104.24,0,0.21875,0.27775,FOLD
river,1,26.54,0.0,52.26,0,0.225,0.0,CHECK
flop,2,28.52,0.0,21.47,0,0.24375,0.0,CHECK
preflop,4,70.71,20.34,94.97,0,0.2,0.223394,FOLD
river,1,47.72,0.0,22.56,0,0.34375,0.0,CHECK
turn,3,42.93,16.56,55.28,0,0.03125,0.278366,FOLD
preflop,1,6.74,3.96,109.7,0,0.48125,0.370093,CALL
flop,1,58.59,34.09,45.43,0,0.6375,0.367825,CALL
turn,4,78.38,2.28,112.69,0,0.15,0.028267,CALL
turn,2,39.06,0.0,76.13,0,0.06875,0.0,CHECK
preflop,2,18.99,11.0,125.29,0,0.41875,0.366789,CALL
flop,1,26.08,26.04,33.47,0,0.31875,0.499616,FOLD
preflop,3,28.08,0.0,94.78,0,0.15625,0.0,CHECK
turn,2,24.21,10.27,41.11,0,0.2625,0.297854,FOLD
river,4,5.09,4.55,67.81,0,0.0,0.471992,FOLD
river,1,77.86,0.0,124.46,0,0.4375,0.0,CHECK
river,3,17.54,4.69,79.62,0,0.33125,0.210976,CALL
preflop,1,65.1,9.57,28.07,0,0.425,0.128164,CALL
river,3,46.34,10.27,87.27,0,0.1,0.181417,FOLD
turn,3,62.82,4.41,129.21,0,0.21875,0.065596,CALL
river,4,3.13,0.76,117.97,0,0.0,0.195373,FOLD
river,2,59.11,5.05,114.56,0,0.0375,0.078709,FOLD
preflop,2,7.58,0.0,111.59,0,0.24375,0.0,CHECK
turn,3,12.6,0.0,57.58,0,0.0375,0.0,CHECK
turn,4,52.93,7.88,66.66,0,0.11875,0.129584,CALL
river,1,54.22,14.9,20.87,0,0.44375,0.215567,CALL
preflop,2,12.83,0.0,119.4,0,0.5375,0.0,CHECK
turn,1,62.24,0.0,116.8,0,0.175,0.0,CHECK
flop,3,57.58,23.3,40.86,0,0.70625,0.288081,RAISE
preflop,2,40.28,8.92,91.74,0,0.30625,0.181301,CALL
preflop,4,49.77,0.0,88.37,0,0.24375,0.0,CHECK
flop,4,19.29,6.27,92.93,0,0.15625,0.245305,FOLD
turn,3,63.62,0.0,21.65,0,0.1625,0.0,CHECK
river,1,8.77,4.8,146.17,0,0.825,0.353721,RAISE
flop,1,32.02,8.44,74.31,0,0.5875,0.208601,CALL
flop,2,11.58,11.52,127.53,0,0.40625,0.498701,FOLD
river,4,69.87,0.0,57.21,0,0.725,0.0,BET
river,1,65.18,0.0,77.01,0,0.9,0.0,BET
preflop,4,55.68,21.65,69.79,0,0.11875,0.279969,FOLD
preflop,2,58.65,0.0,143.94,0,0.19375,0.0,CHECK
flop,1,62.05,0.0,115.17,0,0.70625,0.0,BET
flop,2,53.63,0.0,47.41,0,0.775,0.0,BET
flop,4,37.65,0.0,38.42,0,0.425,0.0,CHECK
river,4,74.45,20.35,28.83,0,0.0125,0.214662,FOLD
turn,1,33.0,17.93,134.9,0,0.69375,0.352052,RAISE
river,1,5.63,3.99,81.01,0,0.55,0.414761,CALL
turn,2,52.15,18.14,137.14,0,0.20625,0.258074,FOLD
river,4,53.24,33.44,134.54,0,0.0,0.385787,FOLD
turn,3,52.2,0.0,102.48,0,0.125,0.0,CHECK
flop,1,58.41,0.0,133.99,0,0.725,0.0,BET
flop,4,60.14,15.42,135.26,0,0.04375,0.204076,FOLD
flop,1,50.7,30.14,107.68,0,0.375,0.372835,CALL
river,2,56.27,0.0,122.12,0,0.0875,0.0,CHECK
preflop,3,5.74,3.11,117.81,0,0.2875,0.351412,FOLD
river,4,14.48,0.0,65.41,0,0.0,0.0,CHECK
turn,1,18.74,0.0,110.78,0,0.9125,0.0,BET
turn,2,36.83,32.66,134.99,0,0.0375,0.469996,FOLD
river,1,67.21,30.62,125.89,0,0.5375,0.312992,CALL
river,2,16.22,0.0,64.99,0,0.0,0.0,CHECK
turn,4,68.16,0.0,20.69,0,0.15,0.0,CHECK
preflop,2,37.59,0.0,57.25,0,0.25625,0.0,CHECK
flop,2,38.3,29.07,34.61,0,0.56875,0.431498,CALL
turn,3,39.89,1.96,93.42,0,0.0625,0.046834,CALL
flop,2,14.42,5.49,85.75,0,0.0625,0.275741,FOLD
flop,2,21.19,0.0,140.76,0,0.3625,0.0,CHECK
flop,1,24.02,4.7,136.55,0,0.49375,0.163649,CALL
flop,1,43.93,0.0,113.65,0,0.31875,0.0,CHECK
preflop,3,41.67,17.23,27.62,0,0.23125,0.29253,FOLD
preflop,2,12.54,13.5,115.42,0,0.31875,0.518433,FOLD
turn,2,39.5,1.33,22.85,0,0.4375,0.032574,CALL
flop,1,62.76,21.39,130.31,0,0.35,0.254189,CALL
preflop,2,4.25,0.0,45.84,0,0.24375,0.0,CHECK
turn,4,61.63,22.39,62.29,0,0.04375,0.266484,FOLD
flop,4,54.5,6.82,90.86,0,0.15625,0.11122,CALL
flop,4,45.04,0.0,101.62,0,0.14375,0.0,CHECK
river,4,58.43,0.66,116.25,0,0.425,0.011169,CALL
river,1,21.47,20.31,35.58,0,0.90625,0.486118,RAISE
turn,2,57.27,15.78,47.52,0,0.275,0.216016,CALL
preflop,3,59.4,4.54,48.48,0,0.30625,0.071004,CALL
flop,3,15.51,0.0,29.04,0,0.25,0.0,CHECK
river,1,30.71,0.0,92.2,0,0.9625,0.0,BET
turn,2,71.97,23.12,129.0,0,0.8125,0.243138,RAISE
river,4,23.9,14.69,105.93,0,0.06875,0.380669,FOLD
river,4,11.7,0.0,54.17,0,0.85,0.0,BET
river,2,55.31,0.0,102.02,0,0.0625,0.0,CHECK
flop,2,12.14,0.0,86.06,0,0.66875,0.0,BET
river,3,73.41,34.93,77.39,0,0.9125,0.322411,RAISE
turn,3,65.61,0.0,122.54,0,0.025,0.0,CHECK
turn,2,23.78,0.0,147.64,0,0.325,0.0,CHECK
turn,4,19.17,2.66,136.27,0,0.45625,0.121851,CALL
river,1,64.58,0.0,56.12,0,0.575,0.0,CHECK
turn,4,51.91,0.0,131.94,0,0.5125,0.0,CHECK
flop,4,63.67,0.0,143.9,0,0.4,0.0,CHECK
turn,3,41.04,14.13,78.4,0,0.05625,0.256117,FOLD
preflop,3,63.86,0.0,51.49,0,0.14375,0.0,CHECK
river,2,25.46,15.58,70.32,0,0.0625,0.37963,FOLD
river,2,50.57,17.44,67.14,0,0.75,0.256433,RAISE
turn,1,49.32,0.0,62.95,0,0.325,0.0,CHECK
preflop,3,2.6,0.0,118.29,0,0.3,0.0,CHECK
turn,3,26.23,0.0,69.09,0,0.05,0.0,CHECK
turn,3,23.83,0.0,102.37,0,0.10625,0.0,CHECK
preflop,3,41.57,33.12,118.34,0,0.1875,0.443433,FOLD
river,2,37.14,6.05,99.57,0,0.0375,0.140079,FOLD
flop,4,10.73,0.0,139.2,0,0.0875,0.0,CHECK
river,3,67.36,0.0,80.6,0,0.0125,0.0,CHECK
flop,4,16.2,16.66,62.57,0,0.6875,0.506999,RAISE
preflop,2,69.46,0.0,102.55,0,0.2875,0.0,CHECK
flop,3,39.2,0.0,76.26,0,0.225,0.0,CHECK
flop,2,52.6,33.89,34.41,0,0.20625,0.391837,FOLD
preflop,4,19.73,14.65,124.83,0,0.15625,0.42612,FOLD
turn,4,23.04,16.63,39.76,0,0.0625,0.419208,FOLD
flop,3,16.58,16.2,86.65,0,0.21875,0.494204,FOLD
turn,1,43.07,0.0,42.35,0,0.18125,0.0,CHECK
preflop,4,19.34,0.0,30.78,0,0.1125,0.0,CHECK
turn,2,19.2,0.0,83.21,0,0.375,0.0,CHECK
flop,1,45.59,30.81,33.02,0,0.55,0.403272,CALL
river,4,60.33,0.0,138.23,0,0.0,0.0,CHECK
river,1,7.4,7.04,115.1,0,0.4,0.487535,FOLD
turn,2,36.62,34.2,131.43,0,0.4,0.482914,FOLD
preflop,1,59.45,0.0,20.15,0,0.43125,0.0,CHECK
flop,3,47.09,31.96,54.69,0,0.625,0.404301,CALL
turn,2,67.59,32.83,100.56,0,0.025,0.326927,FOLD
turn,1,36.46,20.44,69.97,0,0.3125,0.359227,FOLD
river,4,8.13,7.63,72.72,0,0.0,0.484137,FOLD
flop,3,69.74,0.0,75.74,0,0.2,0.0,CHECK
preflop,4,57.27,29.82,20.29,0,0.31875,0.342404,FOLD
flop,4,73.74,0.0,144.78,0,0.31875,0.0,CHECK
flop,3,51.88,0.0,111.57,0,0.3875,0.0,CHECK
flop,2,59.68,11.09,116.46,0,0.30625,0.156705,CALL
preflop,1,17.64,10.43,101.05,0,0.54375,0.371571,CALL
river,2,15.54,0.0,21.13,0,0.875,0.0,BET
turn,2,49.84,14.42,50.68,0,0.3125,0.224401,CALL
preflop,2,59.04,6.04,137.25,0,0.29375,0.092809,CALL
preflop,1,67.28,0.0,48.68,0,0.4375,0.0,CHECK
river,2,24.75,0.0,61.39,0,0.45625,0.0,CHECK
flop,1,55.04,29.88,147.39,0,0.375,0.351861,CALL
preflop,3,21.2,0.0,31.02,0,0.31875,0.0,CHECK
flop,3,40.14,18.39,76.4,0,0.08125,0.314198,FOLD
river,4,3.91,3.38,118.63,0,0.0,0.463649,FOLD
flop,1,66.22,23.27,53.49,0,0.83125,0.260029,RAISE
river,1,36.65,3.17,85.38,0,0.9125,0.079608,RAISE
turn,3,29.27,18.04,22.9,0,0.11875,0.381315,FOLD
flop,3,50.98,21.66,118.79,0,0.85,0.298183,RAISE
turn,2,47.75,5.67,66.46,0,0.725,0.10614,RAISE
preflop,4,10.58,0.0,38.63,0,0.1375,0.0,CHECK
turn,2,33.94,0.0,30.91,0,0.56875,0.0,CHECK
preflop,2,9.3,6.62,51.59,0,0.26875,0.415829,FOLD
flop,4,7.9,0.0,143.14,0,0.01875,0.0,CHECK
turn,4,71.31,13.68,90.89,0,0.08125,0.16096,FOLD
preflop,3,17.0,6.0,112.07,0,0.125,0.26087,FOLD
flop,4,23.6,0.0,45.4,0,0.14375,0.0,CHECK
preflop,3,14.21,0.66,51.63,0,0.2875,0.044385,CALL
turn,3,54.68,0.0,103.53,0,0.0875,0.0,CHECK
river,4,43.01,8.18,55.98,0,0.0125,0.159797,FOLD
river,3,78.21,0.0,102.02,0,0.0,0.0,CHECK
turn,3,11.84,0.0,84.79,0,0.33125,0.0,CHECK
river,2,61.9,21.25,76.72,0,0.0125,0.255562,FOLD
flop,3,35.61,0.0,96.4,0,0.15625,0.0,CHECK
preflop,3,69.59,0.0,131.22,0,0.28125,0.0,CHECK
river,4,49.17,19.23,54.4,0,0.0,0.28114,FOLD
river,4,16.44,2.84,98.43,0,0.25,0.147303,CALL
river,2,30.49,32.37,86.26,0,0.95,0.514954,RAISE
river,1,2.94,3.11,83.07,0,0.55,0.51405,CALL
flop,3,76.85,0.0,148.97,0,0.34375,0.0,CHECK
turn,3,69.34,0.0,44.77,0,0.23125,0.0,CHECK
flop,3,29.93,8.23,122.31,0,0.1625,0.215671,FOLD
flop,4,51.55,8.15,56.31,0,0.25,0.136516,CALL
river,3,44.55,21.54,31.31,0,0.09375,0.325919,FOLD
flop,4,73.04,12.33,139.03,0,0.30625,0.14443,CALL
river,4,24.67,4.2,20.45,0,0.46875,0.14548,CALL
preflop,4,26.44,0.0,54.68,0,0.14375,0.0,CHECK
flop,2,74.41,6.12,32.97,0,0.31875,0.075997,CALL
river,3,44.35,0.0,31.95,0,0.0,0.0,CHECK
flop,3,26.96,30.1,105.3,0,0.0625,0.527515,FOLD
river,2,43.66,1.57,128.89,0,0.26875,0.034711,CALL
river,2,35.62,17.41,89.35,0,0.5125,0.328305,CALL
flop,2,64.73,16.33,43.98,0,0.45625,0.201456,CALL
preflop,1,66.42,14.31,84.51,0,0.46875,0.177258,CALL
flop,1,51.06,0.0,52.69,0,0.76875,0.0,BET
river,1,16.75,0.0,42.43,0,0.55625,0.0,CHECK
turn,4,28.9,17.1,117.74,0,0.0,0.371739,FOLD
preflop,1,53.21,0.0,138.06,0,0.49375,0.0,CHECK
turn,4,50.8,0.0,100.82,0,0.19375,0.0,CHECK
river,1,15.56,0.0,149.24,0,0.21875,0.0,CHECK
preflop,2,36.25,0.0,149.6,0,0.225,0.0,CHECK
river,1,51.31,5.32,139.48,0,0.08125,0.093943,CALL
river,1,69.43,0.0,72.14,0,0.4875,0.0,CHECK
preflop,2,77.78,13.97,142.16,0,0.2375,0.152262,CALL
turn,4,61.9,9.08,102.2,0,0.0875,0.127923,FOLD
river,2,10.76,0.55,130.78,0,0.0,0.04863,FOLD
river,3,63.65,0.0,43.6,0,0.64375,0.0,BET
turn,4,24.11,0.0,144.46,0,0.1875,0.0,CHECK
flop,1,38.12,22.07,111.31,0,0.35,0.366672,CALL
turn,2,20.06,15.09,141.8,0,0.3625,0.429303,FOLD
turn,2,10.15,0.0,43.52,0,0.3125,0.0,CHECK
turn,1,78.23,16.55,146.97,0,0.3375,0.174615,CALL
river,1,49.41,0.0,124.59,0,0.96875,0.0,BET
turn,1,70.03,17.16,26.66,0,0.5625,0.196812,CALL
flop,3,34.38,0.0,136.49,0,0.25,0.0,CHECK
preflop,2,17.05,0.0,145.04,0,0.34375,0.0,CHECK
preflop,3,48.85,10.22,87.26,0,0.2375,0.173015,CALL
preflop,4,29.63,0.0,147.63,0,0.25,0.0,CHECK
preflop,3,19.62,0.0,123.48,0,0.16875,0.0,CHECK
river,4,20.05,0.0,91.13,0,1.0,0.0,BET
preflop,4,74.71,30.04,31.75,0,0.2125,0.286778,FOLD
preflop,3,3.91,0.0,134.89,0,0.31875,0.0,CHECK
preflop,1,11.78,0.0,26.53,0,0.45,0.0,CHECK
preflop,2,29.04,0.0,55.11,0,0.45,0.0,CHECK
river,3,41.08,0.0,66.76,0,0.1125,0.0,CHECK
flop,3,71.62,0.0,76.28,0,0.2125,0.0,CHECK
river,2,41.67,0.0,82.84,0,0.375,0.0,CHECK
flop,3,21.18,19.3,72.19,0,0.01875,0.476779,FOLD
flop,2,21.43,0.0,140.88,0,0.3875,0.0,CHECK
preflop,2,24.63,0.0,133.14,0,0.26875,0.0,CHECK
preflop,2,79.52,0.0,32.55,0,0.21875,0.0,CHECK
preflop,1,45.88,0.0,105.91,0,0.48125,0.0,CHECK
preflop,3,37.45,0.0,53.46,0,0.20625,0.0,CHECK
flop,4,18.15,8.47,137.62,0,0.4,0.318182,CALL
preflop,2,48.62,18.26,96.96,0,0.46875,0.273026,CALL
river,1,69.5,0.0,144.45,0,0.45,0.0,CHECK
preflop,2,10.0,0.0,105.08,0,0.46875,0.0,CHECK
turn,4,11.14,0.0,32.8,0,0.05625,0.0,CHECK
turn,4,37.74,19.12,99.34,0,0.0375,0.336265,FOLD
turn,2,25.79,0.0,29.13,0,0.3125,0.0,CHECK
preflop,4,45.06,0.0,34.46,0,0.35,0.0,CHECK
turn,4,51.62,0.0,76.44,0,0.0,0.0,CHECK
preflop,1,27.86,24.29,59.34,0,0.5125,0.465772,CALL
flop,4,26.47,0.0,21.09,0,0.1375,0.0,CHECK
flop,3,52.47,0.0,23.66,0,0.25,0.0,CHECK
flop,2,6.32,0.0,145.46,0,0.46875,0.0,CHECK
river,4,63.31,0.0,134.59,0,0.08125,0.0,CHECK
turn,1,42.84,0.0,147.19,0,0.36875,0.0,CHECK
preflop,1,5.78,5.59,80.82,0,0.6,0.491645,CALL
river,2,15.92,0.0,40.99,0,0.0,0.0,CHECK
river,4,79.59,5.53,91.84,0,0.33125,0.064967,CALL
turn,3,33.35,0.0,43.93,0,0.19375,0.0,CHECK
river,3,53.95,0.0,40.4,0,0.0125,0.0,CHECK
preflop,4,22.99,26.99,58.43,0,0.13125,0.540016,FOLD
flop,4,30.11,0.0,100.61,0,0.10625,0.0,CHECK
preflop,2,59.14,0.0,112.72,0,0.50625,0.0,CHECK
turn,3,5.46,0.0,109.14,0,0.0375,0.0,CHECK
preflop,2,23.63,0.0,69.96,0,0.275,0.0,CHECK
turn,3,36.3,0.0,110.0,0,0.39375,0.0,CHECK
turn,2,32.02,23.84,32.56,0,0.44375,0.426781,CALL
river,1,64.72,0.0,60.54,0,0.36875,0.0,CHECK
river,4,13.14,0.0,149.35,0,0.0,0.0,CHECK
flop,3,9.57,0.0,142.01,0,0.1,0.0,CHECK
river,2,26.84,16.05,91.49,0,0.2,0.374213,FOLD
flop,1,60.05,0.0,136.07,0,0.85625,0.0,BET
river,1,70.67,20.73,48.04,0,0.4625,0.226805,CALL
preflop,3,49.36,0.0,91.46,0,0.225,0.0,CHECK
turn,3,31.55,11.42,145.95,0,0.28125,0.265767,CALL
turn,2,57.49,7.48,66.38,0,0.40625,0.11513,CALL
preflop,3,43.53,0.0,135.06,0,0.21875,0.0,CHECK
preflop,3,38.52,10.04,33.6,0,0.3375,0.206755,CALL
river,3,50.34,8.94,53.83,0,0.0375,0.15081,FOLD
preflop,1,27.63,5.28,89.91,0,0.46875,0.160438,CALL
river,4,59.61,14.24,93.14,0,0.0125,0.192823,FOLD
turn,3,74.64,0.0,54.58,0,0.14375,0.0,CHECK
river,4,65.51,0.0,94.24,0,0.03125,0.0,CHECK
turn,1,34.39,0.0,78.94,0,0.13125,0.0,CHECK
turn,2,70.58,0.0,21.37,0,0.3375,0.0,CHECK
preflop,3,44.39,19.81,38.0,0,0.3125,0.308567,CALL
preflop,4,56.08,8.19,116.98,0,0.0625,0.127431,FOLD
flop,3,50.43,0.0,46.45,0,0.13125,0.0,CHECK
river,3,53.0,0.0,145.55,0,0.1,0.0,CHECK
flop,3,17.54,0.0,31.16,0,0.15625,0.0,CHECK
preflop,1,36.25,18.26,25.55,0,0.55625,0.334984,CALL
preflop,3,4.36,2.57,66.92,0,0.1875,0.370851,FOLD
river,2,53.79,9.15,63.74,0,0.44375,0.145377,CALL
flop,1,61.16,15.02,58.65,0,0.44375,0.197165,CALL
flop,2,34.28,18.03,115.41,0,0.45625,0.344676,CALL
river,4,61.99,16.94,93.18,0,0.36875,0.214621,CALL
river,2,55.24,3.17,103.68,0,0.03125,0.054272,FOLD
river,3,23.91,10.46,133.98,0,0.00625,0.304335,FOLD
flop,1,26.89,25.71,111.44,0,0.7125,0.488783,RAISE
river,4,75.89,7.66,97.22,0,0.2,0.091682,CALL
turn,2,69.01,6.99,106.51,0,0.08125,0.091974,CALL
turn,4,71.21,0.0,57.9,0,0.75,0.0,BET
flop,4,11.44,7.96,129.2,0,0.2,0.410309,FOLD
turn,3,72.11,7.41,42.07,0,0.1875,0.093184,CALL
preflop,1,14.25,0.0,106.98,0,0.5375,0.0,CHECK
river,2,20.99,2.58,74.0,0,0.05,0.109461,FOLD
river,2,53.12,0.0,119.98,0,0.225,0.0,CHECK
flop,3,8.62,0.0,97.96,0,0.28125,0.0,CHECK
river,3,44.41,0.0,23.47,0,0.025,0.0,CHECK
preflop,1,8.24,7.36,133.36,0,0.55,0.471795,CALL
river,2,6.61,2.19,94.37,0,0.975,0.248864,RAISE
turn,1,45.16,28.93,49.2,0,0.58125,0.390471,CALL
river,1,63.97,0.0,145.0,0,0.425,0.0,CHECK
preflop,1,35.75,19.36,92.69,0,0.35625,0.351297,CALL
preflop,3,68.68,28.36,83.26,0,0.15625,0.292251,FOLD
turn,1,35.46,26.12,76.88,0,0.5375,0.424164,CALL
flop,1,19.78,0.0,36.9,0,0.21875,0.0,CHECK
flop,1,67.44,33.93,97.98,0,0.575,0.334714,CALL
preflop,2,17.12,0.0,134.9,0,0.43125,0.0,CHECK
flop,4,43.36,17.53,56.92,0,0.14375,0.287896,FOLD
turn,1,69.46,2.1,146.34,0,0.95625,0.029346,RAISE
turn,3,72.79,0.0,127.66,0,0.05625,0.0,CHECK
flop,3,59.64,0.0,133.69,0,0.525,0.0,CHECK
preflop,2,3.58,2.88,67.03,0,0.20625,0.44582,FOLD
preflop,4,20.42,8.26,74.94,0,0.13125,0.288006,FOLD
river,4,9.14,0.0,53.9,0,0.24375,0.0,CHECK
river,4,12.79,10.65,82.42,0,0.0,0.454352,FOLD
preflop,1,52.64,9.69,20.58,0,0.66875,0.155463,RAISE
turn,2,39.19,0.0,146.25,0,0.275,0.0,CHECK
river,3,32.36,1.02,93.14,0,0.29375,0.030557,CALL
river,1,2.5,1.47,59.36,0,0.6,0.370277,CALL
preflop,3,2.58,1.25,145.46,0,0.20625,0.326371,FOLD
river,3,69.63,0.0,41.21,0,0.025,0.0,CHECK
turn,3,16.35,1.03,29.61,0,0.325,0.059264,CALL
river,2,61.95,19.18,55.32,0,0.0,0.236411,FOLD
flop,3,29.78,18.08,119.42,0,0.1125,0.377768,FOLD
river,2,22.59,5.33,109.75,0,0.775,0.190903,RAISE
preflop,2,71.8,19.25,112.63,0,0.3125,0.211422,CALL
turn,2,26.06,17.21,145.53,0,0.11875,0.397735,FOLD
turn,4,23.07,0.0,93.26,0,0.13125,0.0,CHECK
river,3,8.69,0.0,90.96,0,0.1375,0.0,CHECK
preflop,2,66.45,0.0,110.16,0,0.2875,0.0,CHECK
river,3,42.04,28.16,117.58,0,0.225,0.40114,FOLD
preflop,3,13.7,0.0,83.48,0,0.1875,0.0,CHECK
flop,1,42.18,33.9,139.49,0,0.7,0.445584,RAISE
river,2,17.76,3.71,149.08,0,0.3625,0.172799,CALL
preflop,1,4.17,3.44,51.69,0,0.3,0.452037,FOLD
river,2,75.19,12.72,87.53,0,0.19375,0.144693,CALL
river,1,13.3,12.41,103.22,0,1.0,0.482692,RAISE
river,4,75.67,5.76,127.03,0,0.54375,0.070736,CALL
turn,2,57.22,0.0,31.83,0,0.0375,0.0,CHECK
turn,4,72.65,33.47,146.22,0,0.15,0.315398,FOLD
flop,4,31.49,0.0,130.48,0,0.0875,0.0,CHECK
turn,4,37.61,2.39,39.52,0,0.06875,0.05975,CALL
river,1,33.8,0.0,130.9,0,0.19375,0.0,CHECK
flop,1,28.4,7.23,118.74,0,0.34375,0.202919,CALL
turn,2,46.65,0.0,64.22,0,0.48125,0.0,CHECK
river,3,45.14,0.0,126.72,0,0.0,0.0,CHECK
river,4,68.99,32.52,49.2,0,0.1,0.320363,FOLD
flop,3,49.67,28.67,82.77,0,0.5125,0.365969,CALL
flop,2,64.66,26.67,75.6,0,0.725,0.292018,RAISE
turn,1,74.02,0.0,105.72,0,0.50625,0.0,CHECK
turn,1,26.01,0.0,40.58,0,0.4625,0.0,CHECK
flop,2,73.96,19.11,91.21,0,0.2,0.205329,CALL
turn,2,17.69,17.79,59.88,0,0.1375,0.501409,FOLD
preflop,3,70.99,8.51,103.65,0,0.2,0.107044,CALL
river,4,73.75,0.0,62.38,0,0.4375,0.0,CHECK
flop,2,76.39,0.0,122.05,0,0.275,0.0,CHECK
river,2,27.32,0.0,89.71,0,0.13125,0.0,CHECK
flop,4,47.99,0.0,149.91,0,0.18125,0.0,CHECK
preflop,2,75.95,1.62,69.98,0,0.525,0.020884,CALL
turn,4,30.43,19.41,67.29,0,0.025,0.389446,FOLD
turn,3,15.55,0.0,77.15,0,0.3375,0.0,CHECK
flop,2,31.65,21.26,133.24,0,0.225,0.401814,FOLD
flop,4,59.89,0.0,135.29,0,0.04375,0.0,CHECK
turn,3,50.18,24.52,71.42,0,0.725,0.328246,RAISE
turn,3,8.12,2.95,135.8,0,0.0125,0.266486,FOLD
turn,4,36.23,0.0,64.58,0,0.1,0.0,CHECK
river,2,30.21,0.0,63.55,0,0.9,0.0,BET
preflop,4,67.07,0.0,27.76,0,0.2125,0.0,CHECK
turn,1,58.18,15.88,84.51,0,0.35,0.214421,CALL
turn,4,68.06,13.6,141.23,0,0.0,0.166544,FOLD
flop,2,28.06,27.35,52.96,0,0.36875,0.493593,FOLD
turn,2,19.31,0.0,50.91,0,0.475,0.0,CHECK
turn,3,79.42,33.08,44.62,0,0.51875,0.294044,CALL
river,3,58.64,2.79,83.61,0,0.2,0.045418,CALL
flop,2,27.43,29.51,119.85,0,0.575,0.518265,CALL
river,1,14.76,7.06,89.52,0,0.5125,0.323556,CALL
river,3,69.78,15.23,129.87,0,0.33125,0.179155,CALL
flop,2,8.75,9.53,107.5,0,0.3125,0.521335,FOLD
turn,4,36.15,0.0,29.61,0,0.225,0.0,CHECK
turn,3,50.87,27.62,122.53,0,0.13125,0.351892,FOLD
flop,3,75.47,0.0,119.43,0,0.2875,0.0,CHECK
flop,4,19.78,0.0,115.66,0,0.075,0.0,CHECK
river,4,39.84,30.9,108.49,0,0.0,0.436811,FOLD
river,4,43.1,25.01,72.92,0,0.0,0.3672,FOLD
preflop,3,6.45,0.0,105.57,0,0.4125,0.0,CHECK
river,1,73.99,0.0,145.58,0,0.3625,0.0,CHECK
river,1,8.93,9.89,102.36,0,0.39375,0.525505,FOLD
flop,2,49.48,0.0,21.72,0,0.25,0.0,CHECK
preflop,2,35.97,0.0,120.86,0,0.2375,0.0,CHECK
flop,2,45.15,32.72,124.75,0,0.275,0.420187,FOLD
preflop,1,52.9,32.47,74.29,0,0.9125,0.380344,RAISE
preflop,4,5.18,5.5,58.91,0,0.20625,0.514981,FOLD
preflop,2,5.14,0.0,145.32,0,0.4875,0.0,CHECK
preflop,2,28.01,0.0,89.75,0,0.75625,0.0,BET
turn,1,51.57,0.0,73.25,0,0.875,0.0,BET
turn,4,66.79,9.84,131.72,0,0.0625,0.128409,FOLD
preflop,4,72.41,21.05,77.68,0,0.375,0.22523,CALL
river,2,19.59,6.65,142.63,0,0.5625,0.25343,CALL
flop,1,78.28,0.0,69.36,0,0.3625,0.0,CHECK
preflop,1,59.32,23.2,69.6,0,0.40625,0.281144,CALL
turn,3,33.63,33.38,141.86,0,0.04375,0.498135,FOLD
preflop,2,68.25,0.0,28.36,0,0.3,0.0,CHECK
turn,4,43.84,14.01,109.98,0,0.03125,0.242178,FOLD
flop,1,2.25,0.0,33.94,0,0.68125,0.0,BET
flop,3,32.8,29.13,81.52,0,0.30625,0.47037,FOLD
turn,1,28.58,14.11,133.31,0,0.3375,0.330522,CALL
river,4,35.82,5.14,29.43,0,0.0,0.125488,FOLD
preflop,3,18.57,11.7,122.75,0,0.28125,0.386521,FOLD
preflop,3,17.27,0.0,21.34,0,0.28125,0.0,CHECK
flop,1,49.6,0.0,66.65,0,0.3375,0.0,CHECK
turn,2,31.32,0.0,112.67,0,0.9375,0.0,BET
river,2,43.18,0.0,116.42,0,0.3625,0.0,CHECK
preflop,1,76.76,9.09,115.15,0,0.5125,0.105882,CALL
turn,2,76.25,0.0,124.0,0,0.125,0.0,CHECK
river,2,28.8,0.0,119.99,0,0.025,0.0,CHECK
turn,1,48.84,0.0,77.28,0,0.70625,0.0,BET
turn,1,37.26,0.0,125.55,0,0.25625,0.0,CHECK
river,2,4.48,0.0,110.97,0,0.725,0.0,BET
turn,4,70.67,0.0,144.44,0,0.0625,0.0,CHECK
flop,4,67.74,0.0,85.58,0,0.0375,0.0,CHECK
preflop,1,27.96,11.53,66.08,0,0.475,0.291973,CALL
turn,2,31.88,25.47,86.06,0,0.85625,0.444115,RAISE
river,2,74.8,0.0,133.62,0,0.0625,0.0,CHECK
river,1,14.01,2.23,58.09,0,0.05,0.137315,FOLD
flop,3,16.65,0.0,22.76,0,0.38125,0.0,CHECK
turn,3,58.68,17.36,75.66,0,0.55,0.228301,CALL
preflop,4,53.82,30.04,127.39,0,0.1625,0.358216,FOLD
river,3,9.84,7.68,89.44,0,0.0,0.438356,FOLD
flop,4,71.85,0.0,89.15,0,0.13125,0.0,CHECK
turn,3,21.91,2.75,132.46,0,0.05625,0.111517,FOLD
preflop,3,43.35,0.0,99.49,0,0.38125,0.0,CHECK
river,3,3.95,2.22,23.56,0,0.0,0.359806,FOLD
flop,2,45.79,0.0,147.94,0,0.1875,0.0,CHECK
turn,3,50.75,1.93,69.4,0,0.0625,0.036636,CALL
preflop,3,40.48,23.69,23.24,0,0.2875,0.369176,FOLD
river,2,60.82,0.0,49.91,0,0.00625,0.0,CHECK
preflop,1,66.03,0.0,42.0,0,0.6875,0.0,BET
turn,3,50.3,0.0,139.96,0,0.09375,0.0,CHECK
flop,3,25.5,20.07,52.06,0,0.075,0.440421,FOLD
flop,1,44.92,0.0,26.78,0,0.49375,0.0,CHECK
turn,1,25.76,0.0,54.42,0,0.7375,0.0,BET
turn,4,43.48,0.0,33.63,0,0.525,0.0,CHECK
river,3,53.8,0.0,24.85,0,0.0,0.0,CHECK
flop,4,39.64,34.43,104.53,0,0.06875,0.464831,FOLD
preflop,2,55.74,0.0,36.69,0,0.36875,0.0,CHECK
flop,1,22.85,0.99,33.36,0,0.10625,0.041527,CALL
flop,4,56.68,22.4,49.43,0,0.125,0.283257,FOLD
river,4,45.77,0.0,28.67,0,0.0125,0.0,CHECK
turn,4,2.5,0.0,145.1,0,0.175,0.0,CHECK
preflop,2,43.06,0.0,101.47,0,0.2375,0.0,CHECK
turn,2,8.36,0.0,85.23,0,0.025,0.0,CHECK
flop,4,51.22,27.25,104.35,0,0.13125,0.347266,FOLD
river,2,45.36,10.29,67.58,0,0.23125,0.184906,CALL
river,2,23.47,0.0,146.85,0,1.0,0.0,BET
flop,2,68.19,3.24,137.23,0,0.2375,0.045359,CALL
preflop,4,43.12,9.08,113.35,0,0.375,0.173946,CALL
flop,1,2.74,3.02,54.2,0,0.38125,0.524306,FOLD
river,3,15.46,0.0,66.56,0,0.375,0.0,CHECK
preflop,4,14.93,14.09,83.9,0,0.11875,0.485527,FOLD
turn,2,71.6,4.19,20.11,0,0.3,0.055284,CALL
flop,4,9.64,0.0,44.85,0,0.25625,0.0,CHECK
flop,4,8.79,8.1,30.49,0,0.0625,0.479574,FOLD
turn,1,11.45,10.03,26.95,0,0.5125,0.466946,CALL
river,1,37.83,11.97,76.77,0,0.3125,0.240361,CALL
turn,2,73.27,14.89,87.64,0,0.39375,0.168897,CALL
river,2,11.99,4.59,97.67,0,0.975,0.27684,RAISE
river,2,42.72,0.0,25.82,0,0.04375,0.0,CHECK
flop,4,56.2,0.0,45.17,0,0.25625,0.0,CHECK
flop,2,65.95,6.17,132.01,0,0.55,0.085552,CALL
river,4,15.33,0.0,123.98,0,0.0125,0.0,CHECK
preflop,4,59.37,0.0,28.28,0,0.16875,0.0,CHECK
preflop,3,70.97,22.59,129.85,0,0.175,0.241449,FOLD
turn,4,28.55,15.39,73.76,0,0.0,0.35025,FOLD
preflop,1,16.94,0.0,53.07,0,0.6,0.0,CHECK
turn,1,44.88,15.98,137.29,0,0.56875,0.26257,CALL
turn,2,44.8,29.86,92.97,0,0.44375,0.399946,CALL
flop,2,62.93,0.0,52.82,0,0.1125,0.0,CHECK
turn,3,45.16,28.33,88.3,0,0.175,0.385495,FOLD
flop,4,14.2,10.21,97.21,0,0.01875,0.418271,FOLD
flop,3,32.0,0.99,67.94,0,0.14375,0.030009,CALL
preflop,2,2.83,0.0,29.13,0,0.3625,0.0,CHECK
preflop,3,22.43,16.45,85.39,0,0.14375,0.423097,FOLD
turn,3,38.04,28.16,65.49,0,0.21875,0.425378,FOLD
flop,4,74.75,32.54,79.37,0,0.0875,0.30329,FOLD
turn,4,41.99,13.31,54.9,0,0.4125,0.240687,CALL
turn,3,26.63,16.35,88.43,0,0.11875,0.380409,FOLD
flop,2,61.37,0.0,130.83,0,0.325,0.0,CHECK
river,1,49.58,0.0,116.66,0,0.66875,0.0,BET
river,1,35.45,0.0,104.24,0,0.15625,0.0,CHECK
river,3,60.09,0.0,124.47,0,0.0,0.0,CHECK
flop,3,51.99,0.0,75.61,0,0.21875,0.0,CHECK
river,4,48.99,4.9,144.03,0,0.775,0.090926,RAISE
flop,4,75.41,11.2,117.66,0,0.3375,0.129315,CALL
preflop,1,34.36,0.0,54.8,0,0.575,0.0,CHECK
flop,3,67.17,0.0,129.13,0,0.54375,0.0,CHECK
river,3,5.34,5.08,42.45,0,0.0125,0.487524,FOLD
preflop,2,6.16,1.38,66.26,0,0.375,0.183024,CALL
river,3,46.48,0.0,29.47,0,0.16875,0.0,CHECK
turn,1,47.37,16.06,36.43,0,0.53125,0.253192,CALL
flop,3,67.55,0.0,39.81,0,0.125,0.0,CHECK
turn,3,59.62,0.0,67.06,0,0.225,0.0,CHECK
river,4,54.28,0.0,60.05,0,0.1875,0.0,CHECK
turn,2,3.89,3.41,106.8,0,0.45625,0.467123,CALL
preflop,3,45.94,0.0,91.72,0,0.075,0.0,CHECK
river,4,20.92,12.97,71.64,0,0.0,0.382709,FOLD
preflop,3,31.67,24.41,26.66,0,0.1125,0.435271,FOLD
preflop,4,33.56,0.0,120.96,0,0.48125,0.0,CHECK
flop,4,57.73,4.72,40.21,0,0.0375,0.07558,FOLD
river,3,19.12,0.0,55.84,0,0.70625,0.0,BET
turn,1,3.36,3.9,145.44,0,0.7625,0.53719,RAISE
flop,3,22.94,0.0,137.67,0,0.05,0.0,CHECK
flop,1,3.47,0.0,118.05,0,0.775,0.0,BET
flop,3,49.9,0.0,62.01,0,0.11875,0.0,CHECK
preflop,2,70.27,0.0,68.01,0,0.39375,0.0,CHECK
river,3,64.81,0.0,102.93,0,0.0,0.0,CHECK
preflop,3,46.11,0.0,105.43,0,0.25625,0.0,CHECK
preflop,4,66.95,0.0,140.57,0,0.34375,0.0,CHECK
river,3,19.96,0.0,130.74,0,0.0,0.0,CHECK
flop,2,4.33,2.76,97.9,0,0.13125,0.389281,FOLD
turn,3,45.35,24.74,98.82,0,0.0125,0.352975,FOLD
preflop,1,16.12,18.07,145.14,0,0.61875,0.528517,CALL
flop,2,31.24,0.0,29.11,0,0.7,0.0,BET
river,3,6.59,1.55,38.25,0,0.0,0.190418,FOLD
preflop,1,41.86,0.0,51.36,0,0.54375,0.0,CHECK
preflop,4,69.79,0.0,47.94,0,0.1625,0.0,CHECK
preflop,3,17.86,0.0,137.95,0,0.275,0.0,CHECK
river,1,47.19,0.0,125.25,0,0.88125,0.0,BET
preflop,2,64.73,15.26,47.7,0,0.4125,0.190774,CALL
turn,4,63.46,0.0,100.55,0,0.325,0.0,CHECK
turn,1,77.25,4.33,101.88,0,0.53125,0.053077,CALL
turn,4,8.35,6.6,52.55,0,0.18125,0.441472,FOLD
preflop,1,75.03,30.82,69.5,0,0.575,0.291167,CALL
river,3,48.08,0.0,83.55,0,0.075,0.0,CHECK
turn,1,51.23,0.0,67.39,0,0.225,0.0,CHECK
river,3,74.61,12.5,106.96,0,0.7375,0.143497,RAISE
preflop,3,59.0,0.0,21.57,0,0.3375,0.0,CHECK
river,1,29.57,22.79,39.66,0,0.7,0.435256,RAISE
flop,2,55.28,9.38,61.76,0,0.6625,0.145067,RAISE
turn,1,59.65,0.0,74.94,0,0.125,0.0,CHECK
flop,3,15.78,0.0,69.85,0,0.5625,0.0,CHECK
turn,3,20.81,21.62,144.72,0,0.0375,0.509545,FOLD
flop,1,60.79,0.0,132.23,0,0.65625,0.0,BET
river,2,18.23,0.0,23.71,0,0.35,0.0,CHECK
turn,2,26.61,0.0,114.69,0,0.0875,0.0,CHECK
flop,2,63.49,3.5,101.53,0,0.15625,0.052247,CALL
river,4,55.79,2.93,95.44,0,0.0,0.049898,FOLD
river,3,65.58,27.34,129.85,0,0.16875,0.294232,FOLD
flop,4,20.65,5.46,95.69,0,0.06875,0.209115,FOLD
river,3,25.35,0.0,61.29,0,0.15625,0.0,CHECK
turn,2,41.49,17.34,114.84,0,0.15,0.294748,FOLD
flop,3,32.21,1.93,37.2,0,0.16875,0.056532,CALL
river,2,48.99,13.51,73.19,0,0.61875,0.21616,CALL
flop,1,62.13,28.21,67.96,0,0.7875,0.312265,RAISE
river,1,70.61,24.13,149.4,0,0.20625,0.254697,FOLD
flop,1,65.3,0.0,53.41,0,0.7125,0.0,BET
turn,4,45.7,0.0,28.74,0,0.0,0.0,CHECK
river,1,73.92,0.0,99.1,0,0.44375,0.0,CHECK
flop,4,31.83,0.0,23.9,0,0.4875,0.0,CHECK
preflop,3,73.72,0.0,86.88,0,0.26875,0.0,CHECK
river,3,74.13,2.83,113.9,0,0.1125,0.036772,CALL
preflop,1,31.36,11.75,66.29,0,0.625,0.272559,CALL
flop,3,76.52,5.91,76.31,0,0.15625,0.071697,CALL
river,1,56.26,7.76,67.95,0,0.39375,0.121212,CALL
flop,3,18.94,12.28,129.95,0,0.1375,0.393338,FOLD
flop,2,19.37,0.0,116.31,0,0.875,0.0,BET
flop,1,14.35,6.25,47.47,0,0.9375,0.303398,RAISE
turn,3,55.81,0.0,95.47,0,0.05,0.0,CHECK
river,1,14.23,12.03,44.08,0,0.175,0.458111,FOLD
flop,2,28.89,23.19,103.91,0,0.58125,0.445276,CALL
preflop,4,48.58,19.2,111.86,0,0.15625,0.283269,FOLD
preflop,1,78.4,0.0,134.73,0,0.39375,0.0,CHECK
turn,1,42.06,16.23,143.59,0,0.7875,0.278435,RAISE
preflop,1,9.32,9.23,22.91,0,0.2625,0.497574,FOLD
flop,4,9.33,0.0,113.22,0,0.06875,0.0,CHECK
preflop,2,50.54,12.74,101.14,0,0.3125,0.201327,CALL
flop,2,35.19,0.0,139.65,0,0.3375,0.0,CHECK
river,1,79.56,13.28,110.4,0,0.14375,0.143042,CALL
flop,4,74.29,0.0,30.95,0,0.10625,0.0,CHECK
preflop,4,64.6,0.0,126.48,0,0.325,0.0,CHECK
flop,4,22.55,18.4,105.74,0,0.36875,0.449328,FOLD
turn,3,4.92,1.54,93.25,0,0.0875,0.23839,FOLD
preflop,4,53.09,10.72,111.08,0,0.14375,0.167999,FOLD
flop,3,26.38,0.0,30.66,0,0.35,0.0,CHECK
flop,3,5.86,0.0,84.44,0,0.50625,0.0,CHECK
preflop,1,54.27,0.0,83.85,0,0.59375,0.0,CHECK
turn,1,64.25,0.0,27.36,0,0.575,0.0,CHECK
preflop,2,13.82,12.79,60.25,0,0.28125,0.480646,FOLD
river,4,72.37,19.2,113.45,0,0.33125,0.209676,CALL
turn,2,39.01,6.47,103.46,0,0.16875,0.14226,CALL
flop,1,14.7,16.92,74.03,0,0.3125,0.535104,FOLD
turn,1,44.77,0.0,143.88,0,0.36875,0.0,CHECK
preflop,2,40.58,0.0,72.8,0,0.2375,0.0,CHECK
turn,1,14.91,7.33,70.17,0,0.44375,0.329586,CALL
preflop,2,47.3,3.07,20.84,0,0.34375,0.060949,CALL
river,1,63.82,0.0,96.18,0,0.7875,0.0,BET
flop,3,11.72,7.34,147.2,0,0.15625,0.3851,FOLD
river,3,16.99,0.0,53.26,0,0.0,0.0,CHECK
flop,4,59.37,2.81,134.22,0,0.20625,0.045191,CALL
preflop,3,76.95,0.0,34.62,0,0.25625,0.0,CHECK
flop,1,2.62,1.35,96.78,0,0.325,0.34005,CALL
turn,2,14.93,0.0,124.46,0,0.14375,0.0,CHECK
turn,2,43.28,3.25,71.6,0,0.1375,0.069847,CALL
preflop,4,44.9,0.0,29.3,0,0.2875,0.0,CHECK
flop,2,4.75,2.9,102.23,0,0.41875,0.379085,CALL
flop,4,11.48,0.0,71.71,0,0.0875,0.0,CHECK
flop,2,62.9,0.0,65.17,0,0.44375,0.0,CHECK
preflop,1,45.86,0.0,84.26,0,0.38125,0.0,CHECK
flop,3,44.73,21.23,139.04,0,0.6625,0.321862,RAISE
preflop,2,7.63,0.0,95.08,0,0.425,0.0,CHECK
preflop,4,36.56,0.0,107.55,0,0.15,0.0,CHECK
turn,1,26.53,5.52,58.03,0,0.76875,0.172231,RAISE
turn,3,10.59,2.99,143.54,0,0.3,0.220177,CALL
preflop,3,47.39,6.57,101.35,0,0.25625,0.121757,CALL
flop,2,40.61,2.8,21.75,0,0.61875,0.064501,CALL
river,2,36.53,14.34,124.75,0,0.0125,0.281895,FOLD
river,3,8.45,0.0,71.82,0,0.2125,0.0,CHECK
turn,1,72.57,0.0,115.93,0,0.39375,0.0,CHECK
flop,1,64.33,24.48,71.44,0,0.18125,0.275645,FOLD
flop,3,18.74,0.0,131.84,0,0.04375,0.0,CHECK
river,3,18.07,0.0,22.67,0,0.9875,0.0,BET
river,1,32.74,0.0,34.14,0,0.2125,0.0,CHECK
preflop,4,3.99,0.0,79.55,0,0.20625,0.0,CHECK
turn,1,62.47,7.67,43.07,0,0.3,0.109353,CALL
turn,1,20.15,3.42,31.69,0,0.7125,0.1451,RAISE
flop,2,16.45,0.0,91.86,0,0.525,0.0,CHECK
flop,1,16.87,0.0,95.99,0,0.6375,0.0,BET
turn,1,9.34,8.39,132.23,0,0.11875,0.473209,FOLD
turn,3,41.12,28.34,32.41,0,0.59375,0.408005,CALL
flop,4,41.18,4.1,132.02,0,0.275,0.090548,CALL
preflop,4,8.47,7.29,118.8,0,0.175,0.462563,FOLD
preflop,1,35.88,0.0,136.76,0,0.5,0.0,CHECK
flop,1,49.81,17.08,74.87,0,0.55,0.255345,CALL
turn,1,53.92,2.02,85.5,0,0.3875,0.03611,CALL
river,1,68.6,25.11,37.21,0,0.65,0.267954,RAISE
preflop,3,63.7,0.0,140.2,0,0.1625,0.0,CHECK
preflop,3,75.32,0.95,69.85,0,0.19375,0.012456,CALL
preflop,4,30.41,0.0,20.07,0,0.09375,0.0,CHECK
river,3,4.43,2.98,34.3,0,0.26875,0.402159,FOLD
river,2,47.48,0.0,121.08,0,0.0375,0.0,CHECK
preflop,4,22.47,5.81,143.26,0,0.14375,0.205446,FOLD
preflop,3,13.02,12.31,124.49,0,0.225,0.485985,FOLD
preflop,2,7.78,0.0,71.64,0,0.26875,0.0,CHECK
turn,3,17.22,0.0,81.9,0,0.0375,0.0,CHECK
turn,4,69.3,29.06,78.15,0,0.025,0.295445,FOLD
preflop,4,48.73,30.77,83.76,0,0.1,0.387044,FOLD
preflop,4,25.78,6.66,108.46,0,0.3125,0.205302,CALL
flop,1,36.19,6.97,136.34,0,0.825,0.161492,RAISE
flop,4,75.87,1.34,84.68,0,0.1625,0.017355,CALL
flop,4,56.04,32.74,91.28,0,0.43125,0.368777,CALL
preflop,2,77.8,0.0,137.33,0,0.125,0.0,CHECK
turn,3,23.57,13.71,79.6,0,0.00625,0.367758,FOLD
preflop,3,72.42,12.85,123.65,0,0.28125,0.150698,CALL
turn,4,29.61,31.96,26.84,0,0.04375,0.519084,FOLD
flop,3,20.72,0.0,97.54,0,0.5375,0.0,CHECK
turn,3,64.47,5.13,74.99,0,0.175,0.073707,CALL
preflop,1,14.07,14.93,139.85,0,0.425,0.514828,FOLD
river,1,37.06,0.0,89.92,0,0.275,0.0,CHECK
preflop,3,35.93,18.63,30.07,0,0.21875,0.341459,FOLD
river,4,41.96,14.64,111.62,0,0.0,0.258657,FOLD
river,1,34.48,0.0,29.9,0,0.29375,0.0,CHECK
flop,4,36.0,19.08,93.84,0,0.1375,0.346405,FOLD
river,3,10.23,9.73,80.04,0,0.00625,0.487475,FOLD
flop,4,69.67,31.15,90.32,0,0.1125,0.308966,FOLD
river,3,45.86,13.98,26.43,0,0.0125,0.233623,FOLD
flop,3,5.57,6.19,111.58,0,0.24375,0.526361,FOLD
turn,1,72.03,0.0,30.26,0,0.45,0.0,CHECK
turn,1,49.91,0.0,146.25,0,0.91875,0.0,BET
preflop,2,50.77,6.96,122.73,0,0.31875,0.120561,CALL
turn,3,51.06,13.3,49.44,0,0.10625,0.20665,FOLD
preflop,1,6.93,6.73,139.24,0,0.58125,0.492679,CALL
preflop,4,35.32,23.12,24.87,0,0.175,0.395619,FOLD
turn,2,23.82,11.21,130.87,0,0.3375,0.320011,CALL
river,1,50.98,16.52,143.22,0,0.9125,0.244741,RAISE
flop,2,15.48,14.25,45.11,0,0.35625,0.479314,FOLD
turn,1,43.35,26.35,66.91,0,0.09375,0.378049,FOLD
preflop,2,45.83,5.88,75.87,0,0.3125,0.113711,CALL
flop,3,57.91,3.17,95.61,0,0.14375,0.051899,CALL
preflop,3,42.28,0.0,129.16,0,0.38125,0.0,CHECK
turn,1,76.36,0.0,50.44,0,0.74375,0.0,BET
preflop,3,61.54,0.0,116.1,0,0.13125,0.0,CHECK
preflop,4,30.13,14.29,111.17,0,0.24375,0.321702,FOLD
flop,4,51.48,0.0,54.63,0,0.075,0.0,CHECK
flop,4,14.35,10.7,97.21,0,0.20625,0.427146,FOLD
preflop,4,20.34,0.0,31.4,0,0.11875,0.0,CHECK
preflop,3,61.47,10.5,91.29,0,0.2,0.145894,CALL
turn,3,5.6,1.35,115.2,0,0.03125,0.194245,FOLD
preflop,3,61.87,0.0,126.38,0,0.2125,0.0,CHECK
turn,3,7.52,0.0,140.91,0,0.10625,0.0,CHECK
turn,4,21.73,0.0,133.77,0,0.13125,0.0,CHECK
preflop,4,63.89,33.43,45.88,0,0.125,0.343506,FOLD
flop,4,73.06,0.0,73.57,0,0.0875,0.0,CHECK
flop,4,56.99,0.0,28.37,0,0.1875,0.0,CHECK
preflop,3,4.19,3.69,67.05,0,0.26875,0.468274,FOLD
flop,1,68.41,5.86,102.61,0,0.4125,0.078901,CALL
river,1,53.52,19.44,95.91,0,0.0625,0.266447,FOLD
flop,1,10.25,10.32,80.18,0,0.91875,0.501702,RAISE
preflop,3,21.05,5.47,126.58,0,0.1375,0.206259,FOLD
preflop,1,37.21,23.22,68.1,0,0.85,0.384246,RAISE
preflop,4,43.82,32.59,112.49,0,0.18125,0.426515,FOLD
river,3,75.39,0.0,97.35,0,0.5375,0.0,CHECK
preflop,4,10.63,12.53,71.02,0,0.1,0.541019,FOLD
preflop,2,19.63,18.27,43.65,0,0.325,0.482058,FOLD
turn,3,45.6,34.24,29.7,0,0.7125,0.428858,RAISE
turn,3,64.67,0.0,36.25,0,0.3625,0.0,CHECK
flop,3,7.72,3.69,135.49,0,0.49375,0.323401,CALL
flop,3,62.64,0.0,68.41,0,0.34375,0.0,CHECK
river,1,36.78,9.36,34.6,0,0.4125,0.202861,CALL
turn,2,34.93,14.56,31.67,0,0.61875,0.294201,CALL
river,3,19.85,0.0,29.48,0,0.55,0.0,CHECK
preflop,4,17.97,0.0,72.11,0,0.3375,0.0,CHECK
flop,1,12.42,0.0,21.43,0,0.45,0.0,CHECK
flop,3,63.94,15.41,115.18,0,0.1375,0.194203,FOLD
preflop,1,23.42,5.96,82.79,0,0.6625,0.202859,RAISE
turn,2,5.61,0.0,62.83,0,0.0125,0.0,CHECK
turn,4,47.08,0.0,20.17,0,0.2625,0.0,CHECK
preflop,4,49.76,2.81,130.13,0,0.4125,0.053453,CALL
flop,4,63.94,0.0,21.82,0,0.00625,0.0,CHECK
preflop,2,73.19,31.59,33.56,0,0.29375,0.301489,CALL
preflop,2,23.74,6.83,89.55,0,0.35625,0.223422,CALL
flop,1,60.35,34.28,123.16,0,0.6625,0.362253,RAISE
flop,1,70.36,6.08,149.27,0,0.18125,0.07954,CALL
flop,3,45.16,0.0,52.16,0,0.1,0.0,CHECK
turn,2,53.49,0.0,105.67,0,0.0125,0.0,CHECK
preflop,4,54.24,9.38,145.29,0,0.18125,0.147438,CALL
turn,4,14.91,0.0,143.32,0,0.00625,0.0,CHECK
preflop,3,47.35,0.0,98.31,0,0.21875,0.0,CHECK
preflop,1,10.78,2.64,113.49,0,0.73125,0.196721,RAISE
preflop,1,59.66,28.78,34.82,0,0.45625,0.325418,CALL
flop,3,8.73,3.76,84.65,0,0.3125,0.301041,CALL
preflop,4,74.78,15.44,28.73,0,0.28125,0.171137,CALL
preflop,4,14.86,9.85,74.75,0,0.1125,0.398624,FOLD
river,3,79.2,0.0,43.82,0,0.05625,0.0,CHECK
turn,1,56.28,9.11,35.55,0,0.6,0.139318,CALL
flop,3,68.12,28.8,53.31,0,0.09375,0.297152,FOLD
preflop,4,53.88,28.55,146.16,0,0.18125,0.346354,FOLD
preflop,4,13.66,11.87,87.47,0,0.1625,0.464943,FOLD
turn,4,45.6,20.85,38.88,0,0.51875,0.31377,CALL
turn,2,44.51,33.85,107.36,0,0.39375,0.431981,FOLD
flop,4,57.96,6.35,63.27,0,0.0625,0.09874,FOLD
turn,3,47.84,20.45,42.0,0,0.24375,0.299458,FOLD
turn,2,13.86,0.0,76.98,0,0.1625,0.0,CHECK
turn,4,73.39,24.84,43.93,0,0.0875,0.252876,FOLD
preflop,2,56.34,0.0,143.63,0,0.16875,0.0,CHECK
flop,1,15.28,14.04,124.15,0,0.23125,0.478854,FOLD
river,3,64.57,0.0,31.7,0,0.94375,0.0,BET
river,2,24.0,21.64,53.7,0,0.275,0.474145,FOLD
preflop,3,64.0,9.91,140.89,0,0.2,0.134082,CALL
river,2,64.81,27.74,116.28,0,0.0,0.29973,FOLD
turn,3,27.53,0.0,108.35,0,0.025,0.0,CHECK
preflop,4,78.79,10.32,28.53,0,0.05625,0.115812,FOLD
river,4,14.78,0.58,50.18,0,0.1125,0.03776,CALL
river,1,4.97,0.0,92.04,0,0.39375,0.0,CHECK
turn,4,34.26,0.0,141.22,0,0.0,0.0,CHECK
flop,2,52.82,32.51,127.71,0,0.675,0.380991,RAISE
turn,4,57.48,6.12,145.16,0,0.0375,0.096226,FOLD
flop,3,61.24,3.63,22.76,0,0.0375,0.055958,CALL
preflop,2,14.55,0.0,141.64,0,0.2875,0.0,CHECK
flop,1,77.72,0.0,74.34,0,0.4,0.0,CHECK
preflop,3,46.4,0.0,21.29,0,0.325,0.0,CHECK
turn,1,56.75,0.0,40.2,0,0.8125,0.0,BET
preflop,1,14.76,0.51,142.23,0,0.35625,0.033399,CALL
preflop,2,43.47,14.38,120.38,0,0.21875,0.248574,FOLD
river,2,78.67,0.0,55.73,0,0.86875,0.0,BET
flop,2,69.33,0.0,149.72,0,0.26875,0.0,CHECK
turn,4,13.32,5.0,137.68,0,0.275,0.272926,CALL
flop,1,68.78,0.0,34.96,0,0.75625,0.0,BET
turn,2,54.71,0.0,134.82,0,0.0625,0.0,CHECK
river,2,19.39,12.27,101.71,0,0.00625,0.387555,FOLD
flop,3,2.77,2.22,86.84,0,0.2375,0.44489,FOLD
turn,1,43.63,0.0,53.03,0,0.19375,0.0,CHECK
turn,4,8.8,0.0,51.46,0,0.0125,0.0,CHECK
turn,2,35.4,0.0,49.69,0,0.0375,0.0,CHECK
flop,3,71.37,12.2,45.15,0,0.35625,0.145985,CALL
turn,1,55.24,0.0,117.48,0,0.43125,0.0,CHECK
river,1,39.81,2.12,98.18,0,0.275,0.05056,CALL
preflop,3,11.53,0.0,99.2,0,0.2625,0.0,CHECK
river,4,63.4,18.0,123.12,0,0.0,0.22113,FOLD
turn,4,45.45,25.79,76.92,0,0.1875,0.362016,FOLD
turn,2,52.43,26.96,126.91,0,0.25,0.339589,FOLD
river,2,48.85,0.0,40.83,0,1.0,0.0,BET
turn,2,30.6,0.0,73.98,0,0.44375,0.0,CHECK
river,3,64.0,19.1,132.37,0,0.0,0.229844,FOLD
turn,3,6.93,0.0,138.12,0,0.1,0.0,CHECK
river,2,27.97,22.17,87.27,0,0.525,0.442162,CALL
turn,1,3.13,1.86,30.31,0,0.58125,0.372745,CALL
preflop,4,52.97,0.0,117.31,0,0.275,0.0,CHECK
river,4,3.0,2.01,105.67,0,0.8,0.401198,RAISE
preflop,1,38.15,34.87,119.03,0,0.48125,0.47754,CALL
flop,4,39.53,8.67,111.69,0,0.11875,0.179876,FOLD
river,4,76.91,0.0,109.89,0,0.7625,0.0,BET
preflop,3,16.22,4.57,98.18,0,0.325,0.219817,CALL
flop,3,64.13,5.24,124.05,0,0.0625,0.075537,CALL
flop,3,44.98,0.0,147.81,0,0.3875,0.0,CHECK
flop,1,13.35,4.41,144.17,0,0.775,0.248311,RAISE
river,1,50.02,14.57,71.39,0,0.5375,0.225577,CALL
turn,1,43.35,9.39,28.96,0,0.4,0.178043,CALL
flop,3,65.77,22.37,47.01,0,0.1,0.253801,FOLD
preflop,1,66.15,0.0,41.03,0,0.4625,0.0,CHECK
flop,3,51.04,0.0,42.93,0,0.13125,0.0,CHECK
turn,2,29.36,0.0,21.17,0,0.1125,0.0,CHECK
flop,4,57.99,10.99,30.75,0,0.15625,0.159322,CALL
flop,3,40.9,0.75,53.92,0,0.06875,0.018007,CALL
turn,4,9.43,0.0,31.45,0,0.40625,0.0,CHECK
preflop,2,16.03,0.0,54.32,0,0.25,0.0,CHECK
turn,3,66.65,9.2,119.47,0,0.025,0.121292,FOLD
turn,2,29.93,0.0,147.67,0,0.3375,0.0,CHECK
preflop,1,5.39,0.0,24.81,0,0.61875,0.0,CHECK
turn,4,14.66,9.03,30.29,0,0.2125,0.381173,FOLD
flop,4,33.21,0.0,99.42,0,0.08125,0.0,CHECK
turn,3,5.23,1.13,123.15,0,0.24375,0.177673,CALL
turn,2,63.49,31.27,125.58,0,0.15,0.329992,FOLD
preflop,1,3.19,2.68,113.64,0,0.5,0.456559,CALL
preflop,4,12.22,0.0,47.86,0,0.1375,0.0,CHECK
preflop,2,47.19,34.33,95.75,0,0.28125,0.421124,FOLD
flop,1,2.59,1.19,134.41,0,0.64375,0.314815,CALL
river,2,16.18,0.0,51.46,0,0.75,0.0,BET
river,4,66.39,18.91,97.51,0,0.0375,0.221688,FOLD
river,3,63.87,13.7,25.97,0,0.425,0.176615,CALL
flop,2,34.73,28.39,141.67,0,0.40625,0.449778,FOLD
river,2,75.87,0.0,105.52,0,0.0,0.0,CHECK
preflop,3,35.8,0.0,35.67,0,0.2875,0.0,CHECK
preflop,2,56.28,0.0,141.08,0,0.38125,0.0,CHECK
turn,3,61.31,11.56,126.24,0,0.18125,0.158639,CALL
flop,2,19.29,0.0,138.03,0,0.59375,0.0,CHECK
river,4,57.96,0.0,132.72,0,0.35,0.0,CHECK
flop,3,69.15,13.49,132.48,0,0.6375,0.163238,CALL
flop,1,74.39,0.0,101.01,0,0.575,0.0,CHECK
turn,1,3.88,1.78,45.69,0,0.96875,0.314488,RAISE
flop,2,15.09,12.46,113.71,0,0.30625,0.452269,FOLD
turn,1,42.49,0.0,99.31,0,0.04375,0.0,CHECK
river,1,61.75,0.0,110.35,0,0.3,0.0,CHECK
turn,1,70.67,0.0,102.34,0,0.1375,0.0,CHECK
river,2,42.28,0.0,124.4,0,0.96875,0.0,BET
preflop,1,26.89,0.0,74.61,0,0.475,0.0,CHECK
flop,2,19.52,15.49,63.98,0,0.54375,0.442445,CALL
flop,1,5.77,2.78,73.1,0,0.56875,0.325146,CALL
river,4,49.29,6.06,61.45,0,0.0,0.109485,FOLD
flop,2,66.2,3.96,68.2,0,0.1,0.056442,CALL
flop,1,48.31,28.29,22.96,0,0.425,0.369321,CALL
preflop,4,26.71,31.78,21.72,0,0.1125,0.543341,FOLD
preflop,4,67.44,0.0,113.08,0,0.2,0.0,CHECK
river,4,59.1,23.29,29.33,0,0.40625,0.28268,CALL
turn,4,48.29,0.0,47.19,0,0.0,0.0,CHECK
river,2,32.42,4.66,45.03,0,0.7,0.125674,RAISE
preflop,4,27.04,0.0,24.04,0,0.15,0.0,CHECK
river,2,54.49,0.0,88.7,0,0.075,0.0,CHECK
preflop,3,43.03,0.0,41.96,0,0.19375,0.0,CHECK
river,3,64.69,0.0,134.38,0,0.54375,0.0,CHECK
turn,2,8.8,2.55,81.68,0,0.58125,0.22467,CALL
turn,1,66.35,31.29,125.26,0,0.675,0.320463,RAISE
river,2,42.03,0.0,27.01,0,0.0,0.0,CHECK
flop,1,2.66,1.1,148.15,0,0.75,0.292553,RAISE
preflop,2,38.2,24.83,43.13,0,0.375,0.393939,CALL
flop,4,17.03,0.0,56.61,0,0.1,0.0,CHECK
turn,2,49.68,0.0,79.15,0,0.0,0.0,CHECK
flop,2,9.56,7.29,136.4,0,0.43125,0.432641,CALL
river,1,19.28,13.32,29.32,0,0.675,0.408589,RAISE
turn,1,19.03,0.0,131.67,0,0.2,0.0,CHECK
flop,3,52.53,0.0,59.01,0,0.7375,0.0,BET
flop,3,78.85,25.58,29.52,0,0.4,0.244949,CALL
flop,1,9.82,0.0,109.79,0,0.54375,0.0,CHECK
river,1,48.29,0.0,138.69,0,0.075,0.0,CHECK
preflop,1,33.8,4.5,37.58,0,0.4375,0.117493,CALL
river,2,37.54,16.31,128.69,0,0.45625,0.302878,CALL
flop,1,11.81,1.72,125.9,0,0.45625,0.127125,CALL
river,1,18.68,0.0,117.69,0,0.46875,0.0,CHECK
turn,3,50.12,24.3,54.32,0,0.2125,0.326525,FOLD
flop,4,9.35,3.98,25.87,0,0.075,0.298575,FOLD
flop,3,43.38,31.15,51.36,0,0.2125,0.417953,FOLD
preflop,4,16.08,0.0,74.67,0,0.175,0.0,CHECK
flop,1,57.76,0.57,37.48,0,0.14375,0.009772,CALL
turn,1,7.42,8.84,83.42,0,0.75625,0.543665,RAISE
turn,2,36.15,0.0,55.1,0,0.1875,0.0,CHECK
river,4,39.96,0.0,101.73,0,0.2125,0.0,CHECK
preflop,4,34.45,0.0,36.88,0,0.18125,0.0,CHECK
turn,2,24.46,6.38,110.08,0,0.20625,0.206874,CALL
preflop,3,13.39,0.0,54.39,0,0.23125,0.0,CHECK
flop,3,21.7,0.0,118.14,0,0.0125,0.0,CHECK
preflop,4,39.19,13.75,23.52,0,0.15,0.259728,FOLD
flop,4,73.13,27.2,69.33,0,0.1,0.271105,FOLD
preflop,3,2.88,0.99,98.96,0,0.2,0.255814,FOLD
preflop,2,51.26,0.0,97.44,0,0.4875,0.0,CHECK
flop,4,17.72,8.12,107.46,0,0.19375,0.314241,FOLD
river,4,9.98,1.38,138.57,0,0.04375,0.121479,FOLD
flop,1,68.93,21.69,59.15,0,0.38125,0.239351,CALL
turn,3,30.12,0.0,67.22,0,0.1,0.0,CHECK
flop,1,20.57,7.72,97.91,0,0.3,0.272888,CALL
flop,4,77.81,11.95,87.24,0,0.23125,0.133133,CALL
flop,4,41.99,0.0,82.97,0,0.1,0.0,CHECK
turn,1,24.22,27.65,141.79,0,0.38125,0.533063,FOLD
flop,2,54.97,0.0,49.39,0,0.1375,0.0,CHECK
flop,2,14.13,5.01,64.33,0,0.28125,0.261755,CALL
preflop,2,59.42,2.18,41.98,0,0.41875,0.03539,CALL
river,4,46.75,11.44,68.15,0,0.0875,0.196597,FOLD
flop,1,5.12,1.5,23.98,0,0.3625,0.226586,CALL
turn,4,78.06,32.83,61.05,0,0.03125,0.296059,FOLD
river,2,69.02,0.0,99.98,0,0.825,0.0,BET
flop,3,31.4,25.0,120.17,0,0.06875,0.443262,FOLD
preflop,2,57.59,0.0,60.36,0,0.45,0.0,CHECK
preflop,2,13.15,2.64,94.32,0,0.2375,0.167194,CALL
river,4,23.11,0.0,105.8,0,0.025,0.0,CHECK
preflop,3,7.47,0.0,64.78,0,0.125,0.0,CHECK
river,1,65.76,8.79,145.31,0,0.625,0.117907,CALL
turn,1,58.94,21.78,34.29,0,0.7375,0.269822,RAISE
river,2,37.08,6.79,22.15,0,0.1875,0.154775,CALL
river,3,4.05,1.71,76.1,0,0.35625,0.296875,CALL
flop,3,2.96,2.83,113.81,0,0.2375,0.488774,FOLD
turn,1,20.94,0.0,93.11,0,0.7,0.0,BET
turn,2,10.64,0.0,22.08,0,0.20625,0.0,CHECK
turn,1,10.21,8.96,47.9,0,0.3375,0.467397,FOLD
river,4,65.82,30.95,51.68,0,0.0,0.319831,FOLD
flop,2,21.21,25.03,88.81,0,0.08125,0.541306,FOLD
flop,3,4.51,0.0,79.21,0,0.55625,0.0,CHECK
flop,1,21.62,15.02,59.76,0,0.23125,0.409934,FOLD
turn,3,36.81,23.08,36.32,0,0.18125,0.385373,FOLD
turn,1,26.75,1.89,97.54,0,0.325,0.065992,CALL
preflop,3,6.77,0.0,149.61,0,0.1625,0.0,CHECK
river,2,10.36,0.0,37.62,0,0.3,0.0,CHECK
turn,2,64.2,14.52,118.69,0,0.65,0.184451,RAISE
turn,4,41.92,24.42,32.7,0,0.58125,0.368104,CALL
turn,1,9.37,0.0,98.53,0,0.325,0.0,CHECK
turn,4,33.98,31.53,67.33,0,0.18125,0.481301,FOLD
flop,1,7.3,6.18,48.48,0,0.16875,0.458457,FOLD
turn,1,54.02,25.86,27.65,0,0.3,0.323736,FOLD
river,3,72.02,18.02,23.82,0,0.69375,0.200133,RAISE
preflop,4,47.27,27.94,46.15,0,0.15625,0.371493,FOLD
preflop,3,76.15,0.0,61.35,0,0.20625,0.0,CHECK
flop,3,50.15,9.3,137.9,0,0.45,0.156434,CALL
turn,4,16.98,9.97,51.08,0,0.1875,0.369944,FOLD
preflop,1,46.79,11.74,106.68,0,0.48125,0.200581,CALL
flop,4,8.85,0.0,91.41,0,0.0875,0.0,CHECK
river,4,73.77,31.66,78.49,0,0.0,0.300294,FOLD
flop,2,40.77,17.67,71.86,0,0.44375,0.302361,CALL
turn,2,12.12,14.24,37.03,0,0.10625,0.540212,FOLD
preflop,4,30.1,2.96,142.14,0,0.33125,0.089534,CALL
preflop,1,44.18,17.08,117.27,0,0.3625,0.278812,CALL
flop,3,69.62,0.0,87.72,0,0.08125,0.0,CHECK
river,1,57.0,32.67,120.53,0,0.475,0.364336,CALL
preflop,3,15.95,0.0,148.77,0,0.325,0.0,CHECK
turn,2,72.35,0.0,74.01,0,0.35,0.0,CHECK
turn,2,50.67,11.85,85.93,0,0.18125,0.189539,CALL
flop,1,67.65,0.0,73.59,0,0.85625,0.0,BET
river,1,43.36,0.0,53.0,0,0.53125,0.0,CHECK
preflop,1,50.4,0.0,84.94,0,0.575,0.0,CHECK
turn,4,72.59,27.64,105.53,0,0.09375,0.275766,FOLD
flop,2,13.84,0.0,120.54,0,0.29375,0.0,CHECK
preflop,3,2.58,0.0,68.26,0,0.2,0.0,CHECK
preflop,3,32.52,32.83,34.82,0,0.25,0.502372,FOLD
turn,4,14.97,0.0,136.28,0,0.3125,0.0,CHECK
preflop,2,10.34,0.0,35.87,0,0.3625,0.0,CHECK
flop,2,5.37,2.51,93.93,0,0.5375,0.318528,CALL
turn,4,71.79,0.0,141.09,0,0.275,0.0,CHECK
preflop,4,13.1,6.19,70.25,0,0.2625,0.320892,FOLD
preflop,2,42.96,0.0,29.68,0,0.275,0.0,CHECK
flop,2,54.13,28.61,40.16,0,0.25,0.345782,FOLD
flop,4,73.36,0.0,94.97,0,0.4625,0.0,CHECK
preflop,1,28.11,31.64,25.04,0,0.65625,0.52954,RAISE
turn,3,61.89,0.0,33.1,0,0.0375,0.0,CHECK
turn,1,54.18,0.0,26.01,0,0.1125,0.0,CHECK
flop,1,2.01,1.31,132.37,0,0.39375,0.394578,CALL
river,1,73.65,30.44,128.79,0,0.8,0.292439,RAISE
river,4,28.84,29.03,75.88,0,0.0,0.501642,FOLD
preflop,4,25.88,4.72,88.43,0,0.1625,0.154248,CALL
preflop,2,73.49,0.0,127.36,0,0.38125,0.0,CHECK
flop,1,53.73,24.75,50.54,0,0.18125,0.315367,FOLD
turn,4,59.2,5.37,106.98,0,0.09375,0.083166,CALL
preflop,1,18.54,0.55,144.5,0,0.4375,0.028811,CALL
flop,4,60.7,0.0,146.89,0,0.025,0.0,CHECK
river,2,5.94,0.0,125.72,0,0.1375,0.0,CHECK
river,3,57.5,9.03,128.07,0,0.0125,0.135728,FOLD
preflop,1,67.71,0.0,44.73,0,0.5625,0.0,CHECK
preflop,2,4.38,0.0,42.93,0,0.4,0.0,CHECK
flop,1,50.24,0.0,41.77,0,0.70625,0.0,BET
preflop,1,57.51,4.15,65.69,0,0.4875,0.067305,CALL
flop,4,13.59,9.76,82.72,0,0.03125,0.417987,FOLD
flop,1,72.26,0.0,78.26,0,0.71875,0.0,BET
river,2,74.91,0.0,55.89,0,0.0,0.0,CHECK
river,1,52.01,9.78,72.41,0,0.46875,0.158278,CALL
preflop,2,59.79,0.0,69.58,0,0.30625,0.0,CHECK
flop,1,14.0,9.17,119.93,0,0.75,0.39577,RAISE
river,4,13.79,7.99,108.02,0,0.0875,0.36685,FOLD
turn,1,15.63,11.94,106.14,0,0.28125,0.433079,FOLD
river,3,40.5,0.0,20.63,0,0.74375,0.0,BET
preflop,1,72.64,11.56,76.74,0,0.56875,0.137292,CALL
flop,2,76.2,0.0,94.14,0,0.23125,0.0,CHECK
preflop,2,5.6,6.61,69.98,0,0.24375,0.54136,FOLD
river,3,26.98,0.0,39.32,0,0.9125,0.0,BET
flop,2,68.23,0.0,76.38,0,0.45625,0.0,CHECK
river,3,29.78,16.24,57.07,0,0.59375,0.35289,CALL
preflop,1,21.45,1.32,137.92,0,0.46875,0.057971,CALL
turn,2,5.76,0.0,111.24,0,0.2625,0.0,CHECK
preflop,4,26.44,0.0,132.1,0,0.1875,0.0,CHECK
river,4,22.78,0.0,92.53,0,0.00625,0.0,CHECK
flop,3,78.93,0.0,60.03,0,0.1375,0.0,CHECK
turn,1,3.87,0.0,121.85,0,0.7625,0.0,BET
preflop,4,52.45,0.0,95.01,0,0.25,0.0,CHECK
turn,2,63.58,25.2,103.46,0,0.125,0.283848,FOLD
flop,2,77.52,0.0,26.58,0,0.5625,0.0,CHECK
preflop,2,70.27,9.89,96.31,0,0.34375,0.123378,CALL
turn,4,31.91,27.82,102.17,0,0.275,0.465763,FOLD
flop,4,2.15,0.0,89.58,0,0.73125,0.0,BET
turn,3,61.38,0.0,87.9,0,0.025,0.0,CHECK
preflop,3,78.32,27.3,42.98,0,0.29375,0.258474,CALL
turn,4,34.63,0.0,114.17,0,0.74375,0.0,BET
river,4,53.15,0.0,134.39,0,0.2625,0.0,CHECK
turn,2,76.54,7.92,99.49,0,0.64375,0.093772,CALL
river,2,8.4,1.09,34.08,0,0.775,0.114858,RAISE
preflop,3,58.82,6.27,129.09,0,0.19375,0.096328,CALL
flop,3,15.11,0.0,149.95,0,0.1,0.0,CHECK
turn,3,61.79,0.0,112.31,0,0.08125,0.0,CHECK
flop,4,64.39,3.36,119.8,0,0.1125,0.049594,CALL
flop,2,69.63,26.4,105.44,0,0.53125,0.274914,CALL
turn,4,71.26,0.0,43.39,0,0.05,0.0,CHECK
turn,3,64.02,0.0,79.86,0,0.025,0.0,CHECK
river,2,43.58,0.0,33.43,0,0.1875,0.0,CHECK
preflop,4,58.25,0.0,109.02,0,0.175,0.0,CHECK
river,4,50.17,0.0,115.71,0,0.0125,0.0,CHECK
river,2,32.26,0.0,108.91,0,0.15625,0.0,CHECK
river,4,74.46,4.18,26.78,0,0.0,0.053154,FOLD
river,1,48.46,29.63,78.31,0,0.7125,0.379434,RAISE
preflop,1,69.92,13.86,23.46,0,0.4875,0.165433,CALL
preflop,3,8.59,9.92,116.3,0,0.46875,0.535927,FOLD
flop,3,18.51,13.07,57.62,0,0.51875,0.41387,CALL
flop,1,45.42,0.0,136.83,0,0.5875,0.0,CHECK
river,3,7.85,5.64,145.19,0,0.0,0.418087,FOLD
river,3,22.85,1.04,40.32,0,0.9,0.043533,RAISE
preflop,1,24.09,28.73,34.01,0,0.29375,0.543923,FOLD
preflop,1,56.2,25.38,137.44,0,0.40625,0.311106,CALL
preflop,4,38.42,20.88,38.03,0,0.3125,0.352108,FOLD
preflop,4,41.12,0.0,148.75,0,0.25,0.0,CHECK
river,4,73.64,31.69,37.74,0,0.65,0.300864,RAISE
preflop,1,49.67,0.0,24.86,0,0.50625,0.0,CHECK
preflop,4,19.65,0.0,103.79,0,0.08125,0.0,CHECK
river,1,27.18,19.58,142.64,0,0.7875,0.418734,RAISE
river,2,71.51,24.32,25.66,0,0.01875,0.253783,FOLD
preflop,4,37.38,18.05,96.9,0,0.26875,0.325636,FOLD
flop,2,22.77,0.0,88.12,0,0.2125,0.0,CHECK
turn,4,42.35,6.7,128.48,0,0.15,0.136595,CALL
flop,2,67.51,0.0,113.43,0,0.2625,0.0,CHECK
river,2,62.72,0.0,83.95,0,0.0125,0.0,CHECK
turn,3,60.28,16.8,36.43,0,0.225,0.217955,CALL
preflop,2,29.89,0.0,73.37,0,0.35625,0.0,CHECK
turn,3,76.78,0.0,27.86,0,0.16875,0.0,CHECK
flop,2,21.34,9.48,20.06,0,0.925,0.307592,RAISE
river,3,12.31,0.0,43.0,0,0.09375,0.0,CHECK
flop,3,42.77,0.0,48.52,0,0.06875,0.0,CHECK
turn,3,11.86,0.0,128.11,0,0.11875,0.0,CHECK
flop,4,78.05,30.78,27.09,0,0.0375,0.282826,FOLD
river,2,61.65,0.0,66.22,0,0.0,0.0,CHECK
river,3,56.5,0.0,140.02,0,0.80625,0.0,BET
preflop,4,18.05,0.0,50.13,0,0.3625,0.0,CHECK
flop,1,62.97,0.0,91.45,0,0.24375,0.0,CHECK
flop,4,9.47,0.0,108.93,0,0.11875,0.0,CHECK
preflop,1,17.59,0.0,44.47,0,0.48125,0.0,CHECK
flop,2,30.89,2.87,115.48,0,0.3625,0.085012,CALL
preflop,4,47.77,29.48,27.91,0,0.2125,0.381618,FOLD
turn,4,67.32,0.0,48.03,0,0.025,0.0,CHECK
turn,2,27.69,0.0,37.31,0,0.41875,0.0,CHECK
preflop,3,37.35,13.74,66.22,0,0.20625,0.268937,FOLD
turn,2,34.33,8.21,37.04,0,0.2,0.192995,CALL
turn,4,47.4,31.35,73.6,0,0.475,0.398095,CALL
preflop,3,25.62,1.46,104.92,0,0.23125,0.053914,CALL
river,3,24.19,0.0,149.59,0,0.125,0.0,CHECK
turn,3,77.34,22.43,38.33,0,0.76875,0.224817,RAISE
river,2,3.86,0.0,114.56,0,0.06875,0.0,CHECK
river,1,8.27,0.0,140.36,0,0.06875,0.0,CHECK
preflop,4,56.33,0.0,74.03,0,0.15,0.0,CHECK
preflop,3,17.22,0.0,104.24,0,0.1625,0.0,CHECK
turn,4,6.34,0.0,88.49,0,0.90625,0.0,BET
preflop,4,59.05,0.0,40.28,0,0.13125,0.0,CHECK
river,2,3.18,0.0,142.0,0,0.53125,0.0,CHECK
turn,2,67.72,24.3,138.4,0,0.04375,0.264073,FOLD
river,4,40.79,4.79,95.77,0,0.0,0.10509,FOLD
flop,1,61.55,0.0,149.94,0,0.4375,0.0,CHECK
preflop,3,25.62,0.0,113.91,0,0.15,0.0,CHECK
flop,2,64.66,0.0,135.49,0,0.19375,0.0,CHECK
flop,3,19.26,0.0,61.53,0,0.5125,0.0,CHECK
flop,3,8.85,0.0,73.04,0,0.1375,0.0,CHECK
river,2,22.66,5.14,109.9,0,0.60625,0.184892,CALL
turn,2,74.08,10.75,93.25,0,0.20625,0.126724,CALL
flop,1,73.55,10.48,149.0,0,0.625,0.124717,CALL
river,3,36.39,6.53,24.38,0,0.225,0.152144,CALL
flop,1,41.4,10.14,59.82,0,0.20625,0.19674,CALL
flop,4,75.11,18.26,143.13,0,0.09375,0.195566,FOLD
turn,1,77.21,0.0,83.09,0,0.59375,0.0,CHECK
river,1,9.3,2.59,143.29,0,0.69375,0.21783,RAISE
river,4,8.79,0.0,53.28,0,0.0125,0.0,CHECK
turn,3,76.04,0.0,70.91,0,0.08125,0.0,CHECK
river,3,39.31,0.0,50.56,0,0.4375,0.0,CHECK
river,4,57.41,0.0,63.22,0,0.5,0.0,CHECK
turn,3,9.16,4.91,36.8,0,0.39375,0.348969,CALL
river,4,8.47,9.88,139.32,0,0.2625,0.53842,FOLD
flop,3,62.95,0.0,20.94,0,0.23125,0.0,CHECK
river,2,38.76,9.02,83.35,0,0.0,0.188782,FOLD
river,1,29.48,0.0,78.62,0,0.55,0.0,CHECK
flop,2,61.65,0.0,130.89,0,0.31875,0.0,CHECK
flop,2,67.92,12.5,45.34,0,0.325,0.155434,CALL
flop,2,52.87,0.0,82.35,0,0.425,0.0,CHECK
flop,2,44.85,11.54,74.0,0,0.6,0.204646,CALL
turn,3,34.82,24.31,57.96,0,0.225,0.411128,FOLD
flop,3,31.08,0.81,49.84,0,0.08125,0.0254,CALL
turn,2,10.49,1.88,79.42,0,0.425,0.151981,CALL
preflop,4,28.22,7.48,105.6,0,0.26875,0.209524,CALL
preflop,2,45.63,0.0,118.92,0,0.36875,0.0,CHECK
turn,2,67.36,0.0,122.44,0,0.25,0.0,CHECK
flop,2,41.26,4.34,105.24,0,0.325,0.095175,CALL
river,1,27.33,13.49,39.96,0,0.95,0.330475,RAISE
flop,3,62.76,0.0,78.82,0,0.29375,0.0,CHECK
preflop,1,13.14,0.0,115.34,0,0.56875,0.0,CHECK
preflop,3,73.45,0.0,118.22,0,0.25625,0.0,CHECK
river,2,57.19,1.53,119.88,0,0.4125,0.026056,CALL
river,4,64.01,0.0,65.96,0,0.2125,0.0,CHECK
river,3,18.25,17.85,23.42,0,0.36875,0.49446,FOLD
flop,1,16.36,0.0,32.03,0,0.575,0.0,CHECK
flop,4,2.42,2.72,134.97,0,0.25,0.529183,FOLD
flop,4,11.78,0.0,38.23,0,0.16875,0.0,CHECK
preflop,1,33.58,29.93,123.18,0,0.6375,0.471264,CALL
flop,2,19.47,4.17,125.05,0,0.425,0.176396,CALL
river,2,25.5,0.0,52.4,0,0.3375,0.0,CHECK
flop,1,33.67,25.5,114.59,0,0.7875,0.430962,RAISE
turn,1,62.05,16.32,47.97,0,0.35,0.208243,CALL
preflop,2,24.88,0.0,35.91,0,0.3125,0.0,CHECK
turn,3,64.96,30.5,136.41,0,0.1875,0.319506,FOLD
turn,4,4.02,4.61,41.39,0,0.53125,0.534183,CALL
preflop,4,3.94,4.57,24.63,0,0.1875,0.537015,FOLD
turn,2,79.33,0.0,90.12,0,0.175,0.0,CHECK
turn,3,12.85,3.34,104.76,0,0.88125,0.2063,RAISE
flop,4,62.94,12.76,133.58,0,0.05625,0.16856,FOLD
preflop,4,65.98,26.7,77.03,0,0.33125,0.288088,CALL
river,4,72.69,7.63,67.02,0,0.0,0.094995,FOLD
turn,4,31.64,12.58,67.45,0,0.0875,0.284487,FOLD
flop,1,3.25,1.23,96.02,0,0.35625,0.274554,CALL
preflop,4,50.64,33.3,22.71,0,0.25,0.396712,FOLD
preflop,1,19.02,20.37,25.82,0,0.5875,0.517136,CALL
river,2,51.0,15.6,140.72,0,0.3875,0.234234,CALL
river,1,54.08,0.0,116.09,0,0.1,0.0,CHECK
turn,3,38.13,0.0,38.39,0,0.08125,0.0,CHECK
preflop,2,57.56,0.0,78.52,0,0.3125,0.0,CHECK
turn,2,74.7,0.0,57.92,0,0.125,0.0,CHECK
preflop,1,7.68,0.0,136.61,0,0.4875,0.0,CHECK
flop,1,36.39,0.0,109.53,0,0.7875,0.0,BET
turn,3,62.49,32.51,44.93,0,0.68125,0.342211,RAISE
turn,2,64.64,25.19,97.83,0,0.1,0.280419,FOLD
turn,1,55.42,0.0,131.82,0,0.5875,0.0,CHECK
flop,1,17.83,2.38,62.34,0,0.26875,0.117763,CALL
flop,2,38.1,7.49,23.97,0,0.48125,0.16429,CALL
preflop,4,30.79,3.86,81.74,0,0.09375,0.1114,CALL
river,1,16.43,16.83,149.93,0,0.45625,0.506013,FOLD
preflop,2,23.45,8.66,89.03,0,0.40625,0.269698,CALL
preflop,1,19.09,0.0,130.68,0,0.4625,0.0,CHECK
flop,4,63.81,2.03,78.14,0,0.7625,0.030832,RAISE
flop,3,3.29,3.61,80.9,0,0.78125,0.523188,RAISE
preflop,4,48.24,0.0,78.91,0,0.13125,0.0,CHECK
flop,1,18.48,0.54,25.45,0,0.65,0.028391,RAISE
turn,4,58.47,14.25,108.45,0,0.2875,0.195957,CALL
flop,4,19.19,0.0,21.17,0,0.1125,0.0,CHECK
river,3,43.72,9.36,139.52,0,0.275,0.176338,CALL
flop,1,4.81,5.44,78.22,0,0.4375,0.530732,FOLD
turn,3,3.54,3.82,60.83,0,0.0,0.519022,FOLD
flop,2,24.29,12.88,103.99,0,0.1125,0.346516,FOLD
preflop,1,57.95,0.0,21.86,0,0.4625,0.0,CHECK
turn,4,49.96,5.56,29.04,0,0.8375,0.100144,RAISE
turn,3,39.44,0.0,70.79,0,0.075,0.0,CHECK
river,3,77.42,0.0,109.71,0,0.0375,0.0,CHECK
preflop,3,64.53,0.0,62.03,0,0.2875,0.0,CHECK
turn,2,23.02,0.0,48.17,0,0.36875,0.0,CHECK
river,2,21.37,12.68,127.03,0,0.175,0.372394,FOLD
river,1,22.57,26.49,57.08,0,0.50625,0.539951,FOLD
preflop,3,15.9,0.0,119.85,0,0.4,0.0,CHECK
flop,1,18.09,6.45,106.02,0,0.81875,0.262836,RAISE
river,4,12.3,0.0,132.33,0,0.225,0.0,CHECK
preflop,4,35.93,0.0,147.28,0,0.20625,0.0,CHECK
preflop,1,10.76,6.51,58.62,0,0.48125,0.376954,CALL
preflop,4,28.98,0.0,119.52,0,0.1,0.0,CHECK
preflop,2,22.21,7.65,111.45,0,0.41875,0.256196,CALL
river,4,11.12,4.48,90.86,0,0.0,0.287179,FOLD
turn,4,48.36,0.0,98.09,0,0.1375,0.0,CHECK
river,3,42.41,34.4,125.95,0,0.0875,0.447858,FOLD
preflop,3,62.97,1.95,33.34,0,0.275,0.030037,CALL
flop,2,60.56,4.53,56.17,0,0.21875,0.069596,CALL
turn,4,48.69,15.83,43.73,0,0.23125,0.24535,CALL
flop,4,69.54,0.0,66.58,0,0.0375,0.0,CHECK
river,3,59.39,2.72,120.9,0,0.0,0.043793,FOLD
turn,1,76.4,8.93,61.91,0,0.2875,0.104653,CALL
flop,2,40.29,2.62,122.08,0,0.19375,0.061058,CALL
flop,4,12.2,0.0,40.73,0,0.0875,0.0,CHECK
turn,3,28.47,2.23,125.8,0,0.08125,0.072638,CALL
turn,2,54.82,15.18,53.53,0,0.45,0.216857,CALL
river,1,42.56,6.58,105.72,0,0.0875,0.133903,FOLD
turn,1,47.6,0.0,80.03,0,0.7875,0.0,BET
turn,1,21.74,24.49,39.98,0,0.8875,0.529743,RAISE
flop,1,26.41,0.0,120.35,0,0.25625,0.0,CHECK
river,2,33.28,0.0,128.59,0,0.3875,0.0,CHECK
flop,2,36.06,0.0,87.63,0,0.68125,0.0,BET
river,4,8.79,0.0,109.77,0,0.61875,0.0,CHECK
turn,3,17.16,0.0,83.58,0,0.13125,0.0,CHECK
turn,2,38.21,20.6,52.2,0,0.05,0.350281,FOLD
river,1,48.74,6.12,113.65,0,0.1625,0.111557,CALL
river,3,8.83,0.0,81.95,0,0.825,0.0,BET
preflop,2,36.65,15.04,105.31,0,0.425,0.290965,CALL
river,3,6.29,1.81,64.41,0,0.0,0.223457,FOLD
river,4,4.88,4.82,118.86,0,0.0,0.496907,FOLD
flop,2,45.32,0.0,72.38,0,0.875,0.0,BET
flop,4,8.06,3.24,129.68,0,0.18125,0.286726,FOLD
flop,3,53.72,7.3,141.63,0,0.14375,0.119633,CALL
flop,1,49.53,0.0,55.01,0,0.5,0.0,CHECK
preflop,2,8.86,8.69,68.86,0,0.2,0.495157,FOLD
river,1,65.66,0.0,46.93,0,0.39375,0.0,CHECK
preflop,3,21.94,6.41,21.56,0,0.1375,0.226102,FOLD
flop,2,30.52,0.0,90.77,0,0.275,0.0,CHECK
river,4,9.86,6.56,100.66,0,0.1375,0.399513,FOLD
river,1,63.7,0.0,110.85,0,0.75,0.0,BET
river,1,75.41,8.58,137.73,0,0.2875,0.102155,CALL
preflop,1,53.6,5.23,48.63,0,0.875,0.0889,RAISE
turn,1,5.89,0.0,59.96,0,0.80625,0.0,BET
flop,3,62.23,6.6,95.31,0,0.1,0.095888,CALL
turn,1,17.97,0.0,139.48,0,0.30625,0.0,CHECK
turn,1,75.05,17.83,66.85,0,0.9,0.191968,RAISE
river,4,9.42,6.07,77.73,0,0.0,0.391866,FOLD
preflop,3,45.91,0.0,49.02,0,0.35625,0.0,CHECK
river,1,25.02,22.98,35.64,0,0.30625,0.47875,FOLD
river,2,18.56,12.23,129.89,0,0.2375,0.397207,FOLD
river,3,2.26,0.75,136.55,0,0.35,0.249169,CALL
river,4,79.83,0.0,108.53,0,0.0625,0.0,CHECK
turn,1,16.74,0.0,148.44,0,0.975,0.0,BET
flop,3,49.16,3.21,93.11,0,0.15625,0.061295,CALL
river,4,56.23,0.0,84.29,0,0.3,0.0,CHECK
turn,4,61.85,15.58,61.15,0,0.0375,0.201214,FOLD
river,4,4.4,0.0,83.16,0,0.0,0.0,CHECK
preflop,3,45.94,23.8,41.62,0,0.2,0.341268,FOLD
flop,4,65.54,0.0,51.62,0,0.075,0.0,CHECK
flop,3,12.15,5.27,146.92,0,0.2,0.302526,FOLD
river,4,74.15,34.57,82.52,0,0.80625,0.317973,RAISE
river,4,37.74,0.0,49.27,0,0.0,0.0,CHECK
preflop,4,68.43,0.0,101.55,0,0.3,0.0,CHECK
flop,1,64.89,0.0,56.45,0,0.6875,0.0,BET
river,3,29.23,32.29,137.62,0,0.725,0.52487,RAISE
flop,2,69.68,15.47,48.13,0,0.30625,0.181679,CALL
preflop,3,23.34,1.49,76.96,0,0.3875,0.060008,CALL
flop,4,78.76,1.44,109.71,0,0.1,0.017955,CALL
preflop,4,75.37,34.17,106.77,0,0.20625,0.311941,FOLD
flop,2,5.82,4.56,107.02,0,0.19375,0.439306,FOLD
turn,2,73.65,20.45,31.39,0,0.41875,0.217322,CALL
flop,4,71.99,0.0,74.75,0,0.28125,0.0,CHECK
river,1,19.1,0.0,146.84,0,0.9375,0.0,BET
turn,3,27.47,0.0,51.93,0,0.2125,0.0,CHECK
turn,2,65.9,11.74,101.91,0,0.05,0.151211,FOLD
turn,1,13.28,0.95,130.09,0,0.8875,0.06676,RAISE
preflop,3,40.85,3.93,48.96,0,0.15625,0.087762,CALL
flop,3,18.29,0.0,143.17,0,0.38125,0.0,CHECK
flop,1,63.32,0.0,94.71,0,0.63125,0.0,BET
turn,2,45.62,22.9,145.48,0,0.59375,0.334209,CALL
flop,1,38.66,13.72,98.18,0,0.2125,0.261932,FOLD
river,4,68.26,0.0,60.94,0,0.0,0.0,CHECK
preflop,2,51.29,7.25,78.63,0,0.3,0.123847,CALL
river,3,41.77,3.02,93.45,0,0.10625,0.067426,CALL
flop,3,52.6,14.66,110.69,0,0.1625,0.21796,FOLD
river,2,68.2,22.57,81.4,0,0.04375,0.24865,FOLD
turn,2,19.38,15.03,29.75,0,0.1125,0.436792,FOLD
flop,3,48.0,23.62,37.79,0,0.55625,0.329796,CALL
preflop,1,60.96,13.73,86.99,0,0.21875,0.183826,CALL
preflop,4,10.48,0.0,71.11,0,0.11875,0.0,CHECK
flop,1,26.15,0.0,85.43,0,0.525,0.0,CHECK
turn,2,10.91,5.46,50.23,0,0.31875,0.333537,CALL
preflop,1,74.89,0.0,128.88,0,0.6125,0.0,CHECK
river,3,72.13,13.8,87.28,0,0.275,0.160596,CALL
preflop,1,64.33,7.9,116.06,0,0.44375,0.109373,CALL
flop,3,66.88,0.0,111.65,0,0.21875,0.0,CHECK
river,1,7.19,0.0,121.46,0,0.98125,0.0,BET
flop,1,9.44,0.0,120.53,0,0.65,0.0,BET
preflop,2,56.38,19.44,116.4,0,0.24375,0.256397,CALL
turn,4,34.92,32.66,137.0,0,0.45,0.483279,FOLD
flop,4,57.02,15.73,139.62,0,0.36875,0.21622,CALL
turn,4,54.68,3.59,63.03,0,0.0125,0.06161,FOLD
preflop,2,40.39,10.0,41.2,0,0.275,0.198452,CALL
turn,2,15.82,1.28,22.43,0,0.2,0.074854,CALL
preflop,3,3.66,0.0,42.92,0,0.21875,0.0,CHECK
turn,4,62.22,0.0,66.78,0,0.075,0.0,CHECK
river,4,69.73,0.0,83.83,0,0.15,0.0,CHECK
turn,3,37.3,22.35,20.39,0,0.3375,0.374686,FOLD
river,4,72.73,0.0,127.94,0,0.01875,0.0,CHECK
preflop,3,64.97,25.6,66.28,0,0.34375,0.282654,CALL
flop,1,11.14,0.0,91.06,0,0.38125,0.0,CHECK
turn,4,74.2,0.0,137.74,0,0.8375,0.0,BET
river,3,42.55,0.0,118.41,0,0.31875,0.0,CHECK
river,4,73.4,0.0,66.46,0,0.49375,0.0,CHECK
river,1,53.91,25.23,76.74,0,0.39375,0.318802,CALL
flop,1,40.83,0.0,117.09,0,0.46875,0.0,CHECK
river,4,63.79,0.0,27.82,0,0.2375,0.0,CHECK
river,4,52.43,0.0,33.76,0,0.0,0.0,CHECK
preflop,1,60.12,0.0,58.45,0,0.325,0.0,CHECK
river,1,74.84,0.0,94.75,0,0.85,0.0,BET
preflop,2,39.1,0.0,80.15,0,0.35,0.0,CHECK
river,3,63.07,29.93,33.59,0,0.0625,0.321828,FOLD
turn,3,24.18,28.08,111.94,0,0.3125,0.537313,FOLD
turn,4,11.88,0.0,79.1,0,0.10625,0.0,CHECK
turn,3,33.8,1.14,80.91,0,0.6875,0.032627,RAISE
preflop,1,77.43,11.6,90.18,0,0.45625,0.130293,CALL
river,2,25.11,13.82,129.78,0,0.04375,0.354996,FOLD
flop,3,56.33,0.0,35.44,0,0.275,0.0,CHECK
flop,1,39.08,0.0,44.46,0,0.2875,0.0,CHECK
flop,2,42.24,0.0,39.95,0,0.06875,0.0,CHECK
preflop,4,21.5,14.58,91.04,0,0.23125,0.404102,FOLD
flop,4,21.16,0.0,68.04,0,0.1375,0.0,CHECK
flop,4,43.86,32.32,86.49,0,0.175,0.424258,FOLD
turn,1,79.97,0.0,20.75,0,0.7,0.0,BET
preflop,2,34.94,0.0,101.27,0,0.28125,0.0,CHECK
flop,2,47.33,0.0,43.43,0,0.35625,0.0,CHECK
preflop,4,29.04,0.0,107.19,0,0.18125,0.0,CHECK
flop,3,34.79,0.0,41.21,0,0.0375,0.0,CHECK
preflop,1,13.4,8.04,45.64,0,0.56875,0.375,CALL
river,1,74.18,5.88,69.25,0,0.61875,0.073445,CALL
preflop,2,74.63,0.0,143.88,0,0.29375,0.0,CHECK
flop,4,35.99,0.0,101.07,0,0.24375,0.0,CHECK
river,2,28.0,20.6,102.99,0,0.0875,0.423868,FOLD
river,2,19.18,21.6,125.35,0,0.0125,0.529671,FOLD
preflop,1,4.09,0.0,142.48,0,0.525,0.0,CHECK
river,4,73.49,0.0,109.3,0,0.20625,0.0,CHECK
flop,2,65.89,10.05,64.49,0,0.19375,0.132341,CALL
turn,3,68.1,8.97,132.19,0,0.28125,0.116388,CALL
preflop,4,69.49,26.48,29.88,0,0.18125,0.27592,FOLD
preflop,2,15.89,7.91,118.3,0,0.1625,0.332353,FOLD
preflop,1,7.34,4.65,139.7,0,0.5875,0.387823,CALL
turn,3,18.1,2.99,40.92,0,0.04375,0.141773,FOLD
turn,3,2.44,1.49,30.45,0,0.30625,0.379135,FOLD
turn,4,47.32,0.0,101.65,0,0.1375,0.0,CHECK
preflop,1,44.17,0.0,116.09,0,0.46875,0.0,CHECK
flop,2,4.74,5.63,109.75,0,0.28125,0.542912,FOLD
preflop,3,26.27,2.13,47.4,0,0.34375,0.075,CALL
river,1,60.76,30.04,102.24,0,0.24375,0.330837,FOLD
river,1,10.82,7.44,108.42,0,0.6125,0.407448,CALL
flop,1,37.29,0.0,31.34,0,0.53125,0.0,CHECK
river,4,22.11,23.99,116.12,0,0.275,0.52039,FOLD
river,4,44.7,28.32,53.41,0,0.9,0.387839,RAISE
preflop,4,23.68,24.78,142.84,0,0.29375,0.51135,FOLD
flop,3,27.88,0.0,45.81,0,0.29375,0.0,CHECK
turn,4,14.98,13.45,73.73,0,0.0125,0.473092,FOLD
turn,3,12.99,0.0,57.59,0,0.25,0.0,CHECK
river,1,10.88,8.79,36.88,0,0.8375,0.446873,RAISE
preflop,1,12.94,0.0,98.64,0,0.4625,0.0,CHECK
preflop,1,40.47,32.04,86.93,0,0.45,0.44187,CALL
river,1,46.4,24.05,127.02,0,0.59375,0.341377,CALL
flop,4,31.78,0.0,40.83,0,0.30625,0.0,CHECK
preflop,1,58.69,8.28,126.48,0,0.48125,0.123637,CALL
flop,2,27.48,0.0,118.33,0,0.06875,0.0,CHECK
turn,2,17.22,0.0,108.57,0,0.325,0.0,CHECK
river,3,50.11,0.0,80.07,0,0.0125,0.0,CHECK
flop,3,24.0,6.47,75.15,0,0.36875,0.21234,CALL
river,3,68.11,33.89,60.56,0,0.46875,0.332255,CALL
preflop,2,49.77,0.0,113.18,0,0.3125,0.0,CHECK
river,4,50.26,29.76,84.83,0,0.35,0.371907,FOLD
river,4,42.27,0.0,84.31,0,0.0,0.0,CHECK
flop,2,78.3,7.33,64.52,0,0.19375,0.085601,CALL
flop,1,58.55,11.92,31.41,0,0.43125,0.16915,CALL
turn,1,38.55,0.0,89.48,0,0.25625,0.0,CHECK
river,4,7.14,0.0,89.45,0,0.0,0.0,CHECK
river,1,64.36,0.0,135.37,0,0.0,0.0,CHECK
river,1,67.99,30.71,62.7,0,0.875,0.311145,RAISE
preflop,1,60.44,23.12,136.35,0,0.35625,0.276687,CALL
preflop,3,49.26,0.0,89.9,0,0.3125,0.0,CHECK
preflop,3,69.4,27.24,128.64,0,0.1375,0.281871,FOLD
turn,3,77.23,21.28,45.2,0,0.2625,0.216019,CALL
flop,2,21.22,0.0,37.16,0,0.45625,0.0,CHECK
flop,3,6.52,2.8,66.89,0,0.50625,0.300429,CALL
flop,4,26.68,0.0,29.02,0,0.64375,0.0,BET
river,1,75.8,0.0,53.56,0,0.86875,0.0,BET
river,1,65.19,0.0,70.64,0,0.4875,0.0,CHECK
preflop,2,2.29,0.68,122.89,0,0.25,0.228956,CALL
river,2,57.14,6.49,36.75,0,0.86875,0.101996,RAISE
turn,2,75.86,5.11,38.05,0,0.725,0.06311,RAISE
turn,4,2.97,1.06,56.0,0,0.1,0.263027,FOLD
preflop,2,7.46,3.96,76.5,0,0.31875,0.34676,FOLD
turn,3,5.67,1.05,42.7,0,0.0625,0.15625,FOLD
preflop,1,46.06,0.0,91.77,0,0.6125,0.0,CHECK
turn,4,31.55,0.0,54.24,0,0.6,0.0,CHECK
turn,4,24.61,26.7,22.63,0,0.0625,0.520366,FOLD
river,3,10.19,7.02,122.54,0,0.00625,0.407902,FOLD
turn,3,63.08,5.32,105.23,0,0.10625,0.077778,CALL
preflop,2,78.12,21.8,51.08,0,0.2875,0.218175,CALL
river,3,74.7,11.6,129.24,0,0.25,0.134415,CALL
flop,4,45.74,0.0,140.35,0,0.03125,0.0,CHECK
river,4,25.04,27.25,58.28,0,0.0,0.521132,FOLD
flop,1,18.92,9.02,149.57,0,0.63125,0.322835,CALL
river,3,11.23,8.55,31.62,0,0.15,0.432255,FOLD
flop,3,54.98,0.0,64.8,0,0.0375,0.0,CHECK
preflop,4,57.56,0.0,81.48,0,0.14375,0.0,CHECK
turn,3,50.75,24.58,93.48,0,0.4,0.326298,CALL
turn,1,52.03,0.0,147.46,0,0.53125,0.0,CHECK
preflop,3,12.6,12.4,147.3,0,0.325,0.496,FOLD
turn,1,71.18,0.0,123.31,0,0.33125,0.0,CHECK
river,2,9.89,8.93,106.6,0,0.65625,0.474495,RAISE
turn,4,59.68,22.58,31.08,0,0.21875,0.274496,FOLD
flop,2,38.64,0.0,145.26,0,0.30625,0.0,CHECK
preflop,3,68.29,30.63,77.68,0,0.3625,0.309644,CALL
flop,2,46.97,0.0,143.57,0,0.36875,0.0,CHECK
turn,4,21.37,0.0,24.9,0,0.175,0.0,CHECK
turn,3,74.52,16.47,40.57,0,0.13125,0.181009,FOLD
preflop,3,72.47,1.69,45.04,0,0.2,0.022789,CALL
preflop,3,56.73,11.19,100.41,0,0.20625,0.164753,CALL
river,4,29.51,0.0,55.16,0,0.00625,0.0,CHECK
river,2,20.54,2.15,27.29,0,0.3125,0.094755,CALL
turn,3,62.18,0.0,22.02,0,0.21875,0.0,CHECK
turn,1,18.66,18.92,132.79,0,0.25,0.503459,FOLD
preflop,3,28.0,11.39,62.81,0,0.21875,0.28916,FOLD
turn,4,40.36,0.0,105.22,0,0.24375,0.0,CHECK
preflop,1,16.87,0.0,139.27,0,0.60625,0.0,CHECK
river,3,73.99,15.57,27.7,0,0.13125,0.17385,FOLD
flop,2,62.68,16.63,76.5,0,0.25,0.209684,CALL
turn,4,64.91,0.0,112.07,0,0.01875,0.0,CHECK
flop,1,11.84,14.16,144.55,0,0.5625,0.544615,CALL
turn,2,10.04,0.0,105.9,0,0.15,0.0,CHECK
river,4,7.3,7.73,103.94,0,0.325,0.514305,FOLD
preflop,3,48.9,14.62,86.05,0,0.23125,0.230164,CALL
preflop,2,17.4,0.0,82.78,0,0.19375,0.0,CHECK
turn,2,8.3,6.94,57.29,0,0.38125,0.455381,FOLD
flop,2,14.39,0.0,70.46,0,0.25625,0.0,CHECK
turn,3,73.14,11.84,126.54,0,0.025,0.139327,FOLD
river,2,57.3,24.47,110.58,0,0.65625,0.299254,RAISE
preflop,4,52.24,28.11,122.02,0,0.0625,0.349844,FOLD
turn,1,39.0,32.21,47.1,0,0.30625,0.452324,FOLD
preflop,4,43.11,0.0,120.11,0,0.2625,0.0,CHECK
flop,2,14.52,5.71,80.42,0,0.29375,0.282254,CALL
preflop,2,32.1,30.41,142.02,0,0.4375,0.486482,FOLD
river,3,42.42,0.0,96.72,0,0.0625,0.0,CHECK
flop,1,15.25,10.12,43.14,0,0.2625,0.398896,FOLD
flop,2,67.76,0.0,98.61,0,0.13125,0.0,CHECK
river,3,47.15,28.68,133.87,0,0.1125,0.378214,FOLD
preflop,4,76.01,0.0,120.95,0,0.19375,0.0,CHECK
preflop,2,46.25,3.15,102.72,0,0.2625,0.063765,CALL
preflop,4,7.59,2.24,95.16,0,0.14375,0.227874,FOLD
flop,4,16.5,4.15,65.8,0,0.08125,0.200969,FOLD
turn,3,6.18,0.98,86.44,0,0.5,0.136872,CALL
preflop,2,26.94,0.0,142.42,0,0.26875,0.0,CHECK
turn,4,2.66,3.1,144.12,0,0.05,0.538194,FOLD
river,2,43.18,0.0,91.43,0,0.0,0.0,CHECK
turn,1,33.47,22.79,74.1,0,0.75,0.405084,RAISE
river,3,40.21,18.47,73.07,0,0.0,0.314758,FOLD
turn,2,16.5,13.05,84.46,0,0.3875,0.441624,FOLD
flop,2,35.15,5.06,51.35,0,0.36875,0.125839,CALL
preflop,2,6.14,3.69,71.98,0,0.4,0.375381,CALL
flop,4,56.96,0.0,73.86,0,0.125,0.0,CHECK
flop,2,24.8,0.0,84.97,0,0.31875,0.0,CHECK
preflop,3,29.89,30.83,100.15,0,0.24375,0.50774,FOLD
preflop,4,55.52,18.8,35.67,0,0.14375,0.25296,FOLD
preflop,1,68.37,1.07,148.33,0,0.54375,0.015409,CALL
flop,2,76.51,0.0,106.68,0,0.2,0.0,CHECK
flop,3,4.0,2.27,27.65,0,0.375,0.362041,CALL
river,1,13.5,0.81,87.25,0,0.5125,0.056604,CALL
river,3,9.3,0.0,39.58,0,0.0,0.0,CHECK
turn,4,57.8,0.0,99.17,0,0.3375,0.0,CHECK
river,1,39.63,0.0,68.57,0,0.875,0.0,BET
river,3,72.17,16.0,43.47,0,0.375,0.181468,CALL
turn,4,26.67,20.79,142.43,0,0.225,0.438053,FOLD
flop,4,49.34,27.18,109.43,0,0.60625,0.355201,CALL
flop,2,47.58,15.77,129.17,0,0.15625,0.248934,FOLD
preflop,2,11.56,0.0,134.6,0,0.33125,0.0,CHECK
flop,2,28.71,31.72,42.87,0,0.125,0.524905,FOLD
river,4,18.03,0.0,102.3,0,0.0,0.0,CHECK
flop,2,45.67,0.0,141.37,0,0.0625,0.0,CHECK
preflop,2,54.46,10.77,64.86,0,0.35625,0.165108,CALL
river,3,55.91,32.17,115.17,0,0.96875,0.365236,RAISE
flop,4,32.78,0.0,80.01,0,0.05625,0.0,CHECK
preflop,1,57.79,5.92,84.38,0,0.8875,0.092921,RAISE
flop,2,68.54,0.0,96.7,0,0.125,0.0,CHECK
flop,2,29.41,17.17,111.5,0,0.1125,0.368613,FOLD
turn,4,23.82,22.39,43.15,0,0.125,0.484527,FOLD
turn,2,62.08,6.61,106.28,0,0.29375,0.096229,CALL
flop,1,55.56,25.07,37.59,0,0.8125,0.310926,RAISE
turn,4,77.91,30.9,89.16,0,0.425,0.283981,CALL
river,2,15.87,0.0,135.96,0,0.0625,0.0,CHECK
flop,4,47.98,0.0,43.39,0,0.0875,0.0,CHECK
flop,1,15.55,11.68,114.74,0,0.45,0.428939,CALL
turn,4,19.73,12.22,64.51,0,0.0,0.382473,FOLD
flop,4,51.53,27.81,67.11,0,0.13125,0.350517,FOLD
flop,4,61.45,10.07,131.82,0,0.2,0.1408,CALL
preflop,3,64.07,19.56,94.05,0,0.23125,0.233887,CALL
turn,1,63.01,0.0,97.12,0,0.54375,0.0,CHECK
preflop,1,60.94,9.89,43.1,0,0.36875,0.13963,CALL
river,4,16.37,17.26,22.64,0,0.0625,0.513232,FOLD
turn,2,11.68,0.0,51.92,0,0.04375,0.0,CHECK
river,2,20.14,0.0,48.53,0,0.0,0.0,CHECK
preflop,3,20.99,0.0,149.5,0,0.325,0.0,CHECK
turn,2,71.41,18.92,108.9,0,0.7375,0.209454,RAISE
turn,4,41.28,0.0,77.36,0,0.60625,0.0,CHECK
turn,1,50.38,30.17,126.65,0,0.40625,0.37455,CALL
preflop,1,73.28,4.42,23.04,0,0.38125,0.056885,CALL
preflop,3,16.39,0.0,107.82,0,0.2125,0.0,CHECK
flop,3,51.46,15.09,32.98,0,0.225,0.226747,CALL
flop,2,28.37,21.26,141.86,0,0.71875,0.42837,RAISE
flop,1,61.29,17.76,131.42,0,0.48125,0.224668,CALL
preflop,2,58.8,0.0,56.19,0,0.46875,0.0,CHECK
flop,3,26.26,9.74,74.45,0,0.5375,0.270556,CALL
preflop,3,75.59,28.13,80.5,0,0.23125,0.271211,FOLD
flop,2,36.05,5.32,95.57,0,0.3625,0.128596,CALL
preflop,3,8.85,0.0,120.38,0,0.18125,0.0,CHECK
turn,1,64.46,0.0,62.3,0,0.7,0.0,BET
turn,2,43.79,0.0,36.85,0,0.1875,0.0,CHECK
preflop,1,5.52,0.0,52.1,0,0.71875,0.0,BET
preflop,4,36.46,24.46,120.43,0,0.26875,0.40151,FOLD
river,1,40.12,0.0,122.35,0,0.8125,0.0,BET
flop,1,24.33,19.68,106.38,0,0.3,0.447171,FOLD
turn,2,27.38,0.0,108.55,0,0.04375,0.0,CHECK
river,2,42.93,0.0,147.32,0,0.0375,0.0,CHECK
river,4,44.48,32.69,68.87,0,0.05,0.42361,FOLD
flop,3,46.28,10.56,64.96,0,0.0875,0.185785,FOLD
flop,1,5.15,0.0,133.89,0,0.34375,0.0,CHECK
flop,4,48.99,0.0,141.21,0,0.125,0.0,CHECK
preflop,1,44.67,0.0,109.25,0,0.35625,0.0,CHECK
preflop,1,73.03,27.27,60.12,0,0.4625,0.271884,CALL
river,3,53.19,30.09,51.9,0,0.86875,0.361311,RAISE
preflop,2,75.3,0.0,30.16,0,0.425,0.0,CHECK
preflop,1,62.64,12.25,144.0,0,0.44375,0.163573,CALL
turn,2,6.5,2.22,44.38,0,0.95625,0.254587,RAISE
flop,3,44.23,12.13,46.49,0,0.2625,0.215224,CALL
preflop,2,37.08,11.08,136.79,0,0.3125,0.230066,CALL
flop,3,56.11,4.23,28.16,0,0.33125,0.070103,CALL
flop,4,19.88,0.0,80.76,0,0.21875,0.0,CHECK
river,4,38.8,0.0,111.43,0,0.0,0.0,CHECK
flop,3,71.78,0.0,43.07,0,0.1125,0.0,CHECK
preflop,3,64.04,0.0,47.29,0,0.2375,0.0,CHECK
river,2,67.79,30.78,84.16,0,0.7,0.312265,RAISE
river,3,31.15,27.81,58.89,0,0.53125,0.471676,CALL
turn,4,29.17,21.52,136.26,0,0.05625,0.424541,FOLD
preflop,1,22.23,0.0,115.4,0,0.44375,0.0,CHECK
preflop,2,34.42,0.0,129.5,0,0.3,0.0,CHECK
preflop,1,56.32,5.26,38.02,0,0.7875,0.085417,RAISE
river,1,10.5,9.42,63.42,0,0.15625,0.472892,FOLD
river,1,24.14,1.79,102.71,0,0.0375,0.069032,FOLD
river,2,68.22,4.61,132.15,0,0.4375,0.063298,CALL
preflop,4,71.01,0.0,116.95,0,0.2,0.0,CHECK
preflop,2,30.41,33.08,87.74,0,0.24375,0.521027,FOLD
river,2,69.66,9.55,110.95,0,0.14375,0.120566,CALL
river,4,2.83,2.35,131.85,0,0.0,0.453668,FOLD
preflop,2,50.33,0.0,70.8,0,0.29375,0.0,CHECK
preflop,2,52.18,5.68,32.58,0,0.35625,0.098168,CALL
turn,3,45.33,0.0,118.61,0,0.3875,0.0,CHECK
turn,1,63.65,0.0,43.13,0,0.95,0.0,BET
flop,2,19.37,0.0,36.07,0,0.43125,0.0,CHECK
flop,4,73.17,0.0,143.58,0,0.3375,0.0,CHECK
flop,3,21.2,4.77,144.05,0,0.275,0.183673,CALL
flop,4,24.72,0.0,126.83,0,0.85,0.0,BET
turn,2,34.45,2.5,120.84,0,0.03125,0.067659,FOLD
river,1,22.94,23.53,32.14,0,0.55625,0.506348,CALL
flop,2,6.69,0.0,97.84,0,0.48125,0.0,CHECK
preflop,1,5.2,0.77,126.73,0,0.40625,0.128978,CALL
turn,1,79.03,1.29,111.24,0,0.8625,0.016061,RAISE
river,2,27.9,0.0,88.37,0,0.675,0.0,BET
river,4,46.99,18.57,100.61,0,0.01875,0.283252,FOLD
river,2,61.38,30.87,99.3,0,0.0,0.334634,FOLD
river,2,76.56,0.0,101.22,0,0.03125,0.0,CHECK
river,4,52.14,0.0,35.67,0,0.06875,0.0,CHECK
turn,1,3.11,0.0,32.51,0,0.8,0.0,BET
river,1,47.25,34.59,118.83,0,0.29375,0.422654,FOLD
flop,3,69.92,0.0,24.09,0,0.20625,0.0,CHECK
river,2,74.67,1.65,36.38,0,0.3875,0.021619,CALL
turn,4,55.09,1.95,46.91,0,0.1,0.034187,CALL
river,3,13.79,3.87,21.84,0,0.69375,0.219139,RAISE
preflop,1,34.29,0.0,66.98,0,0.58125,0.0,CHECK
river,3,10.08,0.0,60.94,0,0.19375,0.0,CHECK
turn,1,35.99,0.0,36.35,0,0.4,0.0,CHECK
flop,3,59.14,24.32,114.56,0,0.13125,0.291397,FOLD
flop,3,10.46,0.0,27.78,0,0.24375,0.0,CHECK
preflop,1,23.32,0.0,91.72,0,0.55,0.0,CHECK
river,4,42.98,0.0,42.32,0,0.075,0.0,CHECK
preflop,3,29.97,3.63,128.09,0,0.175,0.108036,CALL
preflop,4,55.87,13.36,50.0,0,0.30625,0.19298,CALL
turn,1,22.98,0.0,62.78,0,0.7125,0.0,BET
flop,1,33.64,0.0,148.66,0,0.53125,0.0,CHECK
river,1,7.89,7.85,147.9,0,0.0375,0.498729,FOLD
river,3,2.15,0.67,67.66,0,0.0,0.237589,FOLD
turn,4,32.33,12.45,136.94,0,0.01875,0.278026,FOLD
turn,4,31.27,0.0,115.88,0,0.1,0.0,CHECK
turn,4,73.35,13.41,22.29,0,0.33125,0.154564,CALL
turn,2,35.14,5.18,137.81,0,0.075,0.128472,FOLD
river,1,4.95,0.0,108.46,0,1.0,0.0,BET
flop,2,5.65,0.0,31.29,0,0.4375,0.0,CHECK
flop,3,12.63,7.5,95.05,0,0.0875,0.372578,FOLD
river,2,27.08,30.11,63.33,0,0.1875,0.526491,FOLD
turn,2,16.93,17.19,75.4,0,0.6125,0.50381,CALL
preflop,3,49.19,0.0,27.08,0,0.3875,0.0,CHECK
turn,4,50.7,17.14,107.35,0,0.0625,0.252653,FOLD
preflop,1,14.44,5.81,53.21,0,0.575,0.286914,CALL
flop,4,51.47,2.2,31.62,0,0.0875,0.040991,CALL
river,1,76.89,0.0,21.84,0,0.19375,0.0,CHECK
river,2,38.53,0.0,142.36,0,0.1625,0.0,CHECK
turn,2,53.72,0.0,86.31,0,0.73125,0.0,BET
river,1,15.15,14.05,90.95,0,0.325,0.481164,FOLD
preflop,2,70.34,1.51,123.64,0,0.23125,0.021016,CALL
river,2,58.65,0.0,129.43,0,0.0,0.0,CHECK
river,4,29.68,16.62,77.36,0,0.31875,0.358963,FOLD
river,2,35.94,0.0,81.63,0,0.0,0.0,CHECK
turn,4,54.76,0.0,109.41,0,0.0375,0.0,CHECK
turn,3,24.28,16.66,65.68,0,0.25625,0.406937,FOLD
turn,1,36.17,0.0,100.69,0,0.5,0.0,CHECK
river,1,22.13,0.0,21.44,0,1.0,0.0,BET
turn,3,30.52,0.0,129.51,0,0.0625,0.0,CHECK
turn,2,27.52,31.05,71.91,0,0.10625,0.530135,FOLD
river,1,45.65,18.85,79.72,0,0.60625,0.292248,CALL
river,2,40.21,13.36,136.59,0,0.4,0.249393,CALL
flop,2,11.89,0.0,20.54,0,0.1,0.0,CHECK
river,2,59.31,0.0,147.89,0,0.00625,0.0,CHECK
flop,4,66.63,0.0,50.61,0,0.125,0.0,CHECK
preflop,3,61.77,18.57,43.33,0,0.3625,0.231143,CALL
river,3,5.87,5.91,86.81,0,0.28125,0.501698,FOLD
turn,1,15.85,12.25,133.48,0,0.3375,0.435943,FOLD
preflop,1,48.79,0.0,115.78,0,0.675,0.0,BET
preflop,3,6.35,0.0,71.29,0,0.175,0.0,CHECK
turn,2,12.81,0.0,109.56,0,0.54375,0.0,CHECK
river,2,21.58,0.0,87.68,0,0.5125,0.0,CHECK
preflop,4,62.01,18.27,74.72,0,0.2375,0.227578,CALL
preflop,3,2.72,1.62,83.1,0,0.2875,0.373272,FOLD
river,4,3.86,0.0,146.65,0,0.125,0.0,CHECK
turn,1,12.73,10.96,78.62,0,0.7375,0.462642,RAISE
turn,3,47.11,0.0,110.36,0,0.53125,0.0,CHECK
preflop,1,79.71,0.98,123.08,0,0.46875,0.012145,CALL
preflop,4,46.04,34.93,34.86,0,0.05625,0.431394,FOLD
flop,1,65.09,0.0,59.82,0,0.3875,0.0,CHECK
preflop,4,74.2,8.54,136.3,0,0.125,0.103215,CALL
river,1,64.59,25.57,85.29,0,0.9,0.283607,RAISE
flop,3,22.59,18.0,100.09,0,0.74375,0.443459,RAISE
river,1,50.17,2.26,96.91,0,0.325,0.043105,CALL
turn,4,59.64,10.69,146.12,0,0.75625,0.151998,RAISE
river,1,15.54,14.16,36.38,0,0.23125,0.476768,FOLD
river,1,74.73,10.28,48.06,0,0.5875,0.120927,CALL
preflop,1,15.25,5.83,99.49,0,0.3875,0.276565,CALL
turn,1,71.97,19.1,44.34,0,0.75625,0.209729,RAISE
preflop,2,53.53,0.0,91.52,0,0.31875,0.0,CHECK
preflop,3,31.1,25.68,77.92,0,0.3375,0.452272,FOLD
river,3,75.97,0.0,96.83,0,0.1,0.0,CHECK
flop,2,37.26,1.77,96.24,0,0.4125,0.04535,CALL
river,4,45.07,16.48,21.45,0,0.3,0.26775,CALL
flop,2,64.79,3.27,111.84,0,0.8125,0.048046,RAISE
preflop,2,44.45,23.94,87.17,0,0.4375,0.350051,CALL
flop,1,71.56,9.08,98.97,0,0.41875,0.112599,CALL
river,4,5.98,6.15,130.83,0,0.0,0.507007,FOLD
preflop,1,27.92,0.0,42.44,0,0.4875,0.0,CHECK
flop,1,25.7,9.51,67.95,0,0.6,0.270094,CALL
preflop,3,26.15,0.0,80.77,0,0.20625,0.0,CHECK
turn,4,13.94,0.0,29.17,0,0.11875,0.0,CHECK
river,1,31.73,0.0,76.35,0,0.7375,0.0,BET
preflop,3,69.18,0.0,93.33,0,0.1375,0.0,CHECK
preflop,4,78.57,0.0,44.46,0,0.15625,0.0,CHECK
turn,1,22.77,10.0,59.8,0,0.8625,0.305157,RAISE
turn,4,51.72,12.69,79.82,0,0.2125,0.197019,CALL
river,3,21.94,4.94,136.35,0,0.9125,0.18378,RAISE
turn,3,42.14,0.0,47.32,0,0.01875,0.0,CHECK
flop,3,11.68,0.0,82.68,0,0.13125,0.0,CHECK
flop,1,23.89,0.0,107.14,0,0.35,0.0,CHECK
preflop,4,68.51,0.0,55.88,0,0.11875,0.0,CHECK
river,4,21.37,4.57,125.91,0,0.025,0.176176,FOLD
preflop,4,50.9,23.08,75.95,0,0.18125,0.311976,FOLD
river,4,21.06,0.0,133.06,0,0.0,0.0,CHECK
river,4,30.25,17.55,115.19,0,0.025,0.367155,FOLD
preflop,4,76.14,0.0,68.23,0,0.2375,0.0,CHECK
preflop,3,30.04,0.0,116.21,0,0.16875,0.0,CHECK
river,3,70.18,0.0,79.91,0,0.8375,0.0,BET
flop,4,68.91,0.0,36.25,0,0.425,0.0,CHECK
flop,3,45.34,0.0,30.0,0,0.1875,0.0,CHECK
preflop,1,23.57,20.7,125.24,0,0.36875,0.467585,FOLD
turn,3,8.95,0.0,64.01,0,0.1125,0.0,CHECK
river,1,42.77,26.79,91.85,0,0.825,0.385135,RAISE
river,1,63.24,0.0,28.49,0,0.70625,0.0,BET
river,1,46.9,0.0,72.56,0,0.49375,0.0,CHECK
flop,3,35.34,0.0,78.95,0,0.15,0.0,CHECK
preflop,1,49.1,0.0,29.1,0,0.3375,0.0,CHECK
turn,3,40.61,0.0,107.99,0,0.44375,0.0,CHECK
river,3,48.44,22.62,134.58,0,0.0,0.318323,FOLD
river,2,49.05,33.51,144.51,0,0.46875,0.405887,CALL
flop,4,50.37,2.35,70.19,0,0.20625,0.044575,CALL
turn,3,17.88,10.87,129.63,0,0.2,0.378087,FOLD
preflop,1,9.62,0.63,72.41,0,0.48125,0.061463,CALL
turn,2,64.15,32.99,55.1,0,0.125,0.339613,FOLD
turn,2,38.26,0.0,113.08,0,0.50625,0.0,CHECK
river,4,65.24,0.0,113.83,0,0.0125,0.0,CHECK
river,3,62.59,9.19,136.98,0,0.0375,0.12803,FOLD
preflop,2,61.8,0.0,31.44,0,0.2875,0.0,CHECK
flop,4,65.44,15.26,127.87,0,0.925,0.189095,RAISE
turn,1,12.8,0.0,51.89,0,0.25,0.0,CHECK
river,1,40.11,0.0,21.82,0,0.53125,0.0,CHECK
turn,4,21.29,7.5,119.43,0,0.075,0.260507,FOLD
flop,2,45.91,0.0,92.47,0,0.34375,0.0,CHECK
preflop,3,8.12,4.6,24.4,0,0.275,0.361635,FOLD
turn,1,66.43,1.27,131.03,0,0.56875,0.018759,CALL
preflop,4,67.03,23.99,26.28,0,0.20625,0.263568,FOLD
flop,2,22.51,0.0,58.98,0,0.2,0.0,CHECK
preflop,3,9.81,0.0,117.04,0,0.3125,0.0,CHECK
turn,2,6.65,0.0,115.91,0,0.21875,0.0,CHECK
turn,4,17.99,0.0,91.55,0,0.125,0.0,CHECK
flop,2,72.06,7.68,123.38,0,0.2,0.096313,CALL
turn,4,4.01,2.4,30.45,0,0.74375,0.374415,RAISE
river,1,71.41,26.14,24.59,0,0.20625,0.267965,FOLD
turn,1,60.59,0.0,117.76,0,0.51875,0.0,CHECK
preflop,1,14.83,7.91,135.77,0,0.38125,0.347845,CALL
river,3,69.58,0.0,103.74,0,0.61875,0.0,CHECK
river,4,72.55,29.2,141.14,0,0.725,0.286978,RAISE
turn,3,45.23,26.5,126.2,0,0.19375,0.369441,FOLD
turn,3,59.26,0.0,134.58,0,0.1,0.0,CHECK
flop,4,2.79,0.0,136.31,0,0.1125,0.0,CHECK
turn,4,26.83,26.98,60.33,0,0.0125,0.501394,FOLD
preflop,2,23.14,13.54,106.62,0,0.23125,0.369138,FOLD
turn,1,24.86,0.0,61.95,0,0.49375,0.0,CHECK
flop,3,44.4,0.0,62.71,0,0.0875,0.0,CHECK
flop,4,64.81,0.0,94.79,0,0.05625,0.0,CHECK
turn,3,72.6,3.31,107.54,0,0.025,0.043604,CALL
flop,1,24.81,0.0,89.41,0,0.66875,0.0,BET
turn,4,36.42,0.0,129.76,0,0.3,0.0,CHECK
preflop,3,72.68,10.44,85.62,0,0.24375,0.125602,CALL
flop,4,15.83,1.24,24.67,0,0.075,0.072642,CALL
flop,2,57.43,28.23,42.93,0,0.16875,0.329559,FOLD
preflop,1,15.28,12.87,117.65,0,0.41875,0.457194,FOLD
flop,3,55.79,10.1,62.45,0,0.16875,0.153286,CALL
preflop,4,17.15,15.17,93.49,0,0.1,0.469369,FOLD
preflop,2,40.55,0.0,112.13,0,0.33125,0.0,CHECK
river,3,42.97,0.0,54.98,0,0.45625,0.0,CHECK
turn,1,66.37,12.82,22.72,0,0.125,0.161889,FOLD
preflop,4,34.39,12.35,79.55,0,0.21875,0.264228,FOLD
flop,3,57.78,27.9,110.73,0,0.225,0.32563,FOLD
preflop,2,65.15,0.0,121.62,0,0.35625,0.0,CHECK
flop,4,59.76,31.32,108.47,0,0.0375,0.343874,FOLD
preflop,1,66.1,23.41,57.18,0,0.8125,0.261535,RAISE
river,3,56.02,26.16,68.25,0,0.65,0.318326,RAISE
river,3,44.61,0.0,62.57,0,0.0625,0.0,CHECK
turn,1,21.34,2.47,145.02,0,0.36875,0.103738,CALL
preflop,4,5.63,0.0,112.88,0,0.075,0.0,CHECK
preflop,2,33.65,30.65,47.27,0,0.25,0.476672,FOLD
preflop,4,69.84,0.0,111.16,0,0.23125,0.0,CHECK
preflop,4,2.92,0.0,47.21,0,0.15625,0.0,CHECK
turn,1,41.68,3.31,145.32,0,0.55625,0.073572,CALL
flop,2,70.5,1.42,22.56,0,0.1125,0.019744,CALL
flop,2,79.84,0.0,141.72,0,0.10625,0.0,CHECK
flop,4,12.17,0.0,49.39,0,0.225,0.0,CHECK
river,4,11.51,5.37,39.23,0,0.275,0.318128,FOLD
river,1,61.64,0.0,30.27,0,0.2375,0.0,CHECK
preflop,4,36.73,7.65,39.11,0,0.11875,0.172375,FOLD
flop,3,42.62,0.0,140.57,0,0.0625,0.0,CHECK
flop,1,20.94,13.45,66.53,0,0.425,0.391102,CALL
flop,4,73.83,15.84,98.6,0,0.08125,0.176648,FOLD
river,4,72.22,11.53,67.72,0,0.8625,0.137672,RAISE
turn,2,2.99,0.0,140.76,0,0.76875,0.0,BET
flop,4,71.28,17.72,131.1,0,0.3,0.199101,CALL
preflop,4,26.16,27.13,67.99,0,0.175,0.509101,FOLD
flop,1,55.04,0.0,115.13,0,0.55,0.0,CHECK
flop,3,12.47,0.0,50.51,0,0.33125,0.0,CHECK
river,3,68.68,0.0,149.21,0,0.0,0.0,CHECK
preflop,4,14.08,2.98,59.44,0,0.2125,0.174678,CALL
turn,4,2.68,0.0,29.19,0,0.0875,0.0,CHECK
turn,1,42.75,0.0,26.92,0,0.13125,0.0,CHECK
preflop,3,35.66,13.75,51.53,0,0.14375,0.278284,FOLD
turn,2,18.46,11.1,134.9,0,0.99375,0.375507,RAISE
river,3,31.73,20.74,95.18,0,0.0,0.395273,FOLD
turn,2,79.18,0.0,56.71,0,0.05,0.0,CHECK
turn,2,16.57,17.49,132.98,0,0.76875,0.513506,RAISE
flop,3,15.59,0.0,125.7,0,0.29375,0.0,CHECK
preflop,4,26.48,0.0,41.85,0,0.23125,0.0,CHECK
river,3,79.48,0.0,56.14,0,0.23125,0.0,CHECK
turn,4,71.41,23.0,149.84,0,0.05,0.243618,FOLD
flop,2,77.5,30.5,78.31,0,0.14375,0.282407,FOLD
turn,2,63.1,0.0,65.6,0,0.24375,0.0,CHECK
flop,1,5.42,0.0,69.48,0,0.66875,0.0,BET
river,3,38.39,0.0,56.77,0,0.375,0.0,CHECK
preflop,2,24.72,0.0,119.35,0,0.25,0.0,CHECK
flop,3,33.44,24.22,25.18,0,0.1375,0.420049,FOLD
preflop,3,17.12,0.0,46.58,0,0.31875,0.0,CHECK
turn,1,32.19,0.0,74.52,0,0.63125,0.0,BET
turn,2,61.54,25.51,92.85,0,0.1375,0.29305,FOLD
preflop,3,51.59,28.01,135.94,0,0.30625,0.351884,FOLD
turn,3,51.94,9.81,81.22,0,0.40625,0.158866,CALL
preflop,2,41.38,0.0,97.32,0,0.40625,0.0,CHECK
river,3,72.09,0.0,104.85,0,0.0,0.0,CHECK
flop,3,78.39,31.01,68.41,0,0.2125,0.283455,FOLD
turn,1,69.17,6.53,122.29,0,0.6375,0.086262,CALL
preflop,3,14.46,5.07,41.65,0,0.15625,0.259601,FOLD
preflop,2,5.1,0.0,20.44,0,0.325,0.0,CHECK
turn,3,45.91,18.33,44.5,0,0.05625,0.285336,FOLD
turn,2,3.69,3.12,29.99,0,0.475,0.45815,CALL
preflop,2,73.73,0.0,127.91,0,0.21875,0.0,CHECK
turn,1,17.96,18.66,125.34,0,0.225,0.509558,FOLD
turn,1,44.59,21.38,118.65,0,0.7625,0.324087,RAISE
turn,1,52.34,9.99,98.21,0,0.575,0.160276,CALL
preflop,1,77.68,0.0,27.85,0,0.53125,0.0,CHECK
flop,2,14.99,0.74,35.05,0,0.475,0.047044,CALL
turn,3,37.57,0.0,51.79,0,0.08125,0.0,CHECK
turn,1,34.53,2.94,38.22,0,0.59375,0.078463,CALL
turn,3,44.22,13.04,122.84,0,0.2,0.227733,FOLD
flop,4,33.71,26.45,126.97,0,0.30625,0.439661,FOLD
turn,1,48.92,0.0,105.32,0,0.61875,0.0,CHECK
river,3,76.28,0.0,89.09,0,0.0375,0.0,CHECK
flop,2,61.57,0.0,108.09,0,0.25625,0.0,CHECK
turn,1,45.95,0.0,42.25,0,0.5375,0.0,CHECK
turn,1,47.49,17.96,26.95,0,0.16875,0.274408,FOLD
river,4,31.54,0.0,115.59,0,0.0,0.0,CHECK
river,3,69.98,0.0,44.25,0,0.55,0.0,CHECK
river,3,53.92,0.0,97.91,0,0.4125,0.0,CHECK
river,4,40.51,23.43,130.88,0,0.05,0.366437,FOLD
river,3,48.51,6.63,130.15,0,0.03125,0.120239,FOLD
river,2,39.96,0.0,87.74,0,0.4,0.0,CHECK
turn,4,2.65,0.87,54.47,0,0.4125,0.247159,CALL
preflop,4,16.28,0.0,65.83,0,0.21875,0.0,CHECK
river,3,21.72,0.0,60.42,0,0.7875,0.0,BET
preflop,1,56.33,0.0,84.33,0,0.625,0.0,BET
river,2,51.0,8.86,23.1,0,0.50625,0.148012,CALL
turn,2,54.66,0.0,83.88,0,0.71875,0.0,BET
river,3,34.42,0.0,46.55,0,0.04375,0.0,CHECK
flop,2,60.83,0.0,101.06,0,0.26875,0.0,CHECK
turn,1,11.13,0.0,124.24,0,0.1625,0.0,CHECK
river,3,75.64,0.0,65.1,0,0.0125,0.0,CHECK
flop,1,59.24,0.0,149.91,0,0.80625,0.0,BET
river,2,50.52,0.0,51.76,0,0.7,0.0,BET
flop,4,41.0,8.18,80.71,0,0.11875,0.166328,FOLD
river,2,78.83,14.6,82.95,0,0.1375,0.156267,CALL
flop,2,49.01,0.0,110.6,0,0.2625,0.0,CHECK
river,1,16.41,0.0,59.85,0,0.675,0.0,BET
flop,1,36.95,11.91,24.52,0,0.375,0.243758,CALL
flop,4,45.81,0.0,133.82,0,0.48125,0.0,CHECK
preflop,1,67.86,19.3,55.37,0,0.30625,0.221432,CALL
turn,3,19.97,10.9,23.39,0,0.0125,0.353094,FOLD
preflop,3,5.08,5.13,126.83,0,0.16875,0.502449,FOLD
flop,4,77.98,18.78,33.44,0,0.025,0.194088,FOLD
preflop,1,62.02,12.7,132.97,0,0.59375,0.169968,CALL
river,3,62.77,0.0,63.34,0,0.025,0.0,CHECK
river,1,28.79,0.0,28.14,0,0.34375,0.0,CHECK
turn,1,8.49,0.0,28.22,0,0.40625,0.0,CHECK
river,2,53.7,0.0,124.69,0,0.4875,0.0,CHECK
preflop,3,74.56,2.51,149.02,0,0.2,0.032568,CALL
turn,2,39.1,11.8,99.28,0,0.1375,0.231827,FOLD
river,1,75.41,0.0,122.45,0,0.91875,0.0,BET
turn,2,3.22,0.0,31.31,0,0.24375,0.0,CHECK
flop,4,11.4,5.74,121.93,0,0.125,0.334889,FOLD
river,3,32.42,29.95,146.0,0,0.05625,0.480199,FOLD
river,3,50.54,0.0,118.13,0,0.01875,0.0,CHECK
preflop,4,72.23,19.65,35.31,0,0.2375,0.213866,CALL
river,4,47.95,0.0,38.79,0,0.0,0.0,CHECK
river,2,2.11,0.76,99.24,0,0.55625,0.264808,CALL
river,4,6.78,0.0,25.33,0,0.775,0.0,BET
flop,2,28.57,0.0,70.61,0,0.4875,0.0,CHECK
river,2,9.32,0.0,37.49,0,0.68125,0.0,BET
flop,3,59.68,0.0,34.26,0,0.3125,0.0,CHECK
flop,4,39.7,20.2,33.98,0,0.25625,0.337229,FOLD
preflop,4,46.19,32.65,72.52,0,0.16875,0.41413,FOLD
flop,1,67.95,30.4,90.89,0,0.59375,0.3091,CALL
flop,4,58.22,1.39,43.2,0,0.10625,0.023318,CALL
flop,2,75.82,25.54,65.1,0,0.0625,0.251973,FOLD
river,3,31.34,0.0,65.1,0,0.51875,0.0,CHECK
preflop,1,38.72,8.42,27.88,0,0.49375,0.178617,CALL
turn,4,12.57,0.0,146.83,0,0.11875,0.0,CHECK
flop,1,79.69,0.0,142.82,0,0.68125,0.0,BET
preflop,1,55.75,11.12,111.03,0,0.5625,0.166293,CALL
preflop,1,2.42,1.41,45.65,0,0.45,0.368146,CALL
river,4,43.59,25.57,60.82,0,0.0,0.369722,FOLD
flop,1,21.35,11.77,135.05,0,0.80625,0.355374,RAISE
preflop,4,55.66,27.92,97.76,0,0.1625,0.334051,FOLD
flop,1,43.05,32.94,135.3,0,0.4125,0.433478,FOLD
turn,1,53.58,0.0,108.9,0,0.76875,0.0,BET
turn,1,15.07,1.87,144.77,0,0.11875,0.11039,CALL
turn,3,46.73,0.0,74.92,0,0.58125,0.0,CHECK
turn,2,63.59,32.28,149.1,0,0.1,0.336706,FOLD
turn,3,29.8,0.0,138.03,0,0.1625,0.0,CHECK
preflop,1,63.73,30.17,88.8,0,0.54375,0.321299,CALL
turn,1,64.17,0.0,117.25,0,0.29375,0.0,CHECK
turn,3,15.02,0.0,68.15,0,0.0875,0.0,CHECK
turn,2,48.8,0.0,49.33,0,0.15625,0.0,CHECK
turn,1,31.47,33.32,38.28,0,0.1875,0.514277,FOLD
preflop,1,16.64,8.96,34.53,0,0.5625,0.35,CALL
river,1,75.77,0.0,79.88,0,0.075,0.0,CHECK
flop,2,58.19,28.87,52.3,0,0.725,0.33161,RAISE
turn,4,55.89,0.0,90.96,0,0.3125,0.0,CHECK
river,2,27.04,0.0,130.94,0,0.26875,0.0,CHECK
preflop,4,31.32,0.0,45.21,0,0.11875,0.0,CHECK
flop,2,76.71,0.0,107.91,0,0.25,0.0,CHECK
flop,3,20.52,0.0,128.67,0,0.11875,0.0,CHECK
turn,3,32.47,0.0,107.64,0,0.275,0.0,CHECK
turn,4,34.61,0.0,144.02,0,0.29375,0.0,CHECK
river,2,68.73,0.0,94.35,0,0.725,0.0,BET
preflop,1,20.45,0.0,143.44,0,0.5875,0.0,CHECK
river,3,69.0,25.96,31.67,0,0.0375,0.273378,FOLD
turn,1,70.98,2.65,87.99,0,0.18125,0.035991,CALL
river,2,42.4,4.85,141.02,0,0.33125,0.102646,CALL
flop,4,18.42,0.0,27.21,0,0.13125,0.0,CHECK
preflop,3,66.93,0.0,111.3,0,0.2,0.0,CHECK
turn,2,75.83,9.55,87.11,0,0.30625,0.111853,CALL
preflop,2,13.51,6.52,118.91,0,0.275,0.325512,FOLD
flop,4,54.11,13.46,88.28,0,0.48125,0.199201,CALL
turn,2,8.47,0.0,46.55,0,0.55,0.0,CHECK
flop,2,34.78,24.93,142.86,0,0.85625,0.417518,RAISE
flop,2,31.33,15.92,102.41,0,0.13125,0.336931,FOLD
turn,1,58.39,0.0,20.89,0,0.50625,0.0,CHECK
river,2,22.31,2.78,89.53,0,0.55,0.110801,CALL
flop,3,27.38,10.52,77.11,0,0.41875,0.277573,CALL
flop,2,65.81,0.0,96.66,0,0.075,0.0,CHECK
preflop,3,48.65,1.41,21.81,0,0.3375,0.028166,CALL
turn,4,14.53,0.0,120.42,0,0.53125,0.0,CHECK
preflop,1,14.99,15.82,123.64,0,0.26875,0.51347,FOLD
flop,1,66.26,19.68,87.4,0,0.64375,0.228997,CALL
preflop,1,21.46,3.66,103.8,0,0.68125,0.145701,RAISE
preflop,1,66.0,0.0,23.82,0,0.4875,0.0,CHECK
flop,4,65.33,32.29,82.15,0,0.175,0.330772,FOLD
flop,3,69.12,0.0,87.4,0,0.05625,0.0,CHECK
flop,3,48.03,23.31,142.26,0,0.075,0.326745,FOLD
turn,2,3.47,0.0,24.65,0,0.33125,0.0,CHECK
flop,4,48.7,0.0,64.95,0,0.0375,0.0,CHECK
turn,1,61.87,18.35,134.17,0,0.54375,0.228746,CALL
flop,1,78.04,20.22,29.66,0,0.7625,0.205781,RAISE
flop,3,35.81,0.0,123.43,0,0.125,0.0,CHECK
turn,3,74.87,19.62,114.92,0,0.2375,0.207641,CALL
preflop,2,73.56,5.89,142.29,0,0.425,0.074135,CALL
preflop,2,51.65,0.0,79.95,0,0.36875,0.0,CHECK
turn,2,14.81,3.65,52.6,0,0.2375,0.197725,CALL
flop,4,31.47,4.53,85.43,0,0.3625,0.125833,CALL
river,3,51.01,1.54,43.83,0,0.0,0.029305,FOLD
preflop,3,41.92,0.0,49.95,0,0.2,0.0,CHECK
turn,3,20.44,14.98,64.25,0,0.0125,0.422925,FOLD
flop,1,21.35,0.0,46.05,0,0.64375,0.0,BET
flop,3,15.33,0.0,25.71,0,0.43125,0.0,CHECK
preflop,1,13.49,0.0,38.07,0,0.40625,0.0,CHECK
river,4,17.67,6.5,84.08,0,0.1125,0.268928,FOLD
preflop,3,2.02,2.2,43.8,0,0.34375,0.521327,FOLD
river,3,10.94,0.0,143.96,0,0.0,0.0,CHECK
turn,4,58.65,0.0,101.65,0,0.03125,0.0,CHECK
turn,1,43.38,0.0,32.91,0,0.4625,0.0,CHECK
preflop,3,37.6,0.0,96.29,0,0.24375,0.0,CHECK
turn,3,3.06,2.37,137.67,0,0.0875,0.436464,FOLD
turn,2,72.98,29.61,69.91,0,0.34375,0.288625,CALL
river,2,51.14,0.0,137.73,0,0.49375,0.0,CHECK
turn,4,25.71,14.41,43.18,0,0.16875,0.359172,FOLD
river,4,20.45,8.01,44.86,0,0.125,0.281448,FOLD
preflop,1,40.46,22.63,124.59,0,0.4,0.358694,CALL
flop,3,70.03,24.64,115.91,0,0.34375,0.260273,CALL
preflop,4,43.38,9.03,78.47,0,0.175,0.172295,CALL
river,2,59.63,11.91,122.01,0,0.9125,0.16648,RAISE
river,3,13.1,9.7,123.87,0,0.09375,0.425439,FOLD
preflop,3,48.74,0.0,30.58,0,0.20625,0.0,CHECK
flop,3,43.61,27.09,33.23,0,0.25,0.383168,FOLD
flop,1,12.64,3.46,23.45,0,0.7,0.214907,RAISE
river,1,20.76,9.19,149.48,0,0.9875,0.306845,RAISE
preflop,3,5.87,2.09,136.91,0,0.175,0.262563,FOLD
turn,4,67.61,29.9,51.78,0,0.03125,0.306635,FOLD
flop,3,74.6,33.66,148.66,0,0.48125,0.310918,CALL
flop,1,79.74,28.03,40.39,0,0.2375,0.260091,FOLD
turn,3,53.9,9.48,144.42,0,0.1625,0.149574,CALL
turn,2,73.8,28.34,26.44,0,0.24375,0.277462,FOLD
turn,3,67.5,0.0,141.11,0,0.04375,0.0,CHECK
preflop,1,23.24,26.86,32.85,0,0.4375,0.536128,FOLD
turn,1,41.67,0.0,75.66,0,0.5125,0.0,CHECK
preflop,1,59.15,12.16,102.61,0,0.74375,0.170523,RAISE
river,2,8.3,2.85,23.38,0,0.175,0.255605,FOLD
preflop,2,27.61,0.0,99.59,0,0.3625,0.0,CHECK
turn,3,78.55,15.61,41.25,0,0.23125,0.165782,CALL
turn,1,70.38,0.0,75.29,0,0.375,0.0,CHECK
turn,4,25.7,27.05,97.51,0,0.0375,0.512796,FOLD
preflop,1,32.57,30.49,124.43,0,0.29375,0.483508,FOLD
turn,3,8.24,5.33,139.72,0,0.2,0.392778,FOLD
river,4,50.68,15.93,34.3,0,0.0,0.239153,FOLD
flop,1,3.47,1.23,111.91,0,0.70625,0.261702,RAISE
turn,4,78.93,0.0,111.46,0,0.0,0.0,CHECK
turn,4,59.62,18.87,98.51,0,0.1125,0.240413,FOLD
river,2,30.5,0.0,56.38,0,0.0375,0.0,CHECK
river,4,23.53,0.0,146.85,0,0.525,0.0,CHECK
preflop,3,60.06,0.51,99.55,0,0.2125,0.00842,CALL
river,1,21.54,0.0,44.08,0,0.9625,0.0,BET
turn,1,77.61,33.69,36.95,0,0.575,0.302695,CALL
flop,3,62.92,14.05,112.37,0,0.18125,0.182539,CALL
river,1,35.94,1.52,125.68,0,0.39375,0.040577,CALL
flop,1,75.73,17.61,116.33,0,0.575,0.188665,CALL
turn,2,45.79,8.06,46.11,0,0.31875,0.149675,CALL
river,4,46.88,0.0,87.67,0,0.45,0.0,CHECK
river,4,13.56,12.54,55.14,0,0.0625,0.48046,FOLD
flop,2,36.97,0.0,125.43,0,0.29375,0.0,CHECK
flop,4,4.41,0.0,42.09,0,0.175,0.0,CHECK
turn,1,51.78,12.72,56.49,0,0.4125,0.197209,CALL
preflop,4,13.76,10.9,110.62,0,0.21875,0.442011,FOLD
flop,1,74.39,4.7,67.95,0,0.5625,0.059426,CALL
preflop,4,7.73,0.0,143.13,0,0.1125,0.0,CHECK
river,1,9.34,9.61,60.91,0,0.0,0.507124,FOLD
preflop,4,72.65,14.62,133.02,0,0.15,0.167526,CALL
flop,1,39.08,27.36,60.99,0,0.425,0.4118,CALL
river,2,60.35,30.8,79.48,0,0.0,0.337905,FOLD
flop,3,35.98,29.5,113.37,0,0.48125,0.450519,CALL
turn,2,64.31,19.36,73.03,0,0.15625,0.231385,FOLD
turn,3,26.91,0.0,78.87,0,0.0375,0.0,CHECK
flop,4,26.67,0.0,118.32,0,0.33125,0.0,CHECK
turn,2,63.23,0.0,51.07,0,0.51875,0.0,CHECK
preflop,3,23.92,0.0,25.18,0,0.3875,0.0,CHECK
river,3,79.56,0.0,78.93,0,0.0,0.0,CHECK
preflop,3,43.77,22.06,58.3,0,0.23125,0.335106,FOLD
preflop,2,69.53,19.34,64.01,0,0.2375,0.217621,CALL
river,3,52.56,0.0,66.98,0,0.23125,0.0,CHECK
preflop,1,3.12,0.0,36.78,0,0.55625,0.0,CHECK
turn,1,45.54,0.0,61.6,0,0.43125,0.0,CHECK
preflop,2,28.69,27.38,48.83,0,0.35625,0.488318,FOLD
river,4,43.04,0.0,100.97,0,0.0,0.0,CHECK
preflop,3,42.37,15.58,53.71,0,0.275,0.268852,CALL
river,1,31.8,25.53,65.28,0,0.48125,0.445317,CALL
flop,4,57.61,0.0,111.25,0,0.1375,0.0,CHECK
turn,1,29.42,19.28,121.64,0,0.50625,0.395893,CALL
preflop,1,44.71,15.34,99.92,0,0.375,0.255454,CALL
turn,2,41.74,6.24,133.72,0,0.16875,0.130054,CALL
turn,1,34.84,13.31,48.68,0,0.8125,0.276428,RAISE
preflop,1,76.27,15.02,142.77,0,0.59375,0.164531,CALL
river,2,72.42,28.25,29.77,0,0.0375,0.28062,FOLD
preflop,4,68.96,0.0,53.37,0,0.075,0.0,CHECK
flop,3,27.19,0.0,75.74,0,0.03125,0.0,CHECK
preflop,1,52.41,0.0,112.93,0,0.575,0.0,CHECK
turn,3,13.17,4.99,33.76,0,0.0875,0.27478,FOLD
turn,3,66.58,26.06,82.87,0,0.13125,0.281304,FOLD
river,2,10.26,5.67,122.89,0,0.075,0.355932,FOLD
turn,4,62.71,0.55,46.69,0,0.5375,0.008694,CALL
flop,1,7.12,7.18,84.89,0,0.31875,0.502098,FOLD
river,3,72.06,8.91,145.26,0,0.3875,0.110041,CALL
turn,3,74.51,0.0,122.0,0,0.16875,0.0,CHECK
river,2,7.08,0.0,37.55,0,0.3625,0.0,CHECK
preflop,1,30.22,13.66,133.57,0,0.3625,0.311304,CALL
preflop,3,27.54,0.0,46.94,0,0.31875,0.0,CHECK
flop,3,76.41,0.0,137.66,0,0.40625,0.0,CHECK
flop,2,8.53,3.28,65.95,0,0.1875,0.277731,FOLD
flop,1,56.78,0.0,21.87,0,0.325,0.0,CHECK
preflop,2,30.39,0.0,139.27,0,0.29375,0.0,CHECK
river,2,31.01,9.29,67.48,0,0.10625,0.230521,FOLD
river,3,15.22,0.0,81.42,0,0.0,0.0,CHECK
turn,3,67.57,27.74,21.7,0,0.2,0.29105,FOLD
flop,4,13.99,0.0,140.47,0,0.2625,0.0,CHECK
preflop,1,50.97,0.0,94.0,0,0.46875,0.0,CHECK
flop,3,30.45,0.0,147.84,0,0.53125,0.0,CHECK
preflop,4,17.64,0.0,72.34,0,0.06875,0.0,CHECK
river,1,65.31,7.92,96.26,0,0.11875,0.108152,CALL
river,1,23.8,16.33,44.47,0,0.4625,0.406927,CALL
turn,1,37.89,0.0,39.63,0,0.18125,0.0,CHECK
flop,4,42.44,0.0,54.27,0,0.0375,0.0,CHECK
turn,4,57.8,0.0,128.55,0,0.175,0.0,CHECK
preflop,1,28.14,0.0,44.43,0,0.5625,0.0,CHECK
river,2,44.38,0.0,77.03,0,1.0,0.0,BET
flop,3,48.7,25.97,92.07,0,0.1,0.347797,FOLD
river,4,13.43,0.0,43.06,0,0.0,0.0,CHECK
river,2,78.73,2.63,91.99,0,0.0125,0.032325,CALL
turn,3,46.06,0.0,56.69,0,0.09375,0.0,CHECK
flop,4,36.04,33.05,57.73,0,0.15,0.478362,FOLD
flop,4,37.0,24.09,131.11,0,0.1125,0.394336,FOLD
turn,3,76.83,2.98,81.3,0,0.04375,0.037339,CALL
turn,3,30.23,0.0,38.6,0,0.0125,0.0,CHECK
turn,3,27.37,0.0,146.53,0,0.26875,0.0,CHECK
river,4,30.57,24.59,54.25,0,0.0,0.445794,FOLD
river,3,27.76,0.0,45.82,0,0.425,0.0,CHECK
preflop,4,3.89,0.0,69.71,0,0.225,0.0,CHECK
turn,4,38.35,7.59,105.85,0,0.04375,0.165215,FOLD
turn,3,11.2,0.0,71.39,0,0.1875,0.0,CHECK
flop,4,56.43,0.0,28.41,0,0.8375,0.0,BET
river,3,24.03,16.12,53.82,0,0.0,0.401494,FOLD
turn,3,28.62,19.07,87.78,0,0.54375,0.399874,CALL
turn,3,48.69,0.0,137.38,0,0.10625,0.0,CHECK
preflop,2,76.71,0.0,83.3,0,0.3125,0.0,CHECK
flop,1,13.24,0.0,82.08,0,0.5875,0.0,CHECK
flop,4,20.52,13.15,68.22,0,0.2,0.390555,FOLD
turn,2,44.18,0.0,34.43,0,0.14375,0.0,CHECK
turn,4,42.69,3.34,76.43,0,0.0625,0.072561,CALL
river,1,51.1,0.0,99.11,0,0.33125,0.0,CHECK
flop,2,47.22,21.73,70.93,0,0.19375,0.315156,FOLD
turn,2,40.99,0.0,41.92,0,0.35,0.0,CHECK
flop,3,43.23,0.0,125.35,0,0.23125,0.0,CHECK
turn,2,27.39,0.0,136.25,0,0.025,0.0,CHECK
turn,1,55.87,0.0,143.77,0,0.825,0.0,BET
preflop,4,52.55,12.49,117.09,0,0.275,0.192036,CALL
preflop,2,29.79,27.13,28.63,0,0.725,0.476634,RAISE
flop,1,65.1,1.69,49.43,0,0.36875,0.025303,CALL
turn,2,71.16,27.14,97.0,0,0.58125,0.276094,CALL
preflop,2,51.66,0.0,133.44,0,0.26875,0.0,CHECK
flop,2,70.19,0.0,75.21,0,0.20625,0.0,CHECK
river,2,51.71,4.73,102.23,0,0.55625,0.083806,CALL
flop,4,69.92,20.91,86.07,0,0.29375,0.23021,CALL
river,1,28.98,0.0,118.3,0,0.975,0.0,BET
river,4,26.98,0.0,53.88,0,0.70625,0.0,BET
river,3,28.44,0.0,95.87,0,0.01875,0.0,CHECK
turn,1,42.14,0.0,127.37,0,0.35,0.0,CHECK
flop,3,44.67,22.44,149.84,0,0.04375,0.334376,FOLD
preflop,1,67.56,9.61,119.1,0,0.3875,0.12453,CALL
river,2,60.99,20.48,43.17,0,0.0625,0.251381,FOLD
turn,1,69.91,26.59,107.06,0,0.1875,0.275544,FOLD
flop,1,59.17,0.0,85.89,0,0.425,0.0,CHECK
flop,3,44.86,9.42,101.14,0,0.15625,0.173545,CALL
river,2,30.14,27.4,44.3,0,0.59375,0.47619,CALL
turn,1,17.69,9.2,135.43,0,0.61875,0.342135,CALL
flop,2,64.15,0.0,82.47,0,0.175,0.0,CHECK
flop,1,17.68,2.83,103.1,0,0.83125,0.137981,RAISE
turn,4,70.07,12.88,136.16,0,0.725,0.155274,RAISE
turn,1,76.59,18.81,89.44,0,0.46875,0.19717,CALL
turn,1,33.29,0.0,66.74,0,0.7875,0.0,BET
turn,4,61.24,8.47,51.06,0,0.08125,0.121503,FOLD
preflop,4,73.41,0.0,63.66,0,0.275,0.0,CHECK
turn,1,74.53,31.45,103.78,0,0.3625,0.296754,CALL
turn,4,12.58,10.17,130.48,0,0.0875,0.447033,FOLD
preflop,3,38.15,20.49,84.88,0,0.4375,0.34942,CALL
flop,2,14.9,0.0,87.34,0,0.5375,0.0,CHECK
preflop,3,18.08,0.0,34.9,0,0.2375,0.0,CHECK
river,4,75.96,0.0,71.94,0,0.03125,0.0,CHECK
flop,4,46.46,0.0,102.19,0,0.13125,0.0,CHECK
river,2,27.53,16.83,80.42,0,0.01875,0.379396,FOLD
preflop,3,27.46,30.31,137.51,0,0.175,0.524667,FOLD
preflop,1,51.04,14.77,42.44,0,0.55625,0.224434,CALL
river,3,39.77,0.0,139.66,0,0.59375,0.0,CHECK
flop,1,79.24,8.32,66.75,0,0.49375,0.095021,CALL
flop,4,54.08,34.15,127.87,0,0.075,0.387057,FOLD
flop,1,33.09,24.91,50.19,0,0.93125,0.429483,RAISE
preflop,4,20.53,23.17,81.39,0,0.1375,0.530206,FOLD
flop,3,54.35,0.0,50.39,0,0.1875,0.0,CHECK
flop,4,32.84,0.0,144.85,0,0.225,0.0,CHECK
turn,3,32.57,0.0,68.5,0,0.1,0.0,CHECK
preflop,1,62.17,34.71,83.79,0,0.48125,0.358278,CALL
flop,1,26.84,29.97,78.41,0,0.525,0.527548,CALL
preflop,2,25.81,23.83,40.12,0,0.36875,0.480056,FOLD
river,3,4.16,0.0,106.79,0,0.15,0.0,CHECK
turn,1,62.54,12.61,70.43,0,0.7375,0.167798,RAISE
flop,4,61.19,0.0,111.12,0,0.05625,0.0,CHECK
river,1,63.26,0.0,102.97,0,0.4625,0.0,CHECK
preflop,1,20.49,11.53,70.73,0,0.41875,0.360087,CALL
river,4,64.98,32.81,104.79,0,0.0,0.335515,FOLD
preflop,3,61.12,23.36,99.21,0,0.23125,0.276515,FOLD
flop,4,54.61,0.0,48.67,0,0.1625,0.0,CHECK
preflop,1,72.64,19.16,47.59,0,0.65625,0.208715,RAISE
river,1,26.1,6.54,116.07,0,0.575,0.200368,CALL
flop,4,54.29,17.87,39.29,0,0.0375,0.247644,FOLD
turn,4,28.5,0.0,34.86,0,0.225,0.0,CHECK
flop,1,47.34,1.35,127.51,0,0.5375,0.027726,CALL
river,3,52.13,33.77,40.08,0,0.65625,0.393132,RAISE
preflop,3,73.65,17.01,121.68,0,0.15625,0.187624,FOLD
turn,3,67.78,3.36,29.89,0,0.0125,0.047231,FOLD
flop,4,30.29,0.0,28.72,0,0.43125,0.0,CHECK
flop,3,52.68,0.0,132.92,0,0.15625,0.0,CHECK
turn,2,28.13,14.86,109.17,0,0.275,0.345662,FOLD
river,4,13.72,14.45,148.06,0,0.63125,0.512957,CALL
flop,2,40.66,5.7,78.28,0,0.175,0.122951,CALL
river,1,12.24,0.0,60.76,0,0.41875,0.0,CHECK
turn,1,69.24,0.0,119.34,0,0.95,0.0,BET
turn,3,15.51,0.0,26.55,0,0.1125,0.0,CHECK
flop,1,22.44,12.33,32.74,0,0.175,0.354616,FOLD
river,1,29.16,0.0,68.78,0,0.825,0.0,BET
turn,3,28.96,7.19,68.35,0,0.0875,0.198893,FOLD
turn,3,58.4,14.28,78.91,0,0.15625,0.196478,FOLD
turn,2,26.72,1.73,115.17,0,0.71875,0.060808,RAISE
preflop,3,44.66,29.01,83.02,0,0.20625,0.393783,FOLD
turn,4,28.04,0.0,140.54,0,0.0125,0.0,CHECK
river,1,36.19,18.06,36.48,0,0.85,0.332903,RAISE
preflop,2,23.77,0.0,132.43,0,0.16875,0.0,CHECK
river,4,42.13,5.0,47.72,0,0.0375,0.10609,FOLD
turn,4,23.49,17.05,25.82,0,0.0,0.420572,FOLD
flop,3,40.58,8.81,101.05,0,0.34375,0.178376,CALL
turn,1,28.69,33.74,33.22,0,0.89375,0.540445,RAISE
preflop,1,44.82,0.0,55.39,0,0.45625,0.0,CHECK
preflop,2,39.25,0.0,39.34,0,0.3375,0.0,CHECK
turn,4,75.31,0.0,127.41,0,0.25,0.0,CHECK
turn,3,60.26,0.0,106.57,0,0.425,0.0,CHECK
turn,2,26.82,3.38,43.13,0,0.20625,0.111921,CALL
preflop,2,27.23,0.0,66.31,0,0.25,0.0,CHECK
flop,2,76.64,11.29,21.63,0,0.39375,0.128398,CALL
river,1,58.04,4.07,122.5,0,0.86875,0.065529,RAISE
river,3,6.01,0.0,69.19,0,0.21875,0.0,CHECK
river,3,2.76,2.18,40.63,0,0.0,0.441296,FOLD
turn,2,73.21,10.08,143.3,0,0.21875,0.121023,CALL
river,3,27.44,0.0,114.89,0,0.1125,0.0,CHECK
river,1,13.01,1.55,67.69,0,0.8375,0.106456,RAISE
preflop,2,37.39,27.76,100.86,0,0.38125,0.426094,FOLD
preflop,2,47.49,1.46,35.35,0,0.25,0.029826,CALL
flop,3,7.83,0.0,147.03,0,0.45,0.0,CHECK
preflop,2,8.55,0.0,53.79,0,0.24375,0.0,CHECK
river,1,31.09,16.73,130.29,0,0.61875,0.349854,CALL
river,4,8.73,8.26,125.82,0,0.0,0.486168,FOLD
river,3,53.68,0.0,58.81,0,0.7875,0.0,BET
turn,4,14.7,0.0,78.38,0,0.1,0.0,CHECK
turn,2,48.82,12.67,146.53,0,0.175,0.20605,FOLD
preflop,3,43.65,14.33,107.25,0,0.20625,0.247154,FOLD
river,2,36.76,16.09,81.7,0,0.1625,0.304447,FOLD
preflop,1,26.84,0.0,96.23,0,0.7125,0.0,BET
river,2,49.11,0.0,98.62,0,0.075,0.0,CHECK
flop,2,51.3,0.0,144.05,0,0.3375,0.0,CHECK
flop,1,20.25,13.94,129.19,0,0.38125,0.407722,FOLD
flop,4,32.46,0.0,107.8,0,0.225,0.0,CHECK
turn,4,59.09,0.0,74.57,0,0.08125,0.0,CHECK
preflop,3,72.9,1.73,94.87,0,0.18125,0.023181,CALL
river,4,25.41,0.0,49.87,0,0.4125,0.0,CHECK
preflop,3,9.93,10.59,50.31,0,0.2875,0.516082,FOLD
flop,1,48.9,24.04,57.96,0,0.39375,0.329586,CALL
flop,4,7.53,0.64,75.97,0,0.125,0.078335,CALL
preflop,1,10.02,8.17,65.33,0,0.44375,0.449148,CALL
turn,4,7.46,2.72,74.86,0,0.56875,0.267191,CALL
flop,1,36.35,22.29,101.47,0,0.7625,0.380116,RAISE
preflop,1,25.36,0.0,92.89,0,0.54375,0.0,CHECK
flop,4,74.57,0.0,112.79,0,0.25,0.0,CHECK
turn,4,72.81,8.31,46.07,0,0.13125,0.102441,CALL
flop,1,48.19,6.28,105.05,0,0.3375,0.115293,CALL
flop,4,24.59,0.0,58.79,0,0.19375,0.0,CHECK
flop,2,78.1,10.04,96.01,0,0.2875,0.11391,CALL
turn,2,74.58,0.0,47.0,0,0.275,0.0,CHECK
turn,3,48.6,0.0,71.98,0,0.225,0.0,CHECK
preflop,3,74.43,0.0,137.01,0,0.1625,0.0,CHECK
preflop,2,64.79,20.99,86.93,0,0.2625,0.244696,CALL
flop,4,53.89,0.0,89.64,0,0.15,0.0,CHECK
flop,1,46.98,13.28,145.27,0,0.51875,0.220378,CALL
turn,2,8.04,0.0,37.61,0,0.6375,0.0,BET
preflop,1,55.68,6.23,40.65,0,0.46875,0.10063,CALL
preflop,2,38.01,0.0,132.79,0,0.38125,0.0,CHECK
river,2,48.84,12.39,111.63,0,0.01875,0.202352,FOLD
flop,4,14.88,2.89,43.14,0,0.31875,0.162634,CALL
turn,3,48.1,11.78,55.76,0,0.54375,0.196727,CALL
flop,4,56.1,0.0,147.65,0,0.09375,0.0,CHECK
turn,3,8.26,0.0,102.92,0,0.225,0.0,CHECK
turn,2,26.15,0.0,63.49,0,0.16875,0.0,CHECK
river,2,74.21,0.0,54.89,0,0.3625,0.0,CHECK
river,3,26.86,20.91,34.5,0,0.0,0.437722,FOLD
turn,3,34.29,28.21,117.31,0,0.59375,0.45136,CALL
flop,3,33.91,28.78,98.35,0,0.2625,0.459084,FOLD
preflop,2,13.45,0.0,53.46,0,0.25625,0.0,CHECK
flop,1,79.18,0.0,65.82,0,0.2,0.0,CHECK
river,3,67.78,26.58,138.02,0,0.25625,0.281687,FOLD
river,1,59.22,25.88,77.28,0,0.29375,0.304113,CALL
preflop,2,53.16,0.0,23.59,0,0.33125,0.0,CHECK
preflop,2,45.67,0.0,65.41,0,0.34375,0.0,CHECK
turn,3,14.33,9.67,22.81,0,0.4,0.402917,CALL
flop,2,79.32,0.0,87.51,0,0.68125,0.0,BET
flop,4,61.42,11.42,134.76,0,0.48125,0.156782,CALL
preflop,2,58.6,0.0,30.53,0,0.39375,0.0,CHECK
flop,3,52.93,24.24,76.2,0,0.1375,0.314112,FOLD
turn,3,44.3,0.0,101.01,0,0.11875,0.0,CHECK
flop,3,34.16,0.0,22.97,0,0.1375,0.0,CHECK
river,2,6.15,5.87,145.17,0,0.0625,0.488353,FOLD
turn,2,34.39,7.97,75.77,0,0.3875,0.188149,CALL
river,4,44.47,2.03,103.51,0,0.0,0.043656,FOLD
flop,1,39.3,0.0,65.92,0,0.3375,0.0,CHECK
turn,1,55.34,21.39,141.76,0,0.45625,0.27877,CALL
flop,1,13.61,0.0,82.78,0,0.6125,0.0,CHECK
preflop,4,2.72,1.42,143.42,0,0.175,0.342995,FOLD
turn,4,62.94,14.54,57.9,0,0.475,0.187661,CALL
turn,4,9.96,1.59,132.38,0,0.0375,0.137662,FOLD
turn,3,21.75,6.26,59.98,0,0.4,0.223492,CALL
river,4,35.56,1.84,112.73,0,0.23125,0.049198,CALL
preflop,2,29.96,8.56,71.38,0,0.4375,0.222222,CALL
preflop,2,76.55,0.0,109.76,0,0.275,0.0,CHECK
flop,4,73.81,0.0,147.59,0,0.10625,0.0,CHECK
preflop,4,53.12,24.58,112.03,0,0.29375,0.316345,FOLD
turn,4,16.76,4.08,119.31,0,0.0375,0.195777,FOLD
river,2,74.44,0.0,140.91,0,0.0625,0.0,CHECK
turn,2,32.03,0.0,140.04,0,0.64375,0.0,BET
flop,3,67.8,5.14,25.4,0,0.475,0.070469,CALL
preflop,1,2.72,1.27,133.35,0,0.63125,0.318296,CALL
preflop,3,16.22,0.0,100.38,0,0.13125,0.0,CHECK
turn,1,4.2,0.0,48.05,0,0.53125,0.0,CHECK
preflop,3,74.04,15.15,140.71,0,0.20625,0.169862,CALL
turn,3,50.04,1.36,139.58,0,0.58125,0.026459,CALL
river,3,60.63,0.0,79.96,0,0.0,0.0,CHECK
flop,1,22.53,0.0,137.88,0,0.8375,0.0,BET
river,1,27.98,12.29,96.72,0,0.24375,0.30519,FOLD
river,4,71.12,10.81,123.23,0,0.30625,0.131942,CALL
river,2,60.44,0.0,39.54,0,0.2,0.0,CHECK
turn,1,43.29,0.0,23.42,0,0.18125,0.0,CHECK
river,1,58.72,33.9,59.53,0,0.89375,0.366012,RAISE
flop,2,23.3,0.0,62.38,0,0.2,0.0,CHECK
turn,3,17.9,13.06,96.65,0,0.125,0.421835,FOLD
turn,2,61.37,0.0,26.33,0,0.04375,0.0,CHECK
flop,2,44.55,23.47,78.35,0,0.3375,0.345046,CALL
flop,1,71.24,16.06,121.8,0,0.3625,0.183963,CALL
turn,4,4.53,0.0,120.51,0,0.06875,0.0,CHECK
flop,1,27.97,0.0,149.31,0,0.54375,0.0,CHECK
river,1,31.14,0.0,35.61,0,0.925,0.0,BET
river,3,9.58,0.0,29.5,0,0.0,0.0,CHECK
preflop,4,5.81,0.0,82.95,0,0.18125,0.0,CHECK
flop,3,37.79,17.43,147.7,0,0.1125,0.315647,FOLD
turn,2,58.9,27.25,50.07,0,0.7375,0.316309,RAISE
river,2,21.13,0.0,135.49,0,0.0,0.0,CHECK
preflop,3,13.18,0.81,146.82,0,0.275,0.057898,CALL
preflop,3,49.85,0.0,105.43,0,0.1,0.0,CHECK
preflop,1,21.21,0.0,59.4,0,0.60625,0.0,CHECK
turn,2,60.62,0.0,37.96,0,0.03125,0.0,CHECK
turn,3,11.75,0.0,94.91,0,0.475,0.0,CHECK
flop,1,41.32,23.94,87.02,0,0.65,0.36684,RAISE
turn,3,57.46,0.0,86.47,0,0.23125,0.0,CHECK
preflop,3,57.65,0.0,41.68,0,0.20625,0.0,CHECK
flop,3,72.74,30.2,53.65,0,0.35,0.293375,CALL
preflop,1,66.95,0.0,131.46,0,0.53125,0.0,CHECK
flop,4,47.59,0.0,91.09,0,0.2375,0.0,CHECK
river,1,36.85,0.0,145.9,0,0.19375,0.0,CHECK
flop,3,24.13,12.11,54.58,0,0.075,0.334161,FOLD
flop,2,28.32,21.53,90.1,0,0.175,0.431896,FOLD
preflop,3,41.58,0.0,49.18,0,0.39375,0.0,CHECK
turn,4,54.75,6.11,36.85,0,0.0375,0.100394,FOLD
preflop,4,10.33,0.0,64.76,0,0.1875,0.0,CHECK
turn,1,23.77,17.56,33.06,0,0.15,0.424873,FOLD
river,2,14.27,16.4,59.76,0,0.175,0.534724,FOLD
flop,4,71.83,0.0,92.23,0,0.14375,0.0,CHECK
flop,4,16.04,8.44,80.5,0,0.05625,0.344771,FOLD
preflop,1,59.88,7.24,33.85,0,0.4125,0.107867,CALL
flop,1,27.79,2.07,141.81,0,0.59375,0.069324,CALL
preflop,1,20.79,0.0,74.39,0,0.40625,0.0,CHECK
turn,2,66.39,0.0,59.78,0,0.53125,0.0,CHECK
river,3,28.26,0.0,49.52,0,0.0,0.0,CHECK
turn,1,54.31,0.0,58.64,0,0.26875,0.0,CHECK
river,2,77.11,0.0,99.14,0,0.225,0.0,CHECK
preflop,3,60.96,12.06,44.43,0,0.21875,0.16516,CALL
turn,3,41.73,3.61,32.84,0,0.10625,0.079621,CALL
preflop,3,29.41,28.68,138.37,0,0.16875,0.493717,FOLD
flop,3,67.2,11.56,91.83,0,0.125,0.146775,FOLD
turn,2,23.36,7.89,57.95,0,0.81875,0.25248,RAISE
preflop,3,59.59,33.08,118.92,0,0.16875,0.356966,FOLD
turn,4,77.83,11.09,99.09,0,0.18125,0.124719,CALL
river,3,3.21,2.95,138.73,0,0.08125,0.478896,FOLD
turn,3,57.64,17.96,116.33,0,0.025,0.237566,FOLD
preflop,2,66.06,0.0,28.68,0,0.45625,0.0,CHECK
river,4,42.54,29.12,141.09,0,0.0,0.406363,FOLD
preflop,1,25.39,0.0,84.94,0,0.34375,0.0,CHECK
flop,1,7.25,6.34,38.34,0,0.525,0.466519,CALL
flop,1,38.3,11.77,111.42,0,0.28125,0.235071,CALL
preflop,2,12.99,0.0,133.04,0,0.39375,0.0,CHECK
turn,2,31.02,0.0,53.83,0,0.125,0.0,CHECK
river,1,34.55,0.0,96.22,0,0.5625,0.0,CHECK
turn,4,5.93,4.55,133.6,0,0.7375,0.43416,RAISE
river,1,48.48,28.86,129.57,0,0.24375,0.373157,FOLD
turn,1,25.62,2.77,32.18,0,0.23125,0.09757,CALL
turn,1,18.02,10.71,62.49,0,0.6,0.372781,CALL
river,1,23.8,0.0,123.07,0,0.325,0.0,CHECK
river,1,62.61,27.65,119.15,0,0.325,0.306337,CALL
turn,3,50.11,8.89,115.81,0,0.225,0.150678,CALL
river,1,19.44,7.54,92.49,0,0.925,0.279466,RAISE
turn,4,6.69,0.0,90.04,0,0.0875,0.0,CHECK
flop,4,30.36,0.0,76.61,0,0.16875,0.0,CHECK
river,1,16.04,0.0,115.77,0,0.83125,0.0,BET
flop,2,28.05,0.0,138.19,0,0.20625,0.0,CHECK
preflop,4,76.84,0.0,97.96,0,0.31875,0.0,CHECK
flop,1,48.8,0.0,86.32,0,0.4125,0.0,CHECK
flop,4,58.35,12.68,143.04,0,0.15625,0.178516,FOLD
preflop,3,77.51,0.0,31.41,0,0.175,0.0,CHECK
preflop,3,77.91,0.0,23.2,0,0.2,0.0,CHECK
preflop,3,15.89,0.0,148.88,0,0.2625,0.0,CHECK
preflop,3,4.19,0.0,124.83,0,0.1375,0.0,CHECK
preflop,1,54.56,0.0,149.32,0,0.5625,0.0,CHECK
flop,3,54.93,29.85,78.04,0,0.225,0.352088,FOLD
river,1,19.08,0.0,83.28,0,1.0,0.0,BET
turn,2,33.94,0.0,93.74,0,0.88125,0.0,BET
river,2,58.88,14.91,135.75,0,0.15,0.20206,FOLD
preflop,2,45.4,0.0,122.3,0,0.4875,0.0,CHECK
preflop,3,71.48,27.2,108.66,0,0.1375,0.275638,FOLD
turn,1,42.91,23.7,41.29,0,0.5375,0.355802,CALL
turn,4,67.57,0.0,93.58,0,0.05,0.0,CHECK
turn,1,67.42,0.0,115.46,0,0.21875,0.0,CHECK
turn,4,8.21,1.25,65.71,0,0.14375,0.132135,CALL
preflop,2,18.04,9.66,87.82,0,0.275,0.348736,FOLD
flop,1,77.07,13.02,47.46,0,0.34375,0.144522,CALL
river,1,79.64,10.66,113.61,0,0.46875,0.118051,CALL
river,1,43.87,6.21,49.16,0,0.15,0.124002,CALL
flop,2,77.1,0.0,143.19,0,0.1875,0.0,CHECK
flop,4,18.93,0.0,128.43,0,0.6125,0.0,CHECK
preflop,1,69.64,0.0,97.47,0,0.5125,0.0,CHECK
preflop,2,25.31,0.0,101.9,0,0.275,0.0,CHECK
turn,2,18.69,16.29,41.96,0,0.26875,0.465695,FOLD
turn,1,4.53,2.77,71.24,0,0.96875,0.379452,RAISE
turn,3,50.58,10.33,43.32,0,0.1,0.169594,FOLD
preflop,2,7.73,5.55,107.49,0,0.3125,0.417922,FOLD
river,3,20.42,23.25,103.37,0,0.64375,0.532402,CALL
river,4,25.38,0.0,116.48,0,0.025,0.0,CHECK
turn,4,76.36,1.17,67.16,0,0.0375,0.015091,CALL
turn,3,38.77,0.0,131.08,0,0.0375,0.0,CHECK
turn,2,59.33,0.0,82.35,0,0.63125,0.0,BET
preflop,3,43.35,0.0,116.98,0,0.3125,0.0,CHECK
turn,1,5.51,2.74,58.22,0,0.3125,0.332121,CALL
turn,1,65.87,0.0,66.85,0,0.5875,0.0,CHECK
preflop,1,68.49,0.0,121.88,0,0.7625,0.0,BET
river,3,58.05,21.34,47.3,0,0.0,0.2688,FOLD
flop,2,75.84,33.61,90.65,0,0.33125,0.307081,CALL
preflop,1,38.31,3.48,134.31,0,0.475,0.083274,CALL
turn,3,65.19,13.73,46.3,0,0.1625,0.173974,CALL
turn,4,30.28,10.64,47.34,0,0.05625,0.26002,FOLD
turn,3,68.76,24.14,85.03,0,0.15,0.259849,FOLD
flop,4,33.3,0.0,34.72,0,0.2,0.0,CHECK
flop,1,75.75,0.0,40.82,0,0.29375,0.0,CHECK
river,2,65.37,22.72,86.24,0,0.35625,0.257918,CALL
preflop,3,78.61,20.62,86.42,0,0.19375,0.2078,CALL
river,1,10.33,4.03,113.17,0,0.08125,0.280641,FOLD
flop,2,16.1,14.1,43.99,0,0.6125,0.466887,CALL
flop,3,3.22,2.35,107.63,0,0.125,0.421903,FOLD
flop,2,43.28,29.44,93.93,0,0.24375,0.40484,FOLD
preflop,2,25.19,17.75,128.77,0,0.21875,0.413367,FOLD
preflop,3,23.45,0.0,28.72,0,0.15625,0.0,CHECK
river,2,44.2,28.26,25.4,0,0.8,0.390008,RAISE
turn,3,48.61,11.96,89.8,0,0.025,0.197457,FOLD
turn,1,34.98,31.87,110.38,0,0.775,0.476739,RAISE
flop,3,49.82,5.11,105.46,0,0.15,0.093027,CALL
river,3,40.68,7.8,103.68,0,0.225,0.160891,CALL
preflop,1,37.23,12.01,132.42,0,0.4625,0.243907,CALL
flop,4,10.47,1.19,43.69,0,0.10625,0.102058,CALL
preflop,4,77.85,5.61,65.33,0,0.15,0.067218,CALL
preflop,4,49.51,0.0,27.07,0,0.3,0.0,CHECK
turn,2,29.71,3.79,96.72,0,0.1375,0.113134,CALL
river,3,56.35,5.4,109.83,0,0.75,0.087449,RAISE
turn,1,2.66,0.82,54.83,0,0.45,0.235632,CALL
turn,1,16.66,0.0,111.72,0,0.30625,0.0,CHECK
flop,2,19.1,0.0,31.14,0,0.19375,0.0,CHECK
flop,4,66.58,0.0,54.54,0,0.23125,0.0,CHECK
turn,4,7.35,8.11,116.14,0,0.0375,0.52458,FOLD
river,4,64.68,0.0,134.91,0,0.0,0.0,CHECK
flop,2,30.14,10.71,106.45,0,0.4,0.262179,CALL
turn,4,9.26,0.0,130.52,0,0.04375,0.0,CHECK
river,4,17.6,17.77,112.86,0,0.0,0.502403,FOLD
flop,3,47.77,0.0,94.94,0,0.35,0.0,CHECK
flop,3,71.07,5.95,34.36,0,0.15625,0.077253,CALL
river,3,24.75,0.0,140.04,0,0.05,0.0,CHECK
turn,2,2.36,0.0,49.37,0,0.3125,0.0,CHECK
preflop,4,4.83,5.64,54.42,0,0.275,0.538682,FOLD
river,2,9.72,6.57,117.64,0,0.0125,0.403315,FOLD
flop,1,71.05,26.25,133.08,0,0.9125,0.269784,RAISE
river,3,30.61,0.0,75.38,0,0.00625,0.0,CHECK
river,3,13.42,1.32,37.16,0,0.43125,0.089552,CALL
river,3,37.66,0.0,67.79,0,0.0,0.0,CHECK
flop,4,17.62,0.0,79.09,0,0.05625,0.0,CHECK
river,2,68.98,0.0,99.61,0,0.14375,0.0,CHECK
river,1,78.53,32.64,93.61,0,0.3625,0.293604,CALL
river,1,63.69,12.72,81.89,0,0.0,0.16647,FOLD
turn,2,79.81,26.42,147.96,0,0.08125,0.248706,FOLD
river,3,44.33,16.49,119.25,0,0.45625,0.271128,CALL
preflop,1,65.14,0.0,100.97,0,0.625,0.0,BET
river,3,79.04,14.92,50.85,0,0.0,0.158791,FOLD
river,1,10.2,7.5,88.53,0,0.475,0.423729,CALL
flop,2,77.47,13.49,88.27,0,0.825,0.148307,RAISE
preflop,1,4.9,2.9,138.25,0,0.4125,0.371795,CALL
turn,2,23.77,0.0,70.18,0,0.3,0.0,CHECK
flop,3,47.12,14.55,106.36,0,0.81875,0.235933,RAISE
preflop,1,75.52,0.0,117.88,0,0.78125,0.0,BET
preflop,4,52.45,16.16,74.24,0,0.14375,0.235534,FOLD
preflop,2,77.42,27.01,73.62,0,0.36875,0.258642,CALL
flop,2,66.95,0.0,130.01,0,0.2125,0.0,CHECK
preflop,1,40.97,26.66,70.69,0,0.525,0.394204,CALL
turn,1,65.21,1.22,105.27,0,0.275,0.018365,CALL
turn,4,24.8,2.66,147.09,0,0.04375,0.096868,FOLD
turn,2,6.77,3.3,34.68,0,0.0875,0.327706,FOLD
river,1,55.78,0.0,68.37,0,0.45625,0.0,CHECK
river,3,61.55,0.0,96.74,0,0.0125,0.0,CHECK
flop,2,62.83,27.72,132.12,0,0.3875,0.306129,CALL
turn,1,42.67,0.0,62.36,0,0.16875,0.0,CHECK
flop,4,68.53,10.54,97.05,0,0.65,0.1333,RAISE
flop,1,34.96,0.0,37.09,0,0.43125,0.0,CHECK
river,4,12.45,0.0,127.18,0,0.74375,0.0,BET
flop,4,52.56,0.0,46.34,0,0.21875,0.0,CHECK
river,2,61.22,0.0,110.01,0,0.8,0.0,BET
flop,2,76.42,28.28,98.3,0,0.225,0.270105,FOLD
preflop,2,46.7,0.0,64.52,0,0.2125,0.0,CHECK
preflop,4,25.37,0.0,38.55,0,0.625,0.0,BET
preflop,2,49.72,12.29,35.06,0,0.40625,0.198194,CALL
flop,3,47.14,19.2,50.66,0,0.39375,0.289418,CALL
flop,2,54.38,13.02,111.11,0,0.14375,0.193175,FOLD
preflop,3,59.86,4.98,139.95,0,0.3875,0.076804,CALL
preflop,4,62.99,0.0,102.42,0,0.10625,0.0,CHECK
preflop,1,45.79,0.0,58.31,0,0.45625,0.0,CHECK
river,3,72.77,15.38,148.21,0,0.0,0.174475,FOLD
preflop,2,45.79,10.89,46.13,0,0.2625,0.192131,CALL
river,3,5.56,0.62,22.04,0,0.30625,0.100324,CALL
turn,4,49.23,18.82,77.14,0,0.26875,0.276561,CALL
flop,1,2.6,2.89,110.45,0,0.81875,0.526412,RAISE
preflop,2,73.45,34.97,63.33,0,0.43125,0.322542,CALL
preflop,3,59.01,0.0,107.33,0,0.5,0.0,CHECK
turn,4,30.55,29.46,51.5,0,0.125,0.490918,FOLD
turn,3,27.81,30.36,43.67,0,0.05,0.521919,FOLD
flop,2,67.45,24.37,59.13,0,0.26875,0.265411,CALL
river,1,48.73,33.62,96.53,0,0.3625,0.408257,FOLD
preflop,3,51.66,7.9,85.07,0,0.2375,0.132639,CALL
preflop,2,48.73,31.82,38.94,0,0.2625,0.395034,FOLD
preflop,3,5.23,4.81,63.08,0,0.36875,0.479084,FOLD
flop,3,6.69,4.1,149.07,0,0.6125,0.379981,CALL
preflop,1,68.45,5.25,101.67,0,0.58125,0.071235,CALL
turn,2,32.76,0.0,76.57,0,0.2875,0.0,CHECK
turn,2,67.84,9.41,137.71,0,0.975,0.121812,RAISE
turn,2,76.36,16.38,148.0,0,0.80625,0.176623,RAISE
river,2,79.24,15.54,108.87,0,0.425,0.163959,CALL
preflop,3,70.32,28.09,78.02,0,0.2125,0.285438,FOLD
turn,4,37.13,26.26,126.16,0,0.425,0.414261,CALL
turn,3,13.83,8.25,30.66,0,0.075,0.373641,FOLD
turn,4,7.67,5.52,54.47,0,0.20625,0.418499,FOLD
river,4,31.32,0.0,110.62,0,0.00625,0.0,CHECK
river,4,28.15,25.33,28.38,0,0.70625,0.473635,RAISE
preflop,3,78.0,19.05,24.86,0,0.25625,0.196291,CALL
turn,2,77.48,0.0,138.59,0,0.29375,0.0,CHECK
river,1,13.09,3.65,144.36,0,0.11875,0.218041,FOLD
preflop,2,28.46,28.2,83.09,0,0.275,0.497706,FOLD
river,4,30.29,28.79,90.38,0,0.0,0.487305,FOLD
preflop,1,28.74,29.96,83.01,0,0.65,0.510392,RAISE
preflop,4,9.07,2.2,134.73,0,0.24375,0.195209,CALL
turn,4,47.22,0.0,36.02,0,0.4625,0.0,CHECK
river,2,65.38,0.0,60.0,0,0.175,0.0,CHECK
preflop,1,52.33,0.0,104.29,0,0.5875,0.0,CHECK
turn,1,70.09,0.0,109.77,0,0.6875,0.0,BET
flop,1,57.81,16.87,86.35,0,0.9,0.225897,RAISE
preflop,4,49.83,21.11,57.68,0,0.14375,0.297575,FOLD
turn,1,30.56,12.86,70.47,0,0.44375,0.296177,CALL
river,3,7.92,7.47,101.2,0,0.0,0.48538,FOLD
preflop,1,35.42,0.0,127.76,0,0.66875,0.0,BET
flop,2,24.39,19.98,136.25,0,0.1875,0.450304,FOLD
river,4,36.94,2.03,92.7,0,0.0,0.052091,FOLD
turn,3,20.14,0.0,36.42,0,0.45,0.0,CHECK
river,1,70.01,0.0,29.29,0,0.95625,0.0,BET
flop,1,76.05,9.45,105.87,0,0.3,0.110526,CALL
turn,2,47.63,12.37,106.13,0,0.65,0.206167,RAISE
turn,4,66.28,0.0,60.4,0,0.34375,0.0,CHECK
preflop,1,53.15,21.44,66.21,0,0.7625,0.287438,RAISE
turn,4,15.05,13.08,91.32,0,0.4375,0.464984,FOLD
turn,1,5.47,0.0,58.05,0,0.1625,0.0,CHECK
flop,3,5.61,0.78,129.62,0,0.11875,0.122066,CALL
preflop,4,44.09,32.11,84.25,0,0.2375,0.421391,FOLD
preflop,3,51.62,15.64,107.21,0,0.225,0.23253,CALL
preflop,1,66.45,0.0,95.94,0,0.49375,0.0,CHECK
flop,1,12.49,4.28,94.73,0,0.71875,0.255218,RAISE
flop,2,70.31,0.0,106.12,0,0.325,0.0,CHECK
preflop,4,78.98,21.67,92.03,0,0.16875,0.215301,FOLD
preflop,1,42.68,0.0,65.11,0,0.39375,0.0,CHECK
turn,2,5.36,1.68,124.72,0,0.35,0.238636,CALL
preflop,4,14.57,0.0,88.86,0,0.0625,0.0,CHECK
river,2,72.14,33.52,101.1,0,0.24375,0.317244,FOLD
flop,4,24.07,8.24,85.55,0,0.10625,0.255029,FOLD
preflop,3,11.26,0.0,119.98,0,0.15,0.0,CHECK
flop,3,27.75,0.0,57.38,0,0.1125,0.0,CHECK
flop,1,30.7,28.22,62.4,0,0.9125,0.478955,RAISE
flop,2,31.41,0.0,34.5,0,0.53125,0.0,CHECK
river,2,73.77,7.07,27.41,0,0.56875,0.087457,CALL
preflop,4,76.1,19.22,106.26,0,0.21875,0.201637,CALL
preflop,2,27.99,0.0,36.63,0,0.31875,0.0,CHECK
flop,2,8.8,6.5,108.57,0,0.10625,0.424837,FOLD
turn,1,25.62,15.75,114.59,0,0.50625,0.380711,CALL
flop,4,23.81,0.0,86.42,0,0.28125,0.0,CHECK
preflop,2,41.03,14.46,37.93,0,0.2375,0.260587,FOLD
river,2,4.1,0.0,148.47,0,0.0,0.0,CHECK
turn,3,39.45,0.0,57.4,0,0.025,0.0,CHECK
turn,4,25.83,26.3,27.43,0,0.0,0.504508,FOLD
preflop,4,39.85,15.24,87.31,0,0.15625,0.276638,FOLD
preflop,1,17.14,3.59,131.64,0,0.375,0.173179,CALL
turn,4,58.45,16.07,118.59,0,0.1875,0.215647,FOLD
river,4,16.82,10.75,126.93,0,0.0,0.389917,FOLD
preflop,4,76.55,0.0,87.33,0,0.13125,0.0,CHECK
flop,1,70.78,5.72,34.48,0,0.29375,0.074771,CALL
river,1,37.11,17.37,143.21,0,0.08125,0.318833,FOLD
river,2,21.83,8.42,98.18,0,0.05,0.278347,FOLD
river,4,77.83,0.0,57.39,0,0.90625,0.0,BET
turn,4,71.38,0.0,50.15,0,0.0,0.0,CHECK
river,3,6.87,5.43,58.31,0,0.0,0.441463,FOLD
turn,3,16.36,8.19,85.36,0,0.1,0.333605,FOLD
preflop,2,67.14,25.43,29.59,0,0.46875,0.274711,CALL
preflop,1,43.53,7.4,144.9,0,0.525,0.145297,CALL
river,3,70.9,0.0,86.49,0,0.1875,0.0,CHECK
river,3,11.76,11.87,101.17,0,0.41875,0.502328,FOLD
river,1,63.96,0.0,49.19,0,0.625,0.0,BET
preflop,3,22.14,0.0,103.44,0,0.25,0.0,CHECK
river,3,37.52,0.0,138.37,0,0.025,0.0,CHECK
river,2,15.32,5.9,25.45,0,0.05625,0.27804,FOLD
flop,2,75.3,17.53,80.2,0,0.525,0.18884,CALL
flop,3,21.94,17.46,78.72,0,0.15,0.443147,FOLD
turn,3,64.35,8.08,65.37,0,0.3125,0.111556,CALL
flop,4,5.1,1.05,102.62,0,0.49375,0.170732,CALL
flop,3,63.06,0.0,138.41,0,0.25625,0.0,CHECK
river,3,45.23,0.0,22.81,0,0.08125,0.0,CHECK
river,2,34.79,32.52,120.28,0,0.3,0.483138,FOLD
turn,3,12.62,7.73,52.4,0,0.25,0.379853,FOLD
turn,1,20.98,0.0,91.96,0,0.3875,0.0,CHECK
river,2,25.44,0.0,37.89,0,0.63125,0.0,BET
preflop,4,62.84,0.0,49.57,0,0.0625,0.0,CHECK
turn,4,58.1,0.89,116.19,0,0.00625,0.015087,CALL
river,3,60.54,0.0,135.06,0,0.9875,0.0,BET
river,2,18.78,0.0,112.68,0,0.3875,0.0,CHECK
river,2,21.86,0.0,117.88,0,0.56875,0.0,CHECK
river,1,63.19,0.0,28.27,0,0.525,0.0,CHECK
turn,3,23.78,10.2,88.77,0,0.975,0.300177,RAISE
flop,2,60.17,2.24,57.43,0,0.3,0.035892,CALL
flop,2,4.9,0.0,60.33,0,0.225,0.0,CHECK
flop,2,43.08,4.97,38.1,0,0.14375,0.103434,CALL
river,3,69.37,10.61,64.66,0,0.025,0.132658,FOLD
flop,4,44.62,0.0,93.17,0,0.225,0.0,CHECK
flop,4,68.28,0.0,85.74,0,0.1875,0.0,CHECK
flop,3,23.61,0.0,98.84,0,0.23125,0.0,CHECK
flop,1,68.37,17.26,51.45,0,0.29375,0.201565,CALL
preflop,3,11.92,0.0,93.05,0,0.2625,0.0,CHECK
turn,1,66.4,5.63,95.6,0,0.5125,0.078162,CALL
flop,3,60.74,0.0,52.16,0,0.14375,0.0,CHECK
turn,2,72.85,0.0,149.65,0,0.125,0.0,CHECK
preflop,2,78.07,0.0,25.86,0,0.30625,0.0,CHECK
turn,1,20.24,0.0,44.63,0,0.55,0.0,CHECK
turn,2,58.85,0.0,38.84,0,0.1375,0.0,CHECK
river,1,2.68,0.0,62.33,0,0.8,0.0,BET
preflop,2,42.66,34.3,100.66,0,0.21875,0.445686,FOLD
preflop,4,51.89,0.0,57.35,0,0.11875,0.0,CHECK
flop,4,58.66,5.65,92.19,0,0.05,0.087856,FOLD
river,4,33.37,0.0,86.38,0,0.11875,0.0,CHECK
turn,1,20.84,0.0,113.45,0,0.09375,0.0,CHECK
preflop,3,34.03,10.38,50.08,0,0.2375,0.233731,CALL
flop,1,16.55,5.96,108.93,0,0.59375,0.264771,CALL
flop,2,15.86,6.22,144.15,0,0.6875,0.281703,RAISE
preflop,1,51.36,0.0,39.02,0,0.65625,0.0,BET
preflop,2,34.85,12.92,140.63,0,0.325,0.270463,CALL
flop,4,2.52,0.0,37.44,0,0.075,0.0,CHECK
river,1,4.22,2.38,91.82,0,0.275,0.360606,FOLD
preflop,4,34.61,28.25,56.73,0,0.3,0.449411,FOLD
preflop,4,72.49,12.27,79.78,0,0.21875,0.144762,CALL
river,1,29.56,0.0,38.16,0,0.5625,0.0,CHECK
river,4,24.03,21.28,96.5,0,0.0,0.469653,FOLD
flop,4,57.58,20.35,122.8,0,0.1625,0.261132,FOLD
turn,1,77.18,34.49,71.32,0,0.2,0.308856,FOLD
turn,1,27.65,0.0,62.07,0,0.425,0.0,CHECK
flop,3,47.02,22.93,148.38,0,0.10625,0.327806,FOLD
flop,4,59.49,21.45,135.17,0,0.15,0.265011,FOLD
preflop,3,41.77,0.0,120.84,0,0.25,0.0,CHECK
flop,1,53.77,0.0,47.06,0,0.90625,0.0,BET
turn,3,14.24,6.48,62.7,0,0.38125,0.312741,CALL
preflop,3,35.41,0.0,115.65,0,0.14375,0.0,CHECK
turn,1,65.02,30.3,149.67,0,0.3125,0.317877,CALL
preflop,1,22.41,0.0,26.98,0,0.43125,0.0,CHECK
turn,1,19.53,4.27,133.58,0,0.88125,0.179412,RAISE
flop,4,34.61,0.0,87.4,0,0.68125,0.0,BET
turn,3,20.94,3.15,113.32,0,0.10625,0.13076,FOLD
river,1,50.48,4.98,36.0,0,0.05625,0.089794,FOLD
river,4,9.35,0.0,25.06,0,0.0,0.0,CHECK
river,1,7.77,5.49,142.75,0,0.4125,0.414027,CALL
preflop,3,24.94,0.0,61.01,0,0.3375,0.0,CHECK
flop,1,69.81,1.24,87.12,0,0.16875,0.017452,CALL
river,4,73.14,1.44,99.79,0,0.0125,0.019308,CALL
turn,4,4.64,0.0,48.78,0,0.19375,0.0,CHECK
flop,1,77.47,0.0,123.57,0,0.79375,0.0,BET
turn,2,41.99,6.13,53.62,0,0.1625,0.12739,CALL
turn,2,18.64,16.68,146.82,0,0.0375,0.472254,FOLD
preflop,2,73.1,27.39,48.98,0,0.25,0.272564,FOLD
turn,1,69.94,0.0,106.42,0,0.43125,0.0,CHECK
flop,3,10.34,0.0,76.76,0,0.1375,0.0,CHECK
river,4,65.87,9.21,84.71,0,0.56875,0.122669,CALL
preflop,3,18.21,17.62,148.24,0,0.19375,0.491767,FOLD
river,2,31.62,0.98,113.87,0,0.0625,0.030061,CALL
turn,3,37.97,5.87,99.33,0,0.05625,0.133896,FOLD
flop,4,68.87,0.0,133.3,0,0.25,0.0,CHECK
flop,1,42.19,13.36,142.06,0,0.425,0.240504,CALL
flop,3,45.08,0.0,124.99,0,0.08125,0.0,CHECK
river,3,49.87,8.24,137.64,0,0.2,0.1418,CALL
river,3,79.12,0.0,71.79,0,0.8375,0.0,BET
preflop,4,23.0,0.0,88.75,0,0.16875,0.0,CHECK
flop,2,72.05,25.19,110.03,0,0.28125,0.25905,CALL
flop,2,57.45,13.03,68.4,0,0.675,0.184875,RAISE
flop,1,59.84,0.0,74.42,0,0.2625,0.0,CHECK
turn,2,23.99,0.0,81.5,0,0.13125,0.0,CHECK
flop,2,28.63,22.89,32.56,0,0.39375,0.444293,FOLD
flop,1,34.76,0.0,98.09,0,0.175,0.0,CHECK
river,4,2.86,0.0,132.11,0,0.0,0.0,CHECK
turn,1,33.24,27.91,65.08,0,0.69375,0.456419,RAISE
turn,3,17.49,8.58,39.39,0,0.38125,0.329114,CALL
flop,1,45.32,0.0,104.93,0,0.30625,0.0,CHECK
turn,1,31.99,0.0,38.05,0,0.54375,0.0,CHECK
river,3,70.69,0.0,92.69,0,0.21875,0.0,CHECK
flop,3,52.04,14.7,40.99,0,0.2375,0.220258,CALL
turn,4,40.78,28.08,51.69,0,0.1,0.407784,FOLD
turn,4,40.19,0.0,111.92,0,0.01875,0.0,CHECK
river,2,31.75,6.56,120.18,0,0.08125,0.171235,FOLD
flop,4,38.17,0.0,25.61,0,0.31875,0.0,CHECK
river,3,33.46,0.0,54.53,0,0.69375,0.0,BET
flop,2,13.62,3.42,42.72,0,0.725,0.200704,RAISE
preflop,3,60.1,6.95,130.43,0,0.61875,0.103654,CALL
river,4,40.24,30.0,41.27,0,0.25625,0.427107,FOLD
flop,1,15.03,9.75,114.65,0,0.61875,0.393462,CALL
turn,3,53.61,0.0,69.98,0,0.13125,0.0,CHECK
flop,1,14.98,0.0,85.4,0,0.45,0.0,CHECK
preflop,4,15.13,0.0,106.77,0,0.1875,0.0,CHECK
flop,3,40.49,0.0,56.59,0,0.19375,0.0,CHECK
preflop,4,65.12,3.62,72.58,0,0.10625,0.052662,CALL
flop,4,62.74,26.32,62.75,0,0.09375,0.295531,FOLD
preflop,4,46.0,0.0,120.55,0,0.2875,0.0,CHECK
river,1,55.76,0.0,94.32,0,0.675,0.0,BET
turn,4,25.2,7.92,116.57,0,0.66875,0.23913,RAISE
turn,2,60.7,0.0,40.86,0,0.18125,0.0,CHECK
preflop,2,57.97,0.0,58.82,0,0.35,0.0,CHECK
flop,3,20.14,8.24,101.02,0,0.3625,0.290345,CALL
preflop,1,48.55,0.0,142.61,0,0.45,0.0,CHECK
preflop,3,31.51,0.0,39.08,0,0.19375,0.0,CHECK
flop,1,51.0,0.0,74.05,0,0.3625,0.0,CHECK
flop,4,31.42,0.86,112.79,0,0.34375,0.026642,CALL
turn,4,52.15,0.0,120.17,0,0.0625,0.0,CHECK
preflop,2,42.2,13.45,77.15,0,0.2375,0.241689,CALL
flop,4,29.97,16.6,140.76,0,0.2125,0.356453,FOLD
flop,4,12.8,0.0,79.33,0,0.30625,0.0,CHECK
flop,2,14.18,0.0,143.64,0,0.49375,0.0,CHECK
turn,1,19.02,6.73,55.08,0,0.1625,0.261359,FOLD
turn,1,79.75,21.82,78.86,0,0.925,0.214827,RAISE
flop,3,49.82,18.43,22.66,0,0.1,0.270037,FOLD
preflop,3,79.13,2.27,141.62,0,0.175,0.027887,CALL
flop,4,7.39,0.0,142.55,0,0.2375,0.0,CHECK
river,1,69.37,29.54,62.02,0,0.89375,0.298655,RAISE
preflop,3,76.1,7.75,74.07,0,0.1625,0.092427,CALL
flop,3,72.4,0.0,124.05,0,0.1125,0.0,CHECK
river,2,78.99,16.17,96.46,0,0.275,0.169924,CALL
river,3,29.57,31.74,57.23,0,0.23125,0.517697,FOLD
preflop,3,19.84,23.18,39.52,0,0.18125,0.538819,FOLD
flop,1,75.04,33.41,78.56,0,0.46875,0.308068,CALL
river,4,2.21,2.07,51.61,0,0.73125,0.483645,RAISE
preflop,1,49.36,0.0,104.92,0,0.53125,0.0,CHECK
flop,1,42.05,0.0,32.09,0,0.86875,0.0,BET
turn,1,46.05,0.0,99.53,0,0.90625,0.0,BET
turn,3,21.76,0.0,73.5,0,0.23125,0.0,CHECK
preflop,1,53.48,15.92,129.76,0,0.6,0.229395,CALL
river,2,65.88,24.5,67.19,0,0.8625,0.271078,RAISE
river,4,54.72,1.38,26.12,0,0.875,0.024599,RAISE
river,4,73.29,24.34,75.67,0,0.0125,0.249309,FOLD
turn,1,57.93,15.86,51.07,0,0.45625,0.214934,CALL
flop,3,22.32,0.0,85.5,0,0.2625,0.0,CHECK
river,2,39.12,18.62,86.93,0,0.13125,0.32248,FOLD
turn,4,32.56,24.26,87.31,0,0.1625,0.426962,FOLD
turn,1,54.17,0.93,34.5,0,0.56875,0.016878,CALL
turn,2,70.02,0.0,42.35,0,0.125,0.0,CHECK
river,3,33.04,10.12,113.62,0,0.0,0.234476,FOLD
turn,1,75.54,0.0,80.49,0,0.375,0.0,CHECK
river,4,11.01,13.21,106.72,0,0.64375,0.545417,CALL
turn,4,19.12,16.38,134.39,0,0.0,0.461408,FOLD
river,4,26.75,20.56,54.34,0,0.45625,0.43458,CALL
preflop,3,64.1,0.0,24.47,0,0.25625,0.0,CHECK
preflop,2,39.44,24.93,34.19,0,0.28125,0.387292,FOLD
turn,3,24.06,0.0,133.32,0,0.4375,0.0,CHECK
turn,3,31.86,2.46,53.05,0,0.03125,0.071678,FOLD
flop,4,22.5,25.37,45.6,0,0.0125,0.529977,FOLD
turn,3,9.14,8.17,53.72,0,0.09375,0.471982,FOLD
flop,3,61.47,24.27,88.28,0,0.4125,0.283065,CALL
turn,2,75.32,30.97,100.76,0,0.1,0.291373,FOLD
flop,2,23.83,26.35,141.63,0,0.21875,0.52511,FOLD
flop,1,6.41,6.16,31.08,0,0.5,0.490056,CALL
flop,3,60.27,24.9,80.17,0,0.2,0.292356,FOLD
river,3,76.09,22.56,64.44,0,0.85,0.228687,RAISE
flop,4,35.86,0.0,139.86,0,0.34375,0.0,CHECK
river,1,70.05,23.65,97.95,0,0.975,0.252401,RAISE
preflop,1,15.06,7.41,123.35,0,0.4625,0.329773,CALL
flop,4,27.81,26.25,105.54,0,0.05,0.485572,FOLD
flop,4,31.14,0.0,94.73,0,0.13125,0.0,CHECK
river,3,15.66,0.0,145.46,0,0.325,0.0,CHECK
flop,2,58.43,0.0,46.44,0,0.9375,0.0,BET
river,1,63.13,0.0,139.98,0,0.90625,0.0,BET
turn,3,21.81,0.0,141.95,0,0.08125,0.0,CHECK
preflop,3,73.72,0.0,100.18,0,0.3625,0.0,CHECK
preflop,4,9.8,0.0,65.61,0,0.19375,0.0,CHECK
river,1,37.68,2.11,75.32,0,0.34375,0.053028,CALL
flop,4,8.69,5.13,39.84,0,0.16875,0.371201,FOLD
preflop,3,3.6,2.61,93.77,0,0.3125,0.42029,FOLD
preflop,3,17.19,17.89,145.91,0,0.21875,0.509977,FOLD
river,4,47.06,28.49,124.59,0,0.04375,0.377101,FOLD
turn,1,41.47,23.43,90.57,0,0.625,0.361017,CALL
flop,1,6.85,6.5,93.36,0,0.31875,0.486891,FOLD
turn,3,64.17,0.0,44.75,0,0.25,0.0,CHECK
flop,2,3.05,0.0,118.54,0,0.25625,0.0,CHECK
preflop,4,79.12,32.53,86.93,0,0.2,0.291357,FOLD
preflop,3,43.84,21.38,102.42,0,0.39375,0.327814,CALL
river,1,64.61,0.0,81.27,0,0.225,0.0,CHECK
turn,3,29.01,0.0,71.31,0,0.41875,0.0,CHECK
preflop,2,68.23,28.73,86.87,0,0.4,0.296308,CALL
preflop,1,19.64,0.81,64.43,0,0.375,0.039609,CALL
preflop,4,75.24,0.0,132.4,0,0.15625,0.0,CHECK
flop,4,61.42,0.0,103.76,0,0.14375,0.0,CHECK
preflop,1,18.63,1.68,132.06,0,0.5125,0.082718,CALL
river,2,4.52,0.98,20.85,0,0.5375,0.178182,CALL
river,3,70.52,16.15,134.31,0,0.0,0.186339,FOLD
turn,1,75.71,4.89,119.14,0,0.3625,0.06067,CALL
preflop,2,23.81,10.33,135.25,0,0.43125,0.302578,CALL
flop,1,22.18,11.01,50.69,0,0.46875,0.331726,CALL
flop,1,62.14,7.75,80.42,0,0.18125,0.110889,CALL
river,4,55.04,0.0,44.7,0,0.9875,0.0,BET
flop,3,62.97,26.43,20.88,0,0.06875,0.295638,FOLD
flop,1,53.74,28.27,124.87,0,0.46875,0.344714,CALL
turn,1,66.0,0.0,91.22,0,0.5,0.0,CHECK
turn,1,5.94,4.18,51.1,0,0.4375,0.413043,CALL
flop,2,42.24,20.0,92.2,0,0.1125,0.321337,FOLD
preflop,4,52.46,0.0,54.07,0,0.1875,0.0,CHECK
flop,3,46.84,0.0,84.66,0,0.15625,0.0,CHECK
turn,1,32.79,21.7,128.72,0,0.4,0.398238,CALL
flop,2,41.15,0.0,98.29,0,0.0375,0.0,CHECK
flop,4,3.77,1.06,32.25,0,0.125,0.219462,FOLD
river,2,42.38,0.0,109.23,0,0.025,0.0,CHECK
preflop,2,30.71,0.0,30.35,0,0.4,0.0,CHECK
flop,4,63.4,10.85,33.22,0,0.175,0.146128,CALL
preflop,2,70.18,0.0,20.34,0,0.325,0.0,CHECK
flop,1,4.89,1.09,56.66,0,0.2,0.182274,CALL
preflop,2,71.35,24.16,124.41,0,0.2875,0.252958,CALL
river,2,32.51,28.48,20.33,0,0.6625,0.466962,RAISE
turn,1,45.67,34.69,84.6,0,0.9625,0.431682,RAISE
turn,2,6.09,4.52,97.13,0,0.38125,0.426013,FOLD
preflop,4,15.06,13.63,111.66,0,0.11875,0.475078,FOLD
flop,3,60.28,30.05,74.82,0,0.25625,0.332669,FOLD
flop,1,31.56,0.92,64.83,0,0.70625,0.028325,RAISE
flop,2,19.29,0.0,107.47,0,0.25625,0.0,CHECK
flop,3,77.1,0.0,100.62,0,0.13125,0.0,CHECK
river,3,43.75,0.0,118.27,0,0.1625,0.0,CHECK
preflop,4,6.39,0.68,133.77,0,0.19375,0.096181,CALL
river,2,33.29,0.0,31.34,0,0.725,0.0,BET
preflop,4,30.5,14.39,95.29,0,0.24375,0.320561,FOLD
turn,3,33.16,10.41,34.34,0,0.10625,0.238926,FOLD
preflop,4,28.64,5.37,42.1,0,0.16875,0.157895,CALL
preflop,4,20.06,1.22,24.74,0,0.125,0.057331,CALL
turn,3,53.92,0.0,139.23,0,0.125,0.0,CHECK
river,4,34.25,0.0,68.9,0,0.0625,0.0,CHECK
flop,2,21.75,7.61,43.36,0,0.5125,0.259196,CALL
turn,2,24.25,1.85,107.96,0,0.225,0.070881,CALL
turn,1,37.77,33.47,70.4,0,0.4875,0.46982,CALL
flop,3,30.83,0.0,84.28,0,0.2125,0.0,CHECK
turn,1,29.26,0.0,25.32,0,0.75,0.0,BET
flop,1,79.12,0.0,28.16,0,0.55625,0.0,CHECK
river,1,50.65,15.36,92.48,0,0.08125,0.232692,FOLD
river,1,65.47,18.75,62.09,0,0.7125,0.222631,RAISE
preflop,4,5.69,5.11,128.9,0,0.1375,0.473148,FOLD
turn,2,20.46,12.37,85.54,0,0.1875,0.37679,FOLD
river,3,13.14,12.14,127.98,0,0.0,0.480222,FOLD
flop,1,64.85,16.75,64.71,0,0.83125,0.20527,RAISE
turn,1,10.63,0.0,139.54,0,0.78125,0.0,BET
river,3,43.8,4.42,92.93,0,0.56875,0.091663,CALL
flop,3,3.87,0.0,79.39,0,0.18125,0.0,CHECK
flop,1,59.55,26.52,76.22,0,0.41875,0.308121,CALL
turn,3,6.73,0.0,67.1,0,0.1,0.0,CHECK
turn,3,68.26,0.0,111.14,0,0.125,0.0,CHECK
turn,3,39.65,0.0,25.35,0,0.06875,0.0,CHECK
river,3,58.94,25.15,146.65,0,0.01875,0.299084,FOLD
preflop,3,14.26,12.31,112.8,0,0.21875,0.463304,FOLD
turn,3,25.72,0.0,50.97,0,0.05625,0.0,CHECK
flop,3,18.5,6.81,39.31,0,0.375,0.269064,CALL
flop,4,35.4,0.0,62.41,0,0.2125,0.0,CHECK
turn,2,47.42,0.0,145.01,0,0.6,0.0,CHECK
turn,1,41.89,0.0,45.39,0,0.725,0.0,BET
flop,1,15.75,14.62,59.94,0,0.5875,0.481396,CALL
turn,3,79.12,0.0,59.78,0,0.6625,0.0,BET
flop,2,56.9,27.95,71.25,0,0.14375,0.329405,FOLD
river,3,71.0,0.0,41.69,0,0.8125,0.0,BET
turn,1,78.37,5.28,60.58,0,0.575,0.06312,CALL
flop,1,39.16,1.77,135.23,0,0.825,0.043245,RAISE
flop,3,78.95,0.0,23.98,0,0.19375,0.0,CHECK
river,4,69.28,0.0,115.56,0,0.00625,0.0,CHECK
preflop,2,29.65,20.31,131.01,0,0.35625,0.406525,FOLD
turn,2,30.74,0.0,108.81,0,0.1625,0.0,CHECK
river,3,71.32,32.19,60.44,0,0.05625,0.310984,FOLD
flop,2,49.43,27.77,56.65,0,0.8625,0.359715,RAISE
turn,2,11.42,2.43,21.01,0,0.06875,0.175451,FOLD
turn,4,7.24,0.0,143.7,0,0.05,0.0,CHECK
preflop,2,43.09,0.0,88.45,0,0.4625,0.0,CHECK
preflop,3,5.41,0.0,84.43,0,0.1875,0.0,CHECK
turn,1,50.75,0.0,141.02,0,0.4,0.0,CHECK
flop,2,20.75,12.8,69.06,0,0.1,0.38152,FOLD
turn,1,14.19,8.66,42.86,0,0.775,0.378993,RAISE
river,2,25.63,11.91,25.99,0,0.325,0.317262,CALL
turn,4,70.71,27.32,145.39,0,0.41875,0.27869,CALL
turn,4,36.13,0.0,148.84,0,0.0625,0.0,CHECK
river,3,11.1,0.0,141.49,0,0.025,0.0,CHECK
flop,4,50.42,0.0,139.68,0,0.175,0.0,CHECK
turn,3,59.84,32.64,110.44,0,0.25,0.352941,FOLD
preflop,1,60.35,0.0,111.87,0,0.3625,0.0,CHECK
preflop,4,13.33,0.0,49.8,0,0.20625,0.0,CHECK
river,1,64.68,31.93,65.01,0,0.74375,0.330504,RAISE
flop,1,76.48,0.0,101.74,0,0.6625,0.0,BET
turn,3,46.64,11.84,30.61,0,0.16875,0.202462,FOLD
flop,2,6.0,1.41,107.66,0,0.49375,0.190283,CALL
river,4,15.87,0.0,31.2,0,0.05,0.0,CHECK
turn,1,25.46,0.0,136.23,0,0.43125,0.0,CHECK
flop,1,75.21,0.7,144.3,0,0.275,0.009221,CALL
river,4,17.25,0.0,64.97,0,0.4625,0.0,CHECK
river,2,14.52,0.0,50.74,0,0.00625,0.0,CHECK
turn,1,9.67,0.0,134.8,0,0.4625,0.0,CHECK
river,2,52.47,20.44,64.28,0,0.025,0.280346,FOLD
turn,2,37.33,0.0,94.7,0,0.525,0.0,CHECK
turn,4,46.98,0.0,41.31,0,0.11875,0.0,CHECK
flop,3,54.99,0.0,93.31,0,0.225,0.0,CHECK
preflop,2,50.63,0.0,120.73,0,0.39375,0.0,CHECK
turn,2,6.52,0.0,59.03,0,0.63125,0.0,BET
preflop,4,56.65,28.09,123.84,0,0.1875,0.331485,FOLD
preflop,2,67.04,0.0,86.51,0,0.3875,0.0,CHECK
preflop,4,2.93,0.0,79.6,0,0.23125,0.0,CHECK
preflop,1,77.07,0.57,34.78,0,0.44375,0.007342,CALL
preflop,1,58.49,0.0,32.33,0,0.53125,0.0,CHECK
preflop,3,52.04,16.64,131.05,0,0.275,0.242283,CALL
preflop,4,62.03,4.9,127.85,0,0.2,0.073211,CALL
turn,4,21.76,11.43,116.82,0,0.25,0.344381,FOLD
preflop,3,10.02,12.02,21.4,0,0.24375,0.545372,FOLD
preflop,2,40.53,0.0,67.79,0,0.5375,0.0,CHECK
preflop,2,61.3,0.0,41.06,0,0.43125,0.0,CHECK
river,4,39.33,7.11,131.37,0,0.4875,0.153101,CALL
river,1,42.53,5.32,75.1,0,0.8,0.111181,RAISE
flop,3,18.72,17.82,89.25,0,0.4375,0.487685,FOLD
turn,1,28.38,5.06,103.95,0,0.4125,0.151316,CALL
preflop,4,60.18,13.75,21.1,0,0.19375,0.185987,CALL
preflop,1,3.68,2.77,93.79,0,0.43125,0.429457,CALL
preflop,4,60.29,27.05,136.46,0,0.16875,0.309709,FOLD
flop,3,18.44,13.46,115.68,0,0.11875,0.421944,FOLD
flop,2,48.96,0.0,36.4,0,0.2125,0.0,CHECK
river,1,35.08,19.27,29.24,0,0.7125,0.354554,RAISE
preflop,4,35.89,0.0,136.08,0,0.09375,0.0,CHECK
turn,4,48.17,17.11,78.55,0,0.15,0.262102,FOLD
preflop,4,30.26,0.0,33.39,0,0.1625,0.0,CHECK
turn,3,17.45,16.47,48.22,0,0.33125,0.485554,FOLD
river,1,48.62,6.31,30.73,0,0.4625,0.114873,CALL
river,1,8.62,0.0,140.09,0,0.975,0.0,BET
preflop,3,35.39,17.03,40.37,0,0.2125,0.324876,FOLD
river,1,49.93,6.07,41.54,0,0.35,0.108393,CALL
flop,2,68.15,32.58,53.06,0,0.10625,0.323439,FOLD
flop,3,46.61,32.24,125.72,0,0.0875,0.408878,FOLD
turn,2,40.47,3.38,20.68,0,0.48125,0.077081,CALL
river,3,47.31,0.0,72.0,0,0.3875,0.0,CHECK
flop,4,70.98,0.0,66.22,0,0.03125,0.0,CHECK
turn,4,15.78,0.0,110.79,0,0.0375,0.0,CHECK
flop,3,76.83,9.85,81.4,0,0.81875,0.113636,RAISE
preflop,2,24.17,0.0,144.11,0,0.35625,0.0,CHECK
turn,3,41.34,10.51,70.95,0,0.95,0.2027,RAISE
river,2,56.33,0.0,86.35,0,0.2375,0.0,CHECK
preflop,1,57.95,32.6,136.17,0,0.5,0.360022,CALL
flop,3,78.92,19.1,132.64,0,0.075,0.194858,FOLD
preflop,1,66.64,0.0,38.86,0,0.45625,0.0,CHECK
flop,1,75.65,31.93,112.87,0,0.46875,0.296802,CALL
flop,1,51.2,0.0,55.45,0,0.9,0.0,BET
flop,3,70.16,0.0,22.08,0,0.6375,0.0,BET
turn,2,23.89,6.35,50.71,0,0.15625,0.209987,FOLD
turn,3,48.56,5.12,115.25,0,0.05,0.09538,FOLD
turn,3,34.27,14.18,98.21,0,0.13125,0.292673,FOLD
flop,2,32.06,0.0,112.87,0,0.13125,0.0,CHECK
preflop,2,40.68,0.0,44.39,0,0.1625,0.0,CHECK
preflop,4,14.13,13.45,32.46,0,0.1875,0.487672,FOLD
flop,2,71.39,33.06,59.39,0,0.2625,0.316515,FOLD
turn,1,25.25,0.0,87.99,0,0.16875,0.0,CHECK
flop,4,74.45,0.0,97.31,0,0.69375,0.0,BET
turn,1,78.32,0.0,46.98,0,0.55,0.0,CHECK
flop,4,18.13,14.17,75.58,0,0.31875,0.4387,FOLD
flop,4,78.9,3.08,35.89,0,0.1,0.03757,CALL
flop,4,78.77,9.36,75.22,0,0.2625,0.106207,CALL
river,2,3.45,0.0,137.08,0,0.025,0.0,CHECK
river,2,37.43,0.0,44.16,0,0.0,0.0,CHECK
turn,4,9.63,0.0,116.96,0,0.025,0.0,CHECK
river,1,73.08,20.8,83.13,0,0.6875,0.221559,RAISE
turn,1,49.61,10.54,116.94,0,0.65,0.175229,RAISE
preflop,2,6.84,0.0,122.98,0,0.4375,0.0,CHECK
river,3,50.38,19.0,116.61,0,0.0125,0.273854,FOLD
flop,2,57.71,13.97,44.28,0,0.375,0.194894,CALL
turn,1,52.58,11.73,106.63,0,0.99375,0.182398,RAISE
preflop,2,73.82,20.43,142.27,0,0.2875,0.216764,CALL
flop,2,57.48,23.27,142.27,0,0.3625,0.288173,CALL
preflop,2,41.52,0.0,113.45,0,0.29375,0.0,CHECK
turn,4,50.62,0.0,78.66,0,0.1,0.0,CHECK
flop,1,51.23,0.0,21.98,0,0.5,0.0,CHECK
preflop,3,66.57,0.0,134.42,0,0.24375,0.0,CHECK
preflop,1,14.04,14.09,25.33,0,0.4375,0.500889,FOLD
turn,3,41.73,0.0,116.73,0,0.30625,0.0,CHECK
river,2,26.1,3.89,101.35,0,0.0375,0.12971,FOLD
river,2,39.32,0.0,40.33,0,0.08125,0.0,CHECK
preflop,4,73.35,4.05,75.59,0,0.21875,0.052326,CALL
river,3,62.11,12.77,31.98,0,0.0,0.17054,FOLD
flop,4,27.2,0.0,41.35,0,0.15,0.0,CHECK
turn,3,36.38,26.02,37.7,0,0.825,0.416987,RAISE
flop,2,27.34,23.61,113.01,0,0.175,0.463395,FOLD
flop,4,15.55,0.0,118.9,0,0.06875,0.0,CHECK
flop,3,63.43,0.0,38.25,0,0.3375,0.0,CHECK
river,1,57.52,0.0,49.84,0,0.9,0.0,BET
flop,4,14.24,13.16,55.21,0,0.24375,0.480292,FOLD
flop,2,34.5,3.39,120.33,0,0.0625,0.08947,FOLD
turn,1,36.32,0.0,34.22,0,0.8125,0.0,BET
preflop,4,67.63,5.18,66.38,0,0.2,0.071144,CALL
preflop,4,43.69,27.6,131.01,0,0.24375,0.387151,FOLD
preflop,4,18.96,6.84,71.38,0,0.60625,0.265116,CALL
preflop,4,22.85,14.63,112.39,0,0.1,0.390342,FOLD
river,2,68.77,0.0,148.36,0,0.16875,0.0,CHECK
river,4,24.91,0.0,131.4,0,0.425,0.0,CHECK
preflop,4,72.8,28.8,64.55,0,0.33125,0.283465,CALL
river,2,20.89,0.0,50.35,0,0.3875,0.0,CHECK
preflop,4,19.2,9.85,106.79,0,0.09375,0.339071,FOLD
turn,1,11.57,0.0,144.13,0,0.35625,0.0,CHECK
preflop,3,29.96,0.0,33.86,0,0.28125,0.0,CHECK
river,4,5.21,6.08,86.86,0,0.025,0.53853,FOLD
turn,2,4.67,0.0,119.49,0,0.28125,0.0,CHECK
river,1,78.42,0.0,108.61,0,0.18125,0.0,CHECK
preflop,2,32.89,0.0,82.92,0,0.2375,0.0,CHECK
river,4,34.45,30.36,23.08,0,0.1,0.468446,FOLD
river,2,42.1,30.94,48.14,0,0.8125,0.423604,RAISE
turn,4,4.25,0.53,52.42,0,0.225,0.110879,CALL
preflop,2,12.18,13.73,87.89,0,0.21875,0.529911,FOLD
turn,1,68.57,9.11,84.41,0,0.34375,0.117276,CALL
preflop,4,60.88,0.68,55.72,0,0.14375,0.011046,CALL
flop,4,20.75,15.03,37.25,0,0.14375,0.420067,FOLD
preflop,3,37.23,6.77,127.29,0,0.31875,0.153864,CALL
flop,4,52.81,0.0,49.27,0,0.3375,0.0,CHECK
turn,2,2.26,2.62,126.87,0,0.0375,0.536885,FOLD
preflop,2,25.27,1.61,139.31,0,0.29375,0.059896,CALL
preflop,4,15.53,9.89,84.26,0,0.26875,0.389064,FOLD
turn,4,77.92,5.32,112.29,0,0.4875,0.063912,CALL
preflop,1,25.74,17.85,136.13,0,0.65625,0.409498,RAISE
river,3,37.17,20.53,35.97,0,0.0,0.355806,FOLD
flop,4,9.19,0.0,32.26,0,0.2,0.0,CHECK
river,3,37.22,0.84,20.85,0,0.00625,0.02207,CALL
preflop,1,33.25,19.27,94.84,0,0.66875,0.366908,RAISE
preflop,2,36.62,31.59,99.64,0,0.3,0.463129,FOLD
preflop,3,62.92,0.0,108.87,0,0.24375,0.0,CHECK
turn,4,25.49,11.28,128.16,0,0.375,0.306772,CALL
river,4,6.23,0.0,99.13,0,0.3,0.0,CHECK
flop,2,59.18,33.4,106.23,0,0.6,0.360769,CALL
preflop,2,30.68,31.26,30.88,0,0.29375,0.504682,FOLD
turn,2,12.2,2.95,99.78,0,0.43125,0.194719,CALL
flop,4,74.36,9.58,51.42,0,0.1,0.114129,CALL
flop,1,9.32,0.0,76.93,0,0.54375,0.0,CHECK
river,3,4.12,1.59,108.98,0,0.18125,0.278459,FOLD
river,3,12.08,0.0,31.9,0,0.0,0.0,CHECK
preflop,4,5.88,0.0,92.33,0,0.2375,0.0,CHECK
turn,2,29.0,0.0,121.23,0,0.30625,0.0,CHECK
turn,4,46.54,18.08,116.47,0,0.0875,0.27979,FOLD
flop,1,48.59,0.54,92.81,0,0.86875,0.010991,RAISE
turn,2,52.99,0.0,21.83,0,0.45625,0.0,CHECK
turn,3,54.49,0.0,50.07,0,0.08125,0.0,CHECK
turn,2,58.44,28.71,70.44,0,0.6875,0.329432,RAISE
flop,3,51.7,26.42,93.43,0,0.2125,0.338198,FOLD
flop,3,70.78,0.0,91.05,0,0.04375,0.0,CHECK
flop,3,35.3,0.0,143.88,0,0.55,0.0,CHECK
preflop,3,77.05,0.0,133.29,0,0.3,0.0,CHECK
flop,2,2.39,1.46,107.64,0,0.19375,0.379221,FOLD
river,4,17.03,0.0,120.81,0,0.725,0.0,BET
preflop,4,5.57,0.0,109.84,0,0.1375,0.0,CHECK
preflop,1,56.27,0.0,55.64,0,0.4875,0.0,CHECK
river,1,78.28,13.9,77.34,0,0.78125,0.150792,RAISE
turn,1,23.25,0.0,46.23,0,0.56875,0.0,CHECK
flop,4,29.85,0.0,121.91,0,0.1,0.0,CHECK
preflop,3,31.62,7.61,95.23,0,0.2875,0.193984,CALL
river,3,71.77,34.4,48.75,0,0.55,0.324009,CALL
preflop,4,63.09,0.0,64.79,0,0.14375,0.0,CHECK
turn,2,15.46,0.0,51.89,0,0.0625,0.0,CHECK
flop,4,30.02,22.69,72.52,0,0.0625,0.430469,FOLD
turn,2,6.21,4.18,108.37,0,0.1125,0.40231,FOLD
turn,1,2.58,0.0,76.92,0,0.69375,0.0,BET
turn,2,6.46,2.41,47.73,0,0.0375,0.271702,FOLD
flop,1,48.66,29.56,40.81,0,0.93125,0.377908,RAISE
flop,3,28.93,0.0,137.04,0,0.08125,0.0,CHECK
river,4,67.54,0.0,43.64,0,0.34375,0.0,CHECK
river,2,78.0,29.32,124.35,0,0.2,0.273202,FOLD
turn,3,42.81,13.0,103.52,0,0.39375,0.232933,CALL
turn,3,25.31,0.0,103.9,0,0.06875,0.0,CHECK
flop,1,31.55,0.0,96.61,0,0.325,0.0,CHECK
preflop,4,58.28,0.0,51.44,0,0.175,0.0,CHECK
river,1,21.77,0.0,137.37,0,0.51875,0.0,CHECK
river,4,34.03,0.0,47.72,0,0.0,0.0,CHECK
turn,1,8.21,0.0,37.74,0,0.775,0.0,BET
preflop,1,36.44,14.58,26.94,0,0.375,0.28577,CALL
preflop,2,67.71,0.0,37.42,0,0.3125,0.0,CHECK
preflop,2,52.98,0.0,24.76,0,0.2375,0.0,CHECK
flop,2,59.29,0.0,147.28,0,0.875,0.0,BET
river,3,39.86,9.07,41.34,0,0.5875,0.185367,CALL
river,3,27.56,0.0,131.03,0,0.00625,0.0,CHECK
flop,2,69.42,8.07,102.79,0,0.31875,0.104142,CALL
turn,2,71.11,0.0,99.09,0,0.21875,0.0,CHECK
flop,2,71.05,32.56,30.69,0,0.05,0.314255,FOLD
turn,4,22.01,2.3,41.95,0,0.525,0.094611,CALL
turn,4,79.38,0.0,85.29,0,0.05,0.0,CHECK
preflop,3,26.07,26.14,90.48,0,0.15625,0.50067,FOLD
river,1,12.91,7.05,100.02,0,0.26875,0.353206,FOLD
river,1,3.65,0.0,36.72,0,0.525,0.0,CHECK
river,4,10.18,2.77,92.5,0,0.0,0.2139,FOLD
preflop,3,40.24,22.91,27.18,0,0.21875,0.362787,FOLD
turn,4,33.16,32.48,137.16,0,0.0875,0.49482,FOLD
preflop,1,63.94,0.0,136.1,0,0.6,0.0,CHECK
flop,2,18.21,16.92,50.72,0,0.875,0.48164,RAISE
flop,2,13.39,0.0,48.17,0,0.11875,0.0,CHECK
turn,2,28.91,12.25,101.76,0,0.66875,0.297619,RAISE
turn,1,65.31,30.07,40.45,0,0.68125,0.315265,RAISE
turn,4,19.71,18.86,131.58,0,0.0,0.488981,FOLD
flop,2,38.73,0.0,37.08,0,0.44375,0.0,CHECK
flop,3,16.83,0.0,50.78,0,0.19375,0.0,CHECK
flop,1,72.66,15.24,83.76,0,0.58125,0.173379,CALL
flop,2,79.01,23.25,127.29,0,0.1125,0.227362,FOLD
river,4,24.18,14.58,49.79,0,0.0,0.376161,FOLD
preflop,2,58.5,0.0,139.15,0,0.28125,0.0,CHECK
turn,1,46.69,0.0,95.81,0,0.4,0.0,CHECK
preflop,1,32.51,0.0,132.46,0,0.61875,0.0,CHECK
preflop,3,60.88,0.0,125.07,0,0.225,0.0,CHECK
river,4,23.91,5.52,75.34,0,0.63125,0.187564,CALL
flop,2,25.28,0.0,46.62,0,0.14375,0.0,CHECK
turn,1,41.09,0.0,37.96,0,0.75,0.0,BET
preflop,1,32.75,0.0,42.72,0,0.26875,0.0,CHECK
river,4,49.27,2.1,51.91,0,0.025,0.04088,CALL
turn,1,28.33,24.6,91.07,0,0.18125,0.464765,FOLD
preflop,2,52.54,25.34,97.28,0,0.4625,0.325372,CALL
preflop,4,26.91,0.0,117.25,0,0.175,0.0,CHECK
river,3,40.07,0.0,100.31,0,0.0125,0.0,CHECK
turn,1,73.84,0.0,139.72,0,0.2125,0.0,CHECK
turn,4,65.18,17.51,22.54,0,0.2625,0.211755,CALL
turn,1,74.21,32.95,90.51,0,0.3875,0.307484,CALL
river,2,51.71,21.29,39.32,0,0.28125,0.291644,CALL
turn,1,16.37,0.0,46.37,0,0.4625,0.0,CHECK
flop,4,32.29,11.76,149.08,0,0.1625,0.266969,FOLD
turn,1,65.49,0.0,47.0,0,0.5875,0.0,CHECK
flop,4,46.07,26.59,112.35,0,0.25,0.365951,FOLD
flop,1,39.7,9.06,83.63,0,0.25,0.185808,CALL
flop,1,36.01,0.0,120.79,0,0.50625,0.0,CHECK
preflop,4,20.76,0.0,127.86,0,0.1625,0.0,CHECK
preflop,2,19.05,0.0,135.72,0,0.3625,0.0,CHECK
preflop,2,77.31,0.0,132.6,0,0.2375,0.0,CHECK
preflop,4,10.24,7.44,37.91,0,0.14375,0.420814,FOLD
river,1,48.17,23.0,106.45,0,0.45,0.32317,CALL
turn,1,78.97,0.0,108.48,0,0.55,0.0,CHECK
river,4,23.11,0.0,34.96,0,0.0,0.0,CHECK
preflop,1,25.97,0.0,87.14,0,0.65,0.0,BET
preflop,2,43.55,0.0,34.53,0,0.26875,0.0,CHECK
flop,4,55.51,0.0,67.45,0,0.2625,0.0,CHECK
river,3,28.93,20.36,144.34,0,0.0,0.413066,FOLD
preflop,1,12.01,11.66,80.07,0,0.66875,0.492607,RAISE
preflop,2,44.52,32.37,115.45,0,0.3375,0.420991,FOLD
preflop,1,65.32,0.0,94.21,0,0.4125,0.0,CHECK
preflop,2,73.27,21.63,134.31,0,0.28125,0.227924,CALL
preflop,3,76.76,0.0,146.3,0,0.31875,0.0,CHECK
preflop,4,78.95,29.21,91.86,0,0.325,0.270063,CALL
flop,4,8.4,4.89,24.98,0,0.6625,0.367946,RAISE
turn,4,28.53,33.0,146.41,0,0.1125,0.536324,FOLD
turn,2,34.61,3.18,125.05,0,0.29375,0.084149,CALL
turn,1,31.18,0.0,67.05,0,0.1625,0.0,CHECK
preflop,3,51.07,0.78,137.03,0,0.13125,0.015043,CALL
preflop,2,14.23,11.0,65.87,0,0.3375,0.435989,FOLD
flop,2,46.99,9.45,69.1,0,0.3875,0.167434,CALL
river,4,38.47,0.0,118.7,0,0.825,0.0,BET
flop,2,74.49,7.99,113.78,0,0.3,0.096872,CALL
preflop,4,71.19,17.92,63.62,0,0.06875,0.2011,FOLD
turn,1,4.25,0.0,149.12,0,0.43125,0.0,CHECK
flop,2,32.46,6.42,94.6,0,0.1,0.165123,FOLD
turn,4,32.47,29.97,24.6,0,0.05,0.479981,FOLD
flop,3,58.05,0.0,32.76,0,0.15625,0.0,CHECK
river,1,58.2,0.0,50.09,0,0.90625,0.0,BET
river,2,2.81,0.76,23.0,0,0.2875,0.212885,CALL
turn,3,47.6,11.54,84.48,0,0.13125,0.19513,FOLD
preflop,4,34.28,0.0,67.01,0,0.1375,0.0,CHECK
turn,2,60.71,4.61,115.59,0,1.0,0.070576,RAISE
river,4,29.49,27.41,135.52,0,0.0,0.481722,FOLD
river,3,50.96,0.0,119.55,0,0.1,0.0,CHECK
river,3,28.69,34.21,58.72,0,0.0,0.543879,FOLD
river,1,59.59,19.13,35.33,0,0.2375,0.243013,CALL
flop,3,12.97,0.0,67.48,0,0.0625,0.0,CHECK
flop,4,5.19,3.13,127.21,0,0.425,0.376202,CALL
turn,4,44.7,0.0,89.14,0,0.325,0.0,CHECK
preflop,3,9.59,3.77,42.39,0,0.325,0.282186,CALL
preflop,4,70.89,0.0,96.18,0,0.125,0.0,CHECK
river,1,45.01,15.74,64.92,0,0.09375,0.259095,FOLD
flop,3,78.39,0.0,93.18,0,0.14375,0.0,CHECK
preflop,1,21.29,0.0,102.75,0,0.5125,0.0,CHECK
preflop,2,59.95,27.44,124.4,0,0.23125,0.313995,FOLD
river,4,63.84,11.22,106.68,0,0.01875,0.14948,FOLD
turn,3,74.56,0.0,80.91,0,0.3625,0.0,CHECK
turn,3,40.59,0.0,110.88,0,0.00625,0.0,CHECK
preflop,3,76.29,0.0,34.2,0,0.18125,0.0,CHECK
preflop,2,29.56,0.0,94.2,0,0.2375,0.0,CHECK
preflop,3,9.29,4.46,127.37,0,0.18125,0.324364,FOLD
preflop,1,55.58,0.0,117.9,0,0.6875,0.0,BET
flop,1,24.43,4.97,62.03,0,0.6125,0.169048,CALL
turn,3,15.92,19.03,77.24,0,0.075,0.544492,FOLD
turn,4,43.66,0.0,145.25,0,0.25625,0.0,CHECK
flop,1,62.47,12.52,135.59,0,0.23125,0.166956,CALL
flop,4,23.59,0.0,120.51,0,0.23125,0.0,CHECK
river,2,9.5,3.84,146.22,0,0.08125,0.287856,FOLD
river,3,4.96,0.0,107.94,0,0.45,0.0,CHECK
flop,3,61.96,0.0,28.4,0,0.125,0.0,CHECK
flop,1,15.23,0.0,113.86,0,0.41875,0.0,CHECK
flop,2,18.16,0.0,137.78,0,0.2,0.0,CHECK
flop,1,47.15,14.91,68.88,0,0.85,0.240251,RAISE
river,4,43.28,13.52,136.29,0,0.0,0.238028,FOLD
preflop,2,47.6,22.31,36.69,0,0.35,0.319125,CALL
flop,1,44.58,15.07,29.8,0,0.7875,0.25264,RAISE
river,3,72.46,0.0,24.78,0,0.0,0.0,CHECK
river,1,25.47,0.0,119.3,0,0.7,0.0,BET
flop,1,24.61,0.0,118.38,0,0.29375,0.0,CHECK
flop,4,73.85,0.0,123.32,0,0.4125,0.0,CHECK
turn,4,79.29,0.0,100.73,0,0.2625,0.0,CHECK
flop,4,60.35,16.21,104.41,0,0.16875,0.211729,FOLD
preflop,1,33.93,24.84,42.12,0,0.325,0.422665,FOLD
turn,2,2.46,0.0,83.22,0,0.04375,0.0,CHECK
preflop,2,69.77,0.0,103.52,0,0.25,0.0,CHECK
preflop,4,39.57,4.12,99.12,0,0.075,0.094301,CALL
preflop,1,41.39,0.0,143.68,0,0.3125,0.0,CHECK
flop,4,74.56,0.0,80.45,0,0.0625,0.0,CHECK
preflop,4,22.7,0.0,67.45,0,0.2625,0.0,CHECK
turn,2,77.13,0.0,92.6,0,0.1125,0.0,CHECK
turn,1,45.39,0.0,147.0,0,0.9,0.0,BET
flop,1,47.28,0.0,106.06,0,0.75,0.0,BET
flop,3,14.99,0.0,62.81,0,0.25625,0.0,CHECK
turn,4,21.98,7.35,72.37,0,0.06875,0.250597,FOLD
river,2,71.34,0.0,116.78,0,0.0625,0.0,CHECK
river,3,50.95,31.58,62.51,0,0.0,0.382649,FOLD
turn,3,38.32,0.0,61.4,0,0.025,0.0,CHECK
flop,4,40.14,20.98,94.62,0,0.2,0.343259,FOLD
flop,4,67.6,0.0,82.3,0,0.15,0.0,CHECK
flop,1,28.81,1.5,59.49,0,0.225,0.049489,CALL
flop,4,65.9,5.19,86.4,0,0.05,0.073006,FOLD
turn,4,54.64,27.35,72.12,0,0.05,0.333577,FOLD
preflop,3,16.21,0.0,113.51,0,0.35625,0.0,CHECK
river,3,52.76,18.67,24.39,0,0.24375,0.261375,CALL
preflop,1,25.9,0.0,58.69,0,0.50625,0.0,CHECK
preflop,4,18.88,4.91,133.0,0,0.20625,0.206389,CALL
preflop,2,74.1,0.0,144.74,0,0.21875,0.0,CHECK
turn,3,74.09,0.0,101.59,0,0.44375,0.0,CHECK
flop,4,20.61,13.74,21.8,0,0.225,0.4,FOLD
preflop,1,20.83,0.0,28.71,0,0.46875,0.0,CHECK
river,4,23.41,0.0,32.74,0,0.0,0.0,CHECK
river,2,18.87,0.0,54.88,0,0.61875,0.0,CHECK
river,2,78.06,28.53,77.31,0,0.84375,0.267661,RAISE
turn,4,30.94,0.0,67.5,0,0.0375,0.0,CHECK
preflop,1,5.51,2.71,128.27,0,0.36875,0.329684,CALL
turn,4,79.99,0.0,108.63,0,0.35,0.0,CHECK
turn,3,22.42,0.0,42.3,0,0.7125,0.0,BET
turn,1,47.08,0.0,35.74,0,0.41875,0.0,CHECK
flop,4,77.43,0.0,24.15,0,0.1875,0.0,CHECK
preflop,3,73.43,0.0,147.24,0,0.43125,0.0,CHECK
river,4,18.66,0.0,33.51,0,0.0,0.0,CHECK
river,2,3.59,2.42,132.33,0,0.1375,0.402662,FOLD
flop,4,10.77,9.56,147.32,0,0.0125,0.470241,FOLD
flop,1,4.73,3.42,31.95,0,0.21875,0.419632,FOLD
preflop,3,79.16,0.0,135.6,0,0.225,0.0,CHECK
flop,2,5.58,3.06,63.76,0,0.58125,0.354167,CALL
turn,3,7.04,0.0,133.99,0,0.16875,0.0,CHECK
flop,2,32.5,0.0,100.17,0,0.56875,0.0,CHECK
river,4,16.83,11.35,147.53,0,0.05625,0.402768,FOLD
turn,3,44.18,12.78,91.85,0,0.89375,0.224368,RAISE
preflop,4,15.91,0.0,27.79,0,0.18125,0.0,CHECK
preflop,2,67.77,34.69,40.53,0,0.3125,0.338571,FOLD
river,2,62.07,3.71,111.42,0,0.93125,0.0564,RAISE
preflop,4,49.36,0.0,138.44,0,0.1875,0.0,CHECK
turn,1,76.28,29.2,57.0,0,0.18125,0.27683,FOLD
preflop,1,55.37,12.7,74.28,0,0.51875,0.186573,CALL
turn,3,75.42,0.0,38.37,0,0.05,0.0,CHECK
flop,4,63.06,0.0,140.76,0,0.18125,0.0,CHECK
preflop,3,70.86,6.11,100.71,0,0.1875,0.079382,CALL
river,4,60.32,0.0,143.01,0,0.025,0.0,CHECK
flop,1,78.59,0.0,142.59,0,0.7,0.0,BET
flop,1,47.82,0.0,106.34,0,0.71875,0.0,BET
flop,4,36.87,18.44,28.87,0,0.2375,0.333394,FOLD
flop,4,58.85,0.0,110.45,0,0.425,0.0,CHECK
river,4,14.47,17.12,60.71,0,0.0,0.541944,FOLD
flop,3,63.46,0.0,83.67,0,0.125,0.0,CHECK
turn,1,33.08,0.0,90.62,0,0.34375,0.0,CHECK
preflop,2,48.11,0.0,74.55,0,0.325,0.0,CHECK
river,2,24.82,7.28,85.56,0,0.45,0.226791,CALL
turn,2,33.35,0.0,93.96,0,0.1875,0.0,CHECK
river,3,40.89,15.7,127.88,0,0.0,0.277434,FOLD
river,2,51.63,17.99,57.16,0,0.1,0.258403,FOLD
turn,2,46.38,17.13,79.09,0,0.075,0.269721,FOLD
turn,1,4.55,0.0,139.31,0,0.4125,0.0,CHECK
preflop,2,49.15,14.28,39.56,0,0.29375,0.22513,CALL
preflop,2,9.02,0.0,60.65,0,0.35625,0.0,CHECK
preflop,2,46.16,16.02,24.07,0,0.3125,0.257639,CALL
flop,1,71.24,3.58,115.78,0,0.30625,0.047848,CALL
flop,2,38.01,0.0,33.36,0,0.15625,0.0,CHECK
turn,4,8.27,8.66,63.17,0,0.075,0.511518,FOLD
turn,4,29.76,0.0,102.39,0,0.0375,0.0,CHECK
preflop,1,54.6,0.0,96.75,0,0.38125,0.0,CHECK
river,2,46.18,31.85,82.85,0,0.25625,0.408176,FOLD
preflop,4,9.46,5.73,110.93,0,0.13125,0.377222,FOLD
turn,2,40.92,0.0,110.97,0,0.5875,0.0,CHECK
river,4,78.68,0.0,139.0,0,0.6875,0.0,BET
preflop,4,71.11,0.0,140.45,0,0.2875,0.0,CHECK
flop,2,74.98,0.0,103.42,0,0.7375,0.0,BET
preflop,2,25.07,21.01,92.83,0,0.25625,0.455946,FOLD
turn,1,46.1,0.0,88.27,0,0.5625,0.0,CHECK
flop,3,61.32,27.3,99.25,0,0.0375,0.308057,FOLD
flop,2,57.8,0.0,113.61,0,0.14375,0.0,CHECK
river,3,22.23,18.05,27.58,0,0.025,0.448113,FOLD
turn,4,58.48,0.0,81.8,0,0.0625,0.0,CHECK
river,3,52.69,28.54,42.35,0,0.0,0.351348,FOLD
flop,3,10.22,4.58,99.55,0,0.125,0.309459,FOLD
preflop,2,32.36,6.57,66.61,0,0.3375,0.168764,CALL
preflop,3,25.52,29.8,36.27,0,0.175,0.538684,FOLD
river,2,63.25,2.14,62.56,0,0.29375,0.032727,CALL
turn,3,38.89,0.0,66.67,0,0.2375,0.0,CHECK
turn,2,44.45,27.67,31.26,0,0.58125,0.383666,CALL
river,4,9.38,5.19,62.09,0,0.0,0.356211,FOLD
turn,3,3.96,0.0,30.59,0,0.23125,0.0,CHECK
preflop,4,32.84,0.0,125.98,0,0.16875,0.0,CHECK
turn,1,55.14,20.43,27.29,0,0.8375,0.270345,RAISE
flop,4,37.83,0.0,104.9,0,0.1625,0.0,CHECK
flop,4,45.99,33.08,101.59,0,0.125,0.418363,FOLD
turn,3,77.18,0.0,62.95,0,0.14375,0.0,CHECK
flop,2,32.36,0.0,45.35,0,0.35,0.0,CHECK
flop,2,37.71,0.0,60.5,0,0.4375,0.0,CHECK
turn,1,35.21,27.12,58.07,0,0.7625,0.435103,RAISE
turn,2,2.08,0.0,74.76,0,0.05625,0.0,CHECK
river,2,55.19,0.0,21.92,0,0.24375,0.0,CHECK
flop,2,62.52,20.58,78.02,0,0.3375,0.247653,CALL
flop,3,65.9,0.0,110.1,0,0.05,0.0,CHECK
turn,3,10.25,0.0,67.8,0,0.1125,0.0,CHECK
turn,3,4.68,4.6,95.45,0,0.13125,0.49569,FOLD
turn,3,77.15,0.0,142.54,0,0.05,0.0,CHECK
turn,1,31.27,0.0,108.96,0,0.18125,0.0,CHECK
river,2,21.87,0.0,24.1,0,0.3,0.0,CHECK
river,4,57.89,28.44,141.18,0,0.48125,0.329434,CALL
turn,1,4.24,2.54,74.8,0,0.4625,0.374631,CALL
preflop,2,4.81,1.66,130.88,0,0.24375,0.256569,CALL
flop,3,48.54,15.42,89.87,0,0.1,0.241088,FOLD
turn,3,55.28,0.0,129.94,0,0.09375,0.0,CHECK
preflop,3,27.95,0.0,113.63,0,0.28125,0.0,CHECK
preflop,2,61.85,25.99,55.43,0,0.2375,0.295879,FOLD
flop,4,75.39,31.7,82.28,0,0.11875,0.296013,FOLD
river,4,60.06,7.79,20.34,0,0.19375,0.114812,CALL
turn,1,57.7,32.88,92.38,0,0.73125,0.362994,RAISE
flop,4,32.74,0.0,70.13,0,0.075,0.0,CHECK
preflop,2,8.59,0.0,91.31,0,0.35,0.0,CHECK
preflop,3,69.02,0.0,56.86,0,0.29375,0.0,CHECK
flop,1,10.74,0.0,118.97,0,0.6125,0.0,CHECK
flop,2,63.46,0.0,89.22,0,0.375,0.0,CHECK
flop,2,16.46,1.29,72.04,0,0.125,0.072676,CALL
flop,2,55.98,0.0,142.13,0,0.1875,0.0,CHECK
preflop,2,33.33,0.0,127.07,0,0.39375,0.0,CHECK
flop,4,54.35,18.06,126.4,0,0.2375,0.249413,CALL
preflop,4,33.04,12.87,88.83,0,0.25,0.280331,FOLD
preflop,3,12.89,0.73,32.9,0,0.225,0.053598,CALL
river,4,5.69,5.39,65.3,0,0.08125,0.486462,FOLD
river,1,17.86,0.0,92.85,0,0.63125,0.0,BET
turn,1,60.03,16.37,22.59,0,0.53125,0.214267,CALL
river,4,35.03,0.0,22.59,0,0.775,0.0,BET
preflop,4,74.26,0.0,73.47,0,0.23125,0.0,CHECK
flop,2,75.46,25.9,56.43,0,0.08125,0.255525,FOLD
turn,4,24.58,8.05,122.8,0,0.06875,0.246705,FOLD
river,1,27.68,27.57,123.22,0,0.75,0.499005,RAISE
flop,1,30.82,12.6,106.7,0,0.45,0.290189,CALL
river,4,65.99,6.89,75.79,0,0.03125,0.094539,FOLD
river,4,22.1,4.11,95.75,0,0.49375,0.15681,CALL
flop,2,79.22,0.0,39.96,0,0.5375,0.0,CHECK
preflop,4,21.55,0.0,48.67,0,0.2625,0.0,CHECK
preflop,1,18.9,17.0,113.07,0,0.68125,0.473538,RAISE
flop,4,30.26,0.0,51.36,0,0.08125,0.0,CHECK
turn,3,15.11,3.34,96.54,0,0.18125,0.18103,CALL
preflop,2,24.62,0.0,102.32,0,0.24375,0.0,CHECK
flop,3,26.41,0.0,131.51,0,0.275,0.0,CHECK
turn,4,31.71,8.33,136.1,0,0.25625,0.208042,CALL
preflop,4,34.68,7.76,96.86,0,0.13125,0.182846,FOLD
turn,1,56.57,17.27,130.31,0,0.7,0.233884,RAISE
preflop,1,52.19,0.0,119.9,0,0.45625,0.0,CHECK
preflop,3,57.31,0.0,73.73,0,0.19375,0.0,CHECK
preflop,4,55.45,0.0,48.79,0,0.19375,0.0,CHECK
preflop,1,59.5,33.86,54.8,0,0.56875,0.362682,CALL
river,2,19.73,4.45,105.51,0,0.5625,0.184036,CALL
river,4,19.59,3.62,71.0,0,0.18125,0.155967,CALL
preflop,4,77.65,9.98,107.39,0,0.35,0.113888,CALL
river,3,43.98,0.0,118.74,0,0.9125,0.0,BET
flop,3,10.02,0.0,80.45,0,0.0875,0.0,CHECK
flop,4,42.54,0.0,35.64,0,0.21875,0.0,CHECK
preflop,4,6.68,2.7,133.76,0,0.2,0.287846,FOLD
river,2,49.45,0.0,105.01,0,0.8625,0.0,BET
river,1,49.24,30.21,46.15,0,0.2,0.380239,FOLD
flop,1,20.11,0.0,143.36,0,0.39375,0.0,CHECK
preflop,4,39.39,32.93,147.69,0,0.16875,0.455337,FOLD
preflop,4,48.12,0.0,110.43,0,0.18125,0.0,CHECK
flop,2,33.3,34.6,138.77,0,0.1,0.509573,FOLD
turn,3,29.96,26.88,31.0,0,0.48125,0.472906,CALL
preflop,3,55.52,0.0,79.55,0,0.25625,0.0,CHECK
flop,2,7.1,0.0,125.32,0,0.08125,0.0,CHECK
preflop,3,54.93,13.95,20.61,0,0.2875,0.202526,CALL
turn,1,44.71,31.75,133.01,0,0.33125,0.41525,FOLD
flop,1,57.62,0.0,123.98,0,0.46875,0.0,CHECK
preflop,4,60.16,0.0,58.64,0,0.13125,0.0,CHECK
river,4,73.79,0.0,63.91,0,0.0,0.0,CHECK
river,4,42.51,0.0,145.68,0,0.54375,0.0,CHECK
river,4,68.39,0.0,133.11,0,0.0125,0.0,CHECK
preflop,1,69.19,17.26,20.07,0,0.35625,0.199653,CALL
flop,1,68.14,13.38,100.46,0,0.34375,0.164132,CALL
preflop,4,77.27,0.0,142.46,0,0.2,0.0,CHECK
flop,1,72.22,19.5,54.37,0,0.25,0.212604,CALL
river,1,59.55,33.74,70.35,0,0.0125,0.361668,FOLD
river,3,31.81,32.69,109.15,0,0.9125,0.506822,RAISE
preflop,2,3.51,0.0,148.41,0,0.3125,0.0,CHECK
river,3,30.28,31.87,53.62,0,0.0,0.512792,FOLD
preflop,2,4.86,0.61,25.97,0,0.39375,0.111517,CALL
turn,3,55.45,0.0,94.63,0,0.0375,0.0,CHECK
river,3,40.21,24.3,119.38,0,0.2875,0.376686,FOLD
preflop,3,35.63,10.44,39.4,0,0.1375,0.226612,FOLD
preflop,2,2.35,0.0,63.12,0,0.2125,0.0,CHECK
preflop,4,32.2,9.85,44.0,0,0.19375,0.234245,FOLD
preflop,1,37.76,0.0,30.23,0,0.40625,0.0,CHECK
river,1,19.46,15.21,145.52,0,0.08125,0.438708,FOLD
flop,1,45.43,30.78,49.82,0,0.33125,0.403884,FOLD
preflop,1,56.94,0.0,119.19,0,0.78125,0.0,BET
turn,2,42.94,0.0,105.35,0,0.35625,0.0,CHECK
preflop,1,61.76,0.0,102.34,0,0.45625,0.0,CHECK
flop,2,23.02,25.18,111.89,0,0.25625,0.522407,FOLD
flop,4,52.06,0.0,103.3,0,0.21875,0.0,CHECK
preflop,3,72.33,11.57,24.08,0,0.2875,0.137902,CALL
flop,1,17.38,9.46,65.47,0,0.425,0.352459,CALL
river,4,27.48,2.52,93.99,0,0.06875,0.084,CALL
preflop,3,34.39,0.0,108.75,0,0.23125,0.0,CHECK
turn,3,67.86,0.0,133.11,0,0.06875,0.0,CHECK
river,1,23.11,0.0,56.68,0,0.5,0.0,CHECK
turn,1,52.06,34.61,80.23,0,0.9125,0.399331,RAISE
preflop,1,72.03,16.63,96.48,0,0.81875,0.18757,RAISE
preflop,4,5.76,0.0,107.21,0,0.14375,0.0,CHECK
flop,2,24.68,0.0,31.67,0,0.175,0.0,CHECK
river,1,36.79,0.0,127.04,0,0.6875,0.0,BET
flop,2,76.31,0.0,143.06,0,0.2375,0.0,CHECK
preflop,1,41.56,0.0,108.88,0,0.325,0.0,CHECK
river,1,38.19,0.0,112.36,0,0.1,0.0,CHECK
river,3,45.6,24.93,97.19,0,0.70625,0.353467,RAISE
flop,3,72.37,0.0,28.25,0,0.3375,0.0,CHECK
flop,1,16.16,0.0,36.6,0,0.525,0.0,CHECK
turn,1,54.68,26.22,140.34,0,0.5375,0.324104,CALL
turn,1,10.44,0.0,98.44,0,0.09375,0.0,CHECK
flop,3,65.52,13.51,111.35,0,0.55625,0.170948,CALL
river,1,32.91,0.0,85.22,0,0.13125,0.0,CHECK
river,2,27.91,17.31,74.96,0,0.24375,0.382795,FOLD
turn,3,55.24,31.12,34.77,0,0.03125,0.360352,FOLD
preflop,4,23.85,0.0,23.43,0,0.25,0.0,CHECK
flop,1,42.01,29.16,98.12,0,0.6625,0.409723,RAISE
preflop,3,39.83,0.0,27.11,0,0.2125,0.0,CHECK
river,4,37.31,0.0,86.16,0,0.2375,0.0,CHECK
flop,2,27.63,0.0,118.05,0,0.49375,0.0,CHECK
river,1,50.31,19.01,102.85,0,0.95625,0.274235,RAISE
turn,4,43.11,0.0,60.52,0,0.04375,0.0,CHECK
turn,2,23.17,0.0,50.73,0,0.5875,0.0,CHECK
river,4,22.0,8.29,75.84,0,0.64375,0.273688,CALL
flop,2,71.0,28.33,36.34,0,0.425,0.285211,CALL
preflop,2,52.29,0.0,54.58,0,0.21875,0.0,CHECK
flop,2,11.1,0.0,42.83,0,0.36875,0.0,CHECK
river,4,50.18,0.0,82.16,0,0.0,0.0,CHECK
preflop,2,55.43,32.77,39.23,0,0.3875,0.371542,CALL
flop,4,32.86,2.65,121.76,0,0.1375,0.074627,CALL
flop,2,3.1,2.5,28.73,0,0.53125,0.446429,CALL
river,1,29.73,25.08,79.52,0,0.8375,0.457581,RAISE
preflop,1,18.2,0.0,29.54,0,0.56875,0.0,CHECK
turn,2,56.56,32.81,110.64,0,0.23125,0.367125,FOLD
turn,2,30.78,0.0,73.62,0,0.28125,0.0,CHECK
turn,4,69.52,0.0,143.38,0,0.0875,0.0,CHECK
preflop,3,72.78,10.96,80.47,0,0.23125,0.130881,CALL
preflop,1,72.7,7.3,93.77,0,0.575,0.09125,CALL
flop,3,59.34,18.85,43.46,0,0.5375,0.241079,CALL
river,2,43.45,0.0,59.24,0,0.05,0.0,CHECK
preflop,1,13.94,5.68,32.65,0,0.6125,0.289501,CALL
flop,4,78.61,30.88,23.09,0,0.59375,0.282035,CALL
turn,3,8.22,1.96,57.1,0,0.875,0.192534,RAISE
preflop,4,48.45,22.81,64.99,0,0.16875,0.320095,FOLD
preflop,4,79.13,32.77,137.57,0,0.23125,0.292851,FOLD
river,2,23.64,0.0,61.18,0,0.13125,0.0,CHECK
turn,2,49.17,0.0,107.24,0,0.375,0.0,CHECK
flop,3,39.4,17.52,73.45,0,0.275,0.3078,FOLD
flop,2,36.52,26.8,114.44,0,0.21875,0.423247,FOLD
river,2,60.77,14.12,135.09,0,0.00625,0.188543,FOLD
turn,2,60.18,33.06,46.95,0,0.10625,0.354569,FOLD
flop,1,50.74,27.14,110.11,0,0.49375,0.348485,CALL
flop,2,14.9,13.43,86.65,0,0.11875,0.474056,FOLD
river,4,32.24,31.22,114.4,0,0.9,0.491963,RAISE
preflop,2,50.77,0.0,77.4,0,0.49375,0.0,CHECK
preflop,1,57.17,8.58,27.15,0,0.675,0.130494,RAISE
turn,2,56.92,31.79,86.91,0,0.24375,0.358359,FOLD
turn,4,24.1,7.81,30.98,0,0.03125,0.244751,FOLD
turn,4,23.94,0.0,36.32,0,0.3,0.0,CHECK
turn,3,30.49,10.29,98.81,0,0.0875,0.25233,FOLD
flop,4,11.48,0.0,136.93,0,0.85,0.0,BET
flop,1,32.25,34.11,129.86,0,0.1875,0.514014,FOLD
river,3,42.83,0.0,95.89,0,0.125,0.0,CHECK
flop,1,60.88,28.93,79.5,0,0.5875,0.322124,CALL
turn,4,70.74,0.0,87.86,0,0.05,0.0,CHECK
river,1,53.62,0.0,119.09,0,0.0875,0.0,CHECK
preflop,3,10.49,3.87,83.44,0,0.26875,0.269499,CALL
flop,4,79.39,30.9,113.19,0,0.1125,0.28017,FOLD
river,2,43.41,0.0,70.46,0,0.03125,0.0,CHECK
river,1,47.63,0.0,115.6,0,0.18125,0.0,CHECK
river,4,69.99,0.0,98.29,0,0.03125,0.0,CHECK
preflop,3,14.3,4.13,96.16,0,0.225,0.224091,CALL
preflop,1,68.46,0.0,100.92,0,0.45,0.0,CHECK
flop,2,69.84,22.08,107.14,0,0.3875,0.240209,CALL
river,3,39.88,19.48,55.23,0,0.99375,0.328167,RAISE
preflop,3,76.99,0.0,104.04,0,0.3375,0.0,CHECK
preflop,1,16.83,0.0,82.75,0,0.40625,0.0,CHECK
turn,1,27.73,21.02,120.81,0,0.53125,0.431179,CALL
river,1,51.94,0.0,101.86,0,0.3375,0.0,CHECK
turn,1,20.63,0.0,23.75,0,0.71875,0.0,BET
river,4,35.75,0.0,112.44,0,0.0,0.0,CHECK
river,4,60.11,18.07,66.81,0,0.25,0.231133,CALL
preflop,3,7.88,5.91,29.21,0,0.3375,0.428571,FOLD
turn,3,33.74,3.02,54.25,0,0.7,0.082155,RAISE
preflop,1,45.63,0.0,20.74,0,0.28125,0.0,CHECK
river,2,53.98,0.0,117.9,0,0.375,0.0,CHECK
flop,2,25.03,6.23,110.91,0,0.1375,0.199296,FOLD
flop,4,37.23,16.44,140.0,0,0.1,0.306316,FOLD
river,1,42.42,0.0,118.71,0,0.00625,0.0,CHECK
river,1,18.38,0.0,80.96,0,0.0375,0.0,CHECK
turn,1,73.03,29.9,59.11,0,0.86875,0.290489,RAISE
preflop,4,17.3,0.0,139.2,0,0.1875,0.0,CHECK
turn,3,10.08,7.3,61.49,0,0.0375,0.420023,FOLD
turn,3,57.89,7.16,53.04,0,0.2375,0.110069,CALL
flop,3,57.89,0.0,88.9,0,0.1625,0.0,CHECK
river,2,64.75,0.0,127.38,0,0.1625,0.0,CHECK
turn,3,28.43,0.0,92.19,0,0.125,0.0,CHECK
turn,3,58.1,0.0,104.48,0,0.20625,0.0,CHECK
river,4,32.11,27.44,94.44,0,0.0,0.460789,FOLD
flop,3,50.35,34.25,25.31,0,0.5625,0.404846,CALL
preflop,2,48.37,18.09,87.68,0,0.3,0.272194,CALL
preflop,1,43.12,23.05,129.17,0,0.425,0.348345,CALL
river,1,45.9,7.88,79.75,0,0.14375,0.146523,CALL
flop,4,65.01,21.97,54.08,0,0.34375,0.252587,CALL
flop,3,18.02,2.77,138.31,0,0.13125,0.133237,CALL
river,1,30.41,0.0,120.84,0,0.79375,0.0,BET
flop,3,59.38,0.0,48.96,0,0.45625,0.0,CHECK
river,2,46.13,14.24,31.06,0,0.03125,0.235879,FOLD
river,2,56.53,12.72,111.5,0,0.35625,0.183682,CALL
turn,3,43.87,0.0,22.43,0,0.1125,0.0,CHECK
turn,4,5.03,4.29,91.85,0,0.1875,0.4603,FOLD
river,1,72.56,5.27,63.47,0,0.14375,0.067712,CALL
flop,4,42.18,0.0,57.51,0,0.23125,0.0,CHECK
preflop,4,63.35,0.0,45.3,0,0.1875,0.0,CHECK
turn,4,17.87,10.88,36.36,0,0.05,0.378435,FOLD
flop,2,19.47,10.51,45.43,0,0.20625,0.350567,FOLD
flop,1,47.04,33.18,28.28,0,0.875,0.413613,RAISE
flop,2,59.34,34.96,144.3,0,0.1625,0.370732,FOLD
flop,1,74.08,27.22,25.69,0,0.8375,0.268707,RAISE
turn,3,30.5,27.78,21.3,0,0.3125,0.476664,FOLD
turn,2,50.3,0.0,39.62,0,0.275,0.0,CHECK
turn,2,12.6,0.0,83.82,0,0.5875,0.0,CHECK
turn,1,3.46,0.0,69.58,0,0.49375,0.0,CHECK
preflop,4,62.76,20.74,120.96,0,0.21875,0.248383,FOLD
turn,2,35.91,0.0,102.53,0,0.30625,0.0,CHECK
preflop,2,34.48,13.33,44.54,0,0.25,0.278812,FOLD
preflop,1,38.51,2.43,101.18,0,0.66875,0.059355,RAISE
turn,2,23.63,0.0,56.96,0,0.51875,0.0,CHECK
flop,4,39.77,5.87,143.65,0,0.15625,0.128615,CALL
preflop,3,41.86,5.15,119.67,0,0.2625,0.109551,CALL
turn,4,51.95,0.0,28.5,0,0.125,0.0,CHECK
flop,3,66.31,18.42,104.71,0,0.40625,0.217396,CALL
turn,4,63.95,4.28,137.15,0,0.0875,0.062729,CALL
river,3,57.61,0.0,78.08,0,0.3375,0.0,CHECK
turn,2,22.43,26.55,49.96,0,0.13125,0.542058,FOLD
flop,4,40.87,0.0,71.4,0,0.01875,0.0,CHECK
turn,3,34.24,16.95,56.54,0,0.175,0.331119,FOLD
flop,2,72.0,0.0,135.01,0,0.16875,0.0,CHECK
flop,2,42.64,0.0,32.61,0,0.2,0.0,CHECK
river,1,49.43,0.0,147.22,0,0.3625,0.0,CHECK
flop,2,12.72,0.0,81.09,0,0.125,0.0,CHECK
turn,2,78.6,0.0,106.96,0,0.2375,0.0,CHECK
preflop,3,6.77,0.99,26.22,0,0.3125,0.127577,CALL
turn,4,31.38,0.0,109.12,0,0.075,0.0,CHECK
flop,4,3.53,4.14,84.4,0,0.16875,0.539765,FOLD
flop,1,16.25,3.06,95.38,0,0.6,0.158467,CALL
turn,4,40.17,13.72,56.12,0,0.29375,0.254593,CALL
flop,2,74.11,7.28,130.72,0,0.3,0.089446,CALL
preflop,1,64.6,0.0,82.35,0,0.5125,0.0,CHECK
flop,2,75.41,3.36,87.27,0,0.28125,0.042656,CALL
river,1,2.1,0.0,48.73,0,0.8875,0.0,BET
river,1,16.29,0.0,111.31,0,0.0625,0.0,CHECK
turn,2,12.34,0.0,31.46,0,0.83125,0.0,BET
river,1,75.67,13.69,136.49,0,0.5875,0.153201,CALL
preflop,4,14.61,3.03,113.93,0,0.175,0.171769,CALL
turn,1,18.78,18.33,32.16,0,0.8625,0.493937,RAISE
turn,2,3.94,4.05,30.52,0,0.43125,0.506884,FOLD
flop,1,74.79,0.0,107.31,0,0.31875,0.0,CHECK
flop,1,55.29,0.0,110.33,0,0.7375,0.0,BET
flop,2,30.12,1.61,62.43,0,0.225,0.050741,CALL
preflop,2,38.24,6.73,27.54,0,0.2125,0.149655,CALL
flop,4,58.49,0.0,87.25,0,0.2875,0.0,CHECK
river,4,50.31,33.93,100.62,0,0.96875,0.402778,RAISE
preflop,4,19.28,0.0,47.25,0,0.125,0.0,CHECK
preflop,1,27.01,8.85,121.91,0,0.6125,0.246793,CALL
river,1,31.66,0.0,124.94,0,0.5875,0.0,CHECK
river,1,62.59,0.0,109.62,0,0.9625,0.0,BET
flop,4,71.62,0.0,39.11,0,0.725,0.0,BET
turn,3,65.91,0.0,149.05,0,0.1625,0.0,CHECK
flop,2,46.09,23.41,74.24,0,0.3375,0.336835,CALL
turn,3,56.23,0.0,58.5,0,0.31875,0.0,CHECK
river,1,77.18,26.29,118.26,0,0.325,0.254083,CALL
preflop,3,28.11,24.7,103.41,0,0.23125,0.467714,FOLD
flop,4,26.09,0.0,56.07,0,0.1125,0.0,CHECK
preflop,1,27.96,0.0,101.49,0,0.6375,0.0,BET
river,1,9.65,5.41,92.75,0,0.625,0.35923,CALL
turn,1,32.41,3.71,92.44,0,0.34375,0.102713,CALL
river,4,13.14,5.31,143.73,0,0.6875,0.287805,RAISE
preflop,4,32.54,0.0,26.79,0,0.4,0.0,CHECK
river,4,68.35,7.27,131.23,0,0.975,0.096139,RAISE
preflop,4,24.9,0.0,100.27,0,0.3,0.0,CHECK
river,3,43.89,6.98,55.0,0,0.0,0.137213,FOLD
turn,2,42.76,0.0,54.3,0,0.0125,0.0,CHECK
preflop,3,72.1,7.88,142.06,0,0.30625,0.098525,CALL
preflop,2,46.52,8.13,25.54,0,0.2875,0.148765,CALL
river,2,51.52,22.29,117.32,0,0.01875,0.301992,FOLD
turn,4,55.05,9.65,70.08,0,0.025,0.14915,FOLD
river,1,39.42,0.0,74.31,0,0.975,0.0,BET
turn,1,35.19,1.48,54.05,0,0.79375,0.04036,RAISE
river,1,7.17,7.4,86.74,0,0.25625,0.507893,FOLD
flop,1,14.22,7.97,105.97,0,0.35,0.359171,CALL
flop,1,58.8,31.11,36.9,0,0.55,0.346013,CALL
flop,1,43.57,0.0,24.04,0,0.5375,0.0,CHECK
preflop,2,6.99,3.59,39.44,0,0.25625,0.339319,FOLD
river,3,31.78,24.68,29.83,0,0.0625,0.437124,FOLD
turn,1,57.49,23.05,36.72,0,0.525,0.286193,CALL
flop,3,7.98,8.49,24.93,0,0.04375,0.515483,FOLD
flop,4,26.21,30.89,36.39,0,0.18125,0.540981,FOLD
river,1,43.81,24.03,133.77,0,0.85625,0.354216,RAISE
preflop,2,73.53,0.0,114.91,0,0.4,0.0,CHECK
flop,2,31.66,18.31,110.86,0,0.16875,0.36642,FOLD
preflop,1,79.2,27.86,83.62,0,0.50625,0.260228,CALL
turn,4,73.8,34.16,89.62,0,0.1375,0.316413,FOLD
preflop,2,10.73,0.69,110.63,0,0.2125,0.06042,CALL
preflop,1,61.39,0.0,54.07,0,0.4375,0.0,CHECK
flop,1,14.98,2.96,28.92,0,0.33125,0.164994,CALL
turn,2,59.4,0.0,111.16,0,0.1125,0.0,CHECK
preflop,1,29.26,0.0,128.63,0,0.4625,0.0,CHECK
preflop,1,28.67,0.0,72.72,0,0.3,0.0,CHECK
preflop,2,78.42,32.19,36.04,0,0.45625,0.291023,CALL
river,3,22.55,23.74,134.61,0,0.50625,0.512854,CALL
flop,4,18.79,0.0,115.29,0,0.1875,0.0,CHECK
river,1,21.87,5.33,119.94,0,0.74375,0.195956,RAISE
river,2,47.59,32.33,55.57,0,0.3375,0.40453,FOLD
flop,2,31.53,0.0,109.2,0,0.4875,0.0,CHECK
preflop,2,30.36,2.45,24.21,0,0.225,0.074672,CALL
turn,2,74.36,19.74,63.74,0,0.4,0.209777,CALL
preflop,4,44.89,0.0,96.53,0,0.19375,0.0,CHECK
river,4,24.69,24.62,139.32,0,0.00625,0.49929,FOLD
turn,4,74.33,0.0,75.61,0,0.3375,0.0,CHECK
flop,4,65.29,29.68,110.22,0,0.09375,0.31252,FOLD
flop,4,10.34,0.0,90.29,0,0.13125,0.0,CHECK
flop,4,50.97,0.0,100.44,0,0.26875,0.0,CHECK
river,1,57.96,0.0,39.49,0,0.8375,0.0,BET
preflop,2,63.94,0.0,103.62,0,0.1875,0.0,CHECK
river,4,6.18,1.52,85.08,0,0.0,0.197403,FOLD
preflop,2,12.39,5.9,23.11,0,0.40625,0.322581,CALL
turn,1,25.91,26.26,99.76,0,0.34375,0.503354,FOLD
river,2,38.86,7.28,112.68,0,0.4875,0.157781,CALL
flop,4,73.4,0.0,106.32,0,0.1125,0.0,CHECK
turn,4,60.75,0.0,139.93,0,0.0,0.0,CHECK
river,1,71.23,0.0,43.43,0,0.55,0.0,CHECK
flop,4,71.07,32.56,73.18,0,0.21875,0.314195,FOLD
river,1,53.76,0.0,111.84,0,0.46875,0.0,CHECK
river,3,48.07,0.0,143.76,0,0.00625,0.0,CHECK
turn,2,43.21,21.6,44.92,0,0.1625,0.333282,FOLD
river,2,41.85,0.92,29.31,0,0.875,0.02151,RAISE
flop,2,78.97,26.14,124.73,0,0.50625,0.248692,CALL
turn,1,29.51,22.86,79.63,0,0.85625,0.436509,RAISE
flop,2,13.69,1.63,71.19,0,0.1875,0.106397,CALL
preflop,1,27.27,11.85,34.73,0,0.58125,0.302914,CALL
turn,4,25.7,0.0,51.94,0,0.54375,0.0,CHECK
turn,4,33.26,9.82,128.34,0,0.55,0.227948,CALL
flop,1,19.33,17.19,130.01,0,0.275,0.470701,FOLD
turn,1,35.76,32.64,31.14,0,0.725,0.477193,RAISE
preflop,4,64.17,3.68,110.04,0,0.15,0.054237,CALL
flop,4,20.03,14.59,107.02,0,0.2,0.421433,FOLD
preflop,1,37.45,26.3,53.23,0,0.35,0.412549,FOLD
preflop,2,46.83,0.0,144.44,0,0.575,0.0,CHECK
turn,3,33.48,15.47,95.47,0,0.21875,0.316037,FOLD
turn,1,48.97,17.84,114.24,0,0.6375,0.267026,CALL
flop,2,35.04,8.35,105.7,0,0.275,0.192441,CALL
flop,3,74.61,0.0,96.35,0,0.06875,0.0,CHECK
turn,4,61.2,0.0,58.83,0,0.49375,0.0,CHECK
preflop,3,30.91,6.93,20.58,0,0.1625,0.18314,FOLD
river,3,8.06,2.76,135.41,0,0.0125,0.255083,FOLD
turn,1,13.35,1.81,53.25,0,0.40625,0.119393,CALL
turn,1,60.46,8.76,95.6,0,0.5375,0.126553,CALL
turn,4,15.59,0.0,107.29,0,0.3625,0.0,CHECK
turn,1,79.54,2.49,75.61,0,0.90625,0.030355,RAISE
flop,2,64.62,0.0,117.4,0,0.20625,0.0,CHECK
flop,1,12.66,0.0,51.97,0,0.25,0.0,CHECK
flop,1,27.55,15.38,56.46,0,0.29375,0.358258,FOLD
river,3,77.63,0.0,143.43,0,0.64375,0.0,BET
preflop,2,35.03,15.99,92.58,0,0.4,0.313407,CALL
flop,1,59.19,0.0,114.36,0,0.48125,0.0,CHECK
preflop,4,2.31,1.93,41.02,0,0.2125,0.455189,FOLD
preflop,1,7.92,0.0,128.57,0,0.55,0.0,CHECK
flop,1,61.5,4.83,80.41,0,0.7875,0.072818,RAISE
preflop,3,43.82,3.82,67.01,0,0.40625,0.080185,CALL
turn,4,61.88,0.0,43.37,0,0.0125,0.0,CHECK
preflop,2,75.46,19.93,80.97,0,0.35,0.208932,CALL
flop,3,49.5,0.0,127.65,0,0.21875,0.0,CHECK
flop,1,2.54,0.0,82.15,0,0.2125,0.0,CHECK
river,4,39.32,0.0,21.44,0,0.03125,0.0,CHECK
preflop,4,58.73,0.0,55.5,0,0.2,0.0,CHECK
flop,1,2.85,0.0,108.69,0,0.29375,0.0,CHECK
river,1,21.62,25.34,144.58,0,0.45,0.539608,FOLD
preflop,2,7.93,4.31,38.57,0,0.35,0.352124,CALL
preflop,3,54.72,0.0,26.52,0,0.0875,0.0,CHECK
turn,3,41.39,22.71,41.8,0,0.23125,0.35429,FOLD
turn,2,78.95,29.31,70.66,0,0.0375,0.270737,FOLD
river,2,58.16,0.0,34.42,0,0.10625,0.0,CHECK
flop,1,63.4,1.22,65.75,0,0.35,0.01888,CALL
flop,3,71.95,0.0,39.5,0,0.225,0.0,CHECK
preflop,2,31.12,0.0,148.39,0,0.325,0.0,CHECK
turn,3,38.39,20.26,27.94,0,0.1,0.345439,FOLD
river,3,61.39,27.41,69.73,0,0.9125,0.308671,RAISE
preflop,3,68.77,19.22,121.54,0,0.3,0.218434,CALL
flop,2,13.41,0.0,123.38,0,0.10625,0.0,CHECK
turn,1,62.12,4.18,88.02,0,0.6375,0.063047,CALL
preflop,1,78.11,0.0,142.51,0,0.4375,0.0,CHECK
preflop,4,23.64,8.89,37.78,0,0.25,0.273286,FOLD
turn,4,59.64,0.0,138.86,0,0.15,0.0,CHECK
flop,2,48.38,23.5,47.91,0,0.1,0.326934,FOLD
river,1,6.52,0.0,44.02,0,0.71875,0.0,BET
turn,2,76.96,12.49,72.48,0,0.85,0.139631,RAISE
river,1,66.73,8.85,59.84,0,0.2,0.117094,CALL
turn,2,17.78,0.0,83.84,0,0.29375,0.0,CHECK
river,1,45.68,24.41,38.16,0,0.93125,0.348267,RAISE
turn,1,59.01,30.17,75.28,0,0.24375,0.338305,FOLD
flop,4,29.73,13.45,37.37,0,0.3,0.311487,CALL
preflop,3,34.66,33.94,104.5,0,0.35625,0.494752,FOLD
preflop,4,40.71,15.85,125.43,0,0.1875,0.280233,FOLD
preflop,2,43.21,9.81,93.75,0,0.24375,0.185025,CALL
river,3,7.64,0.0,127.13,0,0.7625,0.0,BET
turn,1,2.74,2.9,95.23,0,0.65,0.514184,RAISE
turn,3,77.83,26.78,75.87,0,0.075,0.255998,FOLD
flop,3,48.73,0.0,104.86,0,0.41875,0.0,CHECK
river,3,36.68,0.0,100.99,0,0.9625,0.0,BET
flop,2,23.22,13.18,147.67,0,0.1875,0.362088,FOLD
flop,2,34.67,0.0,94.59,0,0.16875,0.0,CHECK
river,1,6.55,0.0,106.06,0,0.63125,0.0,BET
turn,3,42.58,0.0,71.97,0,0.26875,0.0,CHECK
river,4,51.23,19.35,138.99,0,0.0,0.274157,FOLD
turn,4,60.16,33.0,120.2,0,0.2125,0.354229,FOLD
river,1,42.9,2.82,58.53,0,0.8875,0.06168,RAISE
preflop,3,34.27,28.72,41.52,0,0.1625,0.455945,FOLD
preflop,3,67.14,25.24,48.78,0,0.1125,0.273219,FOLD
preflop,4,7.44,0.0,63.96,0,0.18125,0.0,CHECK
preflop,4,52.22,32.46,91.7,0,0.15,0.383325,FOLD
preflop,1,61.73,24.91,73.83,0,0.55625,0.287512,CALL
preflop,4,62.79,0.71,94.54,0,0.25,0.011181,CALL
preflop,2,11.62,8.03,71.83,0,0.30625,0.408651,FOLD
flop,1,2.85,0.0,124.06,0,0.29375,0.0,CHECK
preflop,2,24.48,0.0,72.96,0,0.65,0.0,BET
river,2,48.51,0.98,85.29,0,0.0125,0.019802,CALL
turn,1,34.24,4.16,59.93,0,0.55,0.108333,CALL
preflop,2,45.43,0.0,52.47,0,0.28125,0.0,CHECK
preflop,1,64.92,0.0,110.52,0,0.575,0.0,CHECK
flop,2,59.97,0.0,124.6,0,0.3875,0.0,CHECK
preflop,2,75.32,0.0,114.68,0,0.25,0.0,CHECK
river,4,52.28,0.0,28.35,0,0.0625,0.0,CHECK
preflop,4,74.9,13.72,78.59,0,0.11875,0.154818,FOLD
river,1,69.97,12.27,88.09,0,0.975,0.149197,RAISE
turn,1,70.52,6.36,108.53,0,0.4875,0.082726,CALL
river,4,76.68,0.0,58.21,0,0.63125,0.0,BET
flop,2,60.12,0.0,87.49,0,0.26875,0.0,CHECK
preflop,2,25.8,16.7,140.23,0,0.2625,0.392941,FOLD
preflop,2,23.09,10.76,45.9,0,0.35,0.317873,CALL
flop,4,73.89,0.0,140.31,0,0.1625,0.0,CHECK
turn,1,27.39,0.0,74.35,0,0.3,0.0,CHECK
flop,3,32.63,0.0,107.15,0,0.075,0.0,CHECK
preflop,4,24.66,0.98,87.25,0,0.2625,0.038222,CALL
preflop,1,23.55,16.26,51.53,0,0.33125,0.40844,FOLD
flop,1,5.38,3.96,89.08,0,0.4375,0.423983,CALL
flop,1,19.38,15.36,37.98,0,0.54375,0.442142,CALL
turn,4,10.0,9.23,69.84,0,0.0375,0.479979,FOLD
turn,4,13.7,8.29,35.85,0,0.0875,0.37699,FOLD
flop,3,30.25,14.19,89.11,0,0.1125,0.319307,FOLD
turn,1,73.9,18.75,116.84,0,0.775,0.202375,RAISE
preflop,2,65.51,8.15,23.77,0,0.5,0.110643,CALL
turn,4,14.63,0.0,109.45,0,0.00625,0.0,CHECK
river,2,78.47,15.3,67.91,0,0.1375,0.163165,FOLD
preflop,3,61.28,21.92,48.57,0,0.325,0.263462,CALL
turn,2,56.29,3.65,143.16,0,0.40625,0.060894,CALL
preflop,1,27.77,0.0,71.39,0,0.51875,0.0,CHECK
turn,1,8.85,3.98,26.98,0,0.3,0.31021,CALL
turn,1,33.41,0.0,53.42,0,0.63125,0.0,BET
flop,2,48.89,0.0,149.51,0,0.35625,0.0,CHECK
river,2,78.07,0.0,119.91,0,0.13125,0.0,CHECK
river,1,27.33,16.16,91.25,0,0.875,0.37158,RAISE
river,4,74.88,0.0,87.28,0,0.01875,0.0,CHECK
turn,4,24.14,0.0,106.55,0,0.11875,0.0,CHECK
preflop,3,73.86,3.73,97.73,0,0.18125,0.048073,CALL
turn,2,63.44,21.33,68.51,0,0.13125,0.251622,FOLD
preflop,1,39.28,0.0,97.53,0,0.4875,0.0,CHECK
preflop,4,44.86,23.75,49.95,0,0.14375,0.346159,FOLD
turn,3,2.2,2.29,27.94,0,0.2,0.510022,FOLD
river,3,59.17,24.0,106.56,0,0.075,0.288566,FOLD
preflop,3,37.31,25.6,65.48,0,0.1875,0.406931,FOLD
flop,4,61.09,0.0,107.68,0,0.04375,0.0,CHECK
river,1,65.31,0.0,109.84,0,0.81875,0.0,BET
river,1,35.63,18.57,105.02,0,0.18125,0.34262,FOLD
river,1,52.0,5.51,80.21,0,0.95,0.095809,RAISE
turn,2,10.55,3.14,125.29,0,0.4375,0.229364,CALL
flop,3,5.31,0.0,131.65,0,0.2125,0.0,CHECK
flop,4,75.39,0.0,97.14,0,0.175,0.0,CHECK
preflop,2,70.81,8.53,117.25,0,0.275,0.107512,CALL
preflop,4,5.44,0.0,116.81,0,0.08125,0.0,CHECK
preflop,3,19.86,17.23,120.89,0,0.2125,0.464546,FOLD
preflop,2,44.17,0.0,33.3,0,0.3,0.0,CHECK
river,1,39.82,18.48,107.56,0,1.0,0.316981,RAISE
river,4,52.9,16.12,88.56,0,0.01875,0.233555,FOLD
river,3,22.39,0.0,147.54,0,0.0375,0.0,CHECK
river,4,22.16,19.42,121.79,0,0.9125,0.467051,RAISE
turn,3,12.03,0.0,102.86,0,0.225,0.0,CHECK
preflop,3,65.89,11.16,135.32,0,0.19375,0.144841,CALL
turn,1,69.89,13.48,72.84,0,0.5625,0.161689,CALL
flop,1,65.26,10.25,37.08,0,0.8625,0.135744,RAISE
preflop,3,22.13,11.62,49.86,0,0.4,0.344296,CALL
river,2,39.72,0.0,92.58,0,0.5375,0.0,CHECK
river,3,34.53,34.94,77.4,0,0.1625,0.502951,FOLD
turn,2,4.75,5.3,98.18,0,0.15,0.527363,FOLD
flop,4,77.97,24.46,82.37,0,0.0875,0.238797,FOLD
river,3,15.05,3.61,88.32,0,0.3,0.193462,CALL
turn,2,18.54,0.0,80.77,0,0.2375,0.0,CHECK
preflop,1,7.7,0.0,89.69,0,0.49375,0.0,CHECK
turn,1,65.69,19.22,59.71,0,0.93125,0.226357,RAISE
preflop,3,48.79,0.0,129.07,0,0.2375,0.0,CHECK
river,3,58.02,0.0,32.76,0,0.3625,0.0,CHECK
preflop,1,58.96,0.0,136.46,0,0.34375,0.0,CHECK
turn,1,42.06,0.0,128.35,0,0.44375,0.0,CHECK
preflop,3,33.42,0.0,108.33,0,0.41875,0.0,CHECK
river,3,9.99,2.7,95.77,0,0.0,0.212766,FOLD
turn,2,15.73,2.98,105.35,0,0.2125,0.159273,CALL
river,4,35.42,0.0,73.09,0,0.7875,0.0,BET
flop,1,48.53,0.0,39.47,0,0.675,0.0,BET
flop,4,6.64,0.0,62.51,0,0.075,0.0,CHECK
turn,1,44.97,0.0,97.81,0,0.8,0.0,BET
flop,4,12.58,1.67,43.81,0,0.30625,0.117193,CALL
flop,3,13.19,7.14,95.48,0,0.16875,0.351205,FOLD
turn,3,11.98,4.96,65.85,0,0.41875,0.292798,CALL
flop,1,73.33,0.0,87.34,0,0.48125,0.0,CHECK
preflop,4,66.29,29.36,32.95,0,0.08125,0.306952,FOLD
turn,4,16.43,0.0,115.84,0,0.2,0.0,CHECK
river,2,41.98,0.0,149.99,0,0.7625,0.0,BET
river,3,62.52,0.0,89.28,0,0.1,0.0,CHECK
preflop,2,73.14,20.28,34.88,0,0.4125,0.217084,CALL
turn,4,40.02,0.0,105.58,0,0.2125,0.0,CHECK
flop,2,56.67,0.0,62.87,0,0.2125,0.0,CHECK
river,3,16.48,1.62,32.31,0,0.10625,0.089503,CALL
preflop,3,41.29,29.67,125.04,0,0.11875,0.418123,FOLD
river,1,43.99,0.0,73.75,0,0.925,0.0,BET
flop,3,55.43,0.0,121.64,0,0.15,0.0,CHECK
preflop,1,2.14,0.0,56.11,0,0.65,0.0,BET
preflop,3,2.52,2.29,67.69,0,0.28125,0.476091,FOLD
flop,1,37.64,16.34,85.44,0,0.6,0.302705,CALL
flop,2,21.22,0.0,31.19,0,0.1375,0.0,CHECK
turn,1,46.95,6.54,126.91,0,0.53125,0.122266,CALL
preflop,4,60.37,0.0,75.62,0,0.275,0.0,CHECK
flop,3,56.64,1.06,46.75,0,0.45625,0.018371,CALL
turn,2,39.23,7.78,143.15,0,0.0625,0.165497,FOLD
preflop,2,60.8,0.0,41.75,0,0.34375,0.0,CHECK
turn,2,52.57,0.0,48.93,0,0.175,0.0,CHECK
flop,2,16.62,13.64,84.81,0,0.1375,0.45076,FOLD
turn,4,8.47,1.22,20.2,0,0.08125,0.125903,FOLD
river,4,15.45,3.14,98.1,0,0.33125,0.168908,CALL
flop,3,31.21,0.0,131.39,0,0.28125,0.0,CHECK
preflop,3,36.29,3.05,118.16,0,0.25625,0.077529,CALL
turn,2,18.91,0.0,37.44,0,0.45625,0.0,CHECK
preflop,4,45.06,29.04,25.87,0,0.13125,0.391903,FOLD
turn,2,60.49,26.72,103.12,0,0.28125,0.306387,FOLD
flop,4,6.73,0.0,67.73,0,0.75625,0.0,BET
preflop,3,16.77,18.76,42.54,0,0.175,0.528005,FOLD
preflop,1,24.16,3.7,42.52,0,0.56875,0.132807,CALL
turn,4,31.28,0.0,68.74,0,0.35,0.0,CHECK
flop,1,41.72,3.96,41.11,0,0.7125,0.08669,RAISE
turn,3,23.11,0.0,59.5,0,0.69375,0.0,BET
river,4,42.66,0.0,136.67,0,0.0,0.0,CHECK
flop,2,16.84,9.87,119.03,0,0.3625,0.369525,CALL
turn,3,76.05,0.0,95.85,0,0.2125,0.0,CHECK
flop,2,45.3,6.97,132.91,0,0.15,0.133346,CALL
river,3,63.2,0.0,102.48,0,0.89375,0.0,BET
turn,3,11.38,6.5,81.08,0,0.15625,0.363535,FOLD
preflop,4,35.26,0.0,107.93,0,0.1375,0.0,CHECK
turn,3,55.64,12.06,32.99,0,0.33125,0.178139,CALL
turn,3,60.7,20.95,138.11,0,0.075,0.256583,FOLD
flop,4,20.7,21.4,100.71,0,0.05,0.508314,FOLD
preflop,3,58.78,0.0,33.65,0,0.2375,0.0,CHECK
preflop,3,6.88,2.56,78.74,0,0.24375,0.271186,FOLD
flop,2,8.72,6.2,104.34,0,0.2375,0.41555,FOLD
flop,1,16.73,17.85,146.75,0,0.475,0.516194,FOLD
preflop,3,25.85,3.42,72.16,0,0.26875,0.116843,CALL
turn,2,75.18,4.27,61.77,0,0.225,0.053744,CALL
preflop,1,45.8,7.28,47.15,0,0.4875,0.137151,CALL
preflop,2,13.04,9.68,44.28,0,0.2875,0.426056,FOLD
turn,2,70.32,0.0,106.36,0,0.13125,0.0,CHECK
preflop,2,79.31,0.86,58.39,0,0.40625,0.010727,CALL
preflop,3,8.47,0.0,39.25,0,0.15625,0.0,CHECK
preflop,2,33.85,0.0,70.19,0,0.34375,0.0,CHECK
flop,2,24.15,3.87,137.64,0,0.3875,0.138116,CALL
flop,1,43.23,3.28,145.44,0,0.3375,0.070522,CALL
flop,2,77.18,34.61,22.47,0,0.50625,0.309598,CALL
flop,2,79.65,0.0,89.89,0,0.70625,0.0,BET
river,2,51.61,24.52,143.34,0,0.8625,0.322081,RAISE
turn,3,47.34,0.0,92.74,0,0.00625,0.0,CHECK
river,3,77.38,26.51,134.35,0,0.0,0.255174,FOLD
preflop,2,77.27,0.0,56.37,0,0.19375,0.0,CHECK
river,1,40.53,0.85,90.55,0,0.9625,0.020541,RAISE
river,4,33.65,31.99,136.58,0,0.0,0.487355,FOLD
preflop,4,69.02,0.0,90.4,0,0.4375,0.0,CHECK
flop,1,59.46,26.9,135.11,0,0.4625,0.311487,CALL
flop,2,79.8,0.0,60.9,0,0.1875,0.0,CHECK
flop,4,28.98,18.94,33.88,0,0.01875,0.395242,FOLD
preflop,1,9.46,2.03,78.14,0,0.59375,0.176675,CALL
turn,3,37.39,0.0,106.85,0,0.43125,0.0,CHECK
preflop,1,5.62,1.63,122.19,0,0.475,0.224828,CALL
preflop,3,36.94,0.0,87.28,0,0.2625,0.0,CHECK
river,4,51.08,0.0,119.47,0,0.19375,0.0,CHECK
turn,4,9.07,6.23,140.9,0,0.26875,0.40719,FOLD
river,1,16.65,7.36,84.9,0,0.30625,0.306539,CALL
preflop,2,63.28,30.42,140.4,0,0.26875,0.324653,FOLD
turn,3,74.4,25.69,47.18,0,0.18125,0.256669,FOLD
turn,4,53.19,0.0,81.38,0,0.275,0.0,CHECK
turn,4,47.23,26.92,71.16,0,0.13125,0.363048,FOLD
turn,4,10.31,0.0,95.58,0,0.4,0.0,CHECK
river,3,7.47,2.72,50.89,0,0.0,0.266928,FOLD
flop,1,16.21,11.13,49.74,0,0.2,0.407096,FOLD
flop,4,70.92,0.0,97.57,0,0.175,0.0,CHECK
preflop,2,31.48,30.08,92.35,0,0.19375,0.488629,FOLD
flop,2,67.77,0.0,21.72,0,0.1875,0.0,CHECK
turn,4,25.99,4.78,117.8,0,0.35625,0.155346,CALL
turn,4,62.13,24.11,126.46,0,0.06875,0.279569,FOLD
flop,1,71.41,1.8,83.61,0,0.6375,0.024587,CALL
flop,3,23.45,0.0,65.29,0,0.41875,0.0,CHECK
turn,3,2.45,0.0,48.8,0,0.4625,0.0,CHECK
preflop,3,66.75,4.63,65.09,0,0.55625,0.064864,CALL
turn,4,76.58,0.0,75.85,0,0.0625,0.0,CHECK
flop,4,62.89,30.18,72.03,0,0.6,0.324272,CALL
river,1,69.28,0.0,109.85,0,0.65,0.0,BET
turn,4,13.24,0.0,147.34,0,0.15625,0.0,CHECK
river,3,65.77,0.0,100.28,0,0.0125,0.0,CHECK
river,2,18.61,0.0,80.73,0,0.35625,0.0,CHECK
river,2,16.79,5.73,77.41,0,0.19375,0.25444,FOLD
turn,3,66.92,25.46,110.91,0,0.4,0.275601,CALL
preflop,3,61.68,0.0,37.48,0,0.1375,0.0,CHECK
preflop,3,42.78,0.0,73.86,0,0.3375,0.0,CHECK
turn,4,26.53,0.0,133.64,0,0.14375,0.0,CHECK
river,1,35.63,0.0,134.07,0,0.9625,0.0,BET
turn,1,70.12,0.0,90.04,0,0.30625,0.0,CHECK
flop,1,11.86,0.0,97.84,0,0.4625,0.0,CHECK
river,2,36.38,2.42,141.88,0,0.0,0.062371,FOLD
flop,2,53.78,8.34,92.16,0,0.83125,0.134256,RAISE
preflop,1,54.75,3.71,131.96,0,0.5625,0.063462,CALL
preflop,1,58.65,0.0,71.57,0,0.6625,0.0,BET
preflop,1,20.93,15.15,113.72,0,0.5375,0.4199,CALL
flop,3,3.58,3.13,131.02,0,0.35,0.466468,FOLD
preflop,2,5.75,0.0,27.51,0,0.4,0.0,CHECK
preflop,2,26.99,21.78,95.5,0,0.30625,0.446586,FOLD
preflop,3,42.26,34.62,137.6,0,0.26875,0.450312,FOLD
river,1,65.33,2.45,106.41,0,0.4,0.036146,CALL
preflop,1,55.85,29.53,144.6,0,0.3,0.345866,FOLD
preflop,2,11.12,8.77,108.98,0,0.3625,0.440925,FOLD
flop,3,61.2,0.0,115.94,0,0.05625,0.0,CHECK
preflop,2,31.2,14.39,26.68,0,0.225,0.315639,FOLD
preflop,2,79.03,0.0,31.64,0,0.53125,0.0,CHECK
turn,1,49.85,0.0,82.43,0,0.43125,0.0,CHECK
river,1,73.15,11.3,126.18,0,0.98125,0.133807,RAISE
preflop,4,71.92,0.0,112.26,0,0.275,0.0,CHECK
preflop,2,77.16,23.39,119.63,0,0.36875,0.232621,CALL
flop,3,78.48,0.0,107.47,0,0.06875,0.0,CHECK
flop,4,14.87,4.21,54.85,0,0.25,0.22065,CALL
preflop,3,25.59,30.3,140.75,0,0.13125,0.542136,FOLD
river,4,17.84,7.66,83.41,0,0.2125,0.300392,FOLD
flop,2,21.55,20.43,107.8,0,0.34375,0.48666,FOLD
preflop,4,33.16,25.45,62.55,0,0.225,0.434226,FOLD
flop,1,18.68,18.63,43.37,0,0.375,0.49933,FOLD
turn,4,52.74,1.57,25.64,0,0.075,0.028908,CALL
turn,3,35.52,0.0,140.16,0,0.20625,0.0,CHECK
preflop,2,29.05,1.95,65.63,0,0.36875,0.062903,CALL
river,2,59.41,7.41,88.03,0,0.5125,0.110895,CALL
turn,1,73.48,0.0,67.16,0,0.89375,0.0,BET
river,3,31.23,0.0,141.09,0,0.375,0.0,CHECK
preflop,2,66.58,0.0,100.34,0,0.21875,0.0,CHECK
preflop,4,2.56,0.0,118.74,0,0.29375,0.0,CHECK
flop,2,23.03,0.0,107.01,0,0.23125,0.0,CHECK
turn,1,53.55,0.0,86.24,0,0.9,0.0,BET
river,4,58.69,4.23,147.36,0,0.0125,0.067228,FOLD
preflop,4,6.12,6.57,50.65,0,0.15625,0.51773,FOLD
river,1,14.41,7.9,68.85,0,0.18125,0.354101,FOLD
preflop,1,36.82,0.0,147.75,0,0.4625,0.0,CHECK
flop,4,78.02,33.4,47.86,0,0.0625,0.299767,FOLD
turn,2,59.34,7.11,115.65,0,0.15,0.106998,CALL
flop,2,19.43,0.0,138.77,0,0.6875,0.0,BET
preflop,1,56.76,0.0,81.98,0,0.44375,0.0,CHECK
turn,2,75.0,8.94,37.95,0,0.1625,0.106505,CALL
preflop,3,40.26,0.0,108.17,0,0.3,0.0,CHECK
preflop,2,30.9,0.0,145.15,0,0.275,0.0,CHECK
river,1,47.57,0.0,114.63,0,0.625,0.0,BET
river,2,60.55,24.94,148.94,0,0.56875,0.29173,CALL
river,1,61.3,10.18,77.15,0,0.9625,0.142417,RAISE
river,4,32.56,33.06,79.38,0,0.04375,0.50381,FOLD
preflop,4,2.94,0.0,77.35,0,0.28125,0.0,CHECK
flop,4,39.82,0.0,23.0,0,0.2375,0.0,CHECK
river,4,61.31,33.81,54.8,0,0.325,0.355446,FOLD
preflop,1,50.35,1.8,57.19,0,0.53125,0.034516,CALL
flop,4,42.01,0.0,69.38,0,0.0375,0.0,CHECK
preflop,3,74.39,0.0,91.09,0,0.30625,0.0,CHECK
preflop,2,4.41,0.0,142.23,0,0.30625,0.0,CHECK
preflop,2,61.6,10.63,44.34,0,0.35625,0.147169,CALL
river,4,2.88,0.0,83.54,0,0.0,0.0,CHECK
turn,4,8.44,0.0,132.26,0,0.05625,0.0,CHECK
preflop,1,3.48,3.18,43.67,0,0.675,0.477477,RAISE
preflop,1,43.46,9.92,54.99,0,0.50625,0.185837,CALL
turn,3,20.27,16.18,32.74,0,0.0875,0.443896,FOLD
preflop,4,72.99,32.0,126.55,0,0.175,0.304791,FOLD
turn,4,16.06,3.12,24.3,0,0.39375,0.162669,CALL
preflop,2,62.49,12.36,137.15,0,0.4625,0.16513,CALL
flop,2,59.21,5.28,95.96,0,0.1625,0.081873,CALL
river,1,68.13,18.37,46.89,0,0.10625,0.21237,FOLD
turn,1,59.15,0.0,41.4,0,0.41875,0.0,CHECK
preflop,3,72.75,0.0,35.11,0,0.4,0.0,CHECK
turn,4,44.24,14.57,36.3,0,0.3875,0.247747,CALL
flop,1,72.11,0.0,100.43,0,0.16875,0.0,CHECK
flop,1,21.52,0.0,117.29,0,0.25,0.0,CHECK
river,2,7.89,0.0,125.07,0,0.3375,0.0,CHECK
turn,2,46.63,5.7,147.28,0,0.375,0.108924,CALL
flop,4,4.08,0.77,78.48,0,0.15625,0.158763,CALL
river,2,9.41,0.0,99.98,0,0.1375,0.0,CHECK
preflop,1,55.52,0.0,121.05,0,0.35,0.0,CHECK
flop,2,44.52,0.0,111.36,0,0.15,0.0,CHECK
river,1,22.13,0.0,127.36,0,0.175,0.0,CHECK
river,1,21.8,0.0,142.86,0,0.4625,0.0,CHECK
preflop,3,14.8,0.0,113.11,0,0.29375,0.0,CHECK
preflop,1,22.46,0.0,103.19,0,0.5125,0.0,CHECK
preflop,4,38.44,23.98,103.79,0,0.13125,0.384172,FOLD
river,4,78.68,3.78,29.97,0,0.0875,0.04584,CALL
river,3,55.15,16.71,118.48,0,0.00625,0.232535,FOLD
river,2,61.91,0.0,89.94,0,0.275,0.0,CHECK
turn,4,2.8,0.59,67.56,0,0.28125,0.174041,CALL
preflop,3,38.52,0.0,98.05,0,0.50625,0.0,CHECK
flop,2,76.57,0.0,76.72,0,0.34375,0.0,CHECK
preflop,3,79.36,21.21,36.23,0,0.2875,0.210898,CALL
preflop,1,58.67,0.0,93.0,0,0.525,0.0,CHECK
river,3,7.99,1.56,43.7,0,0.2125,0.163351,CALL
preflop,3,74.27,0.0,44.83,0,0.16875,0.0,CHECK
turn,4,20.02,12.27,143.83,0,0.44375,0.379994,CALL
turn,1,33.44,0.0,103.54,0,0.775,0.0,BET
turn,4,59.15,0.0,22.77,0,0.1125,0.0,CHECK
turn,1,43.32,33.15,48.69,0,0.76875,0.433503,RAISE
preflop,4,76.75,0.0,115.06,0,0.325,0.0,CHECK
turn,3,40.82,0.0,94.5,0,0.1125,0.0,CHECK
preflop,1,58.9,29.53,36.76,0,0.36875,0.333936,CALL
turn,1,14.69,0.0,146.82,0,0.59375,0.0,CHECK
turn,2,57.52,0.0,49.03,0,0.325,0.0,CHECK
flop,3,48.98,0.0,135.65,0,0.1625,0.0,CHECK
river,3,54.71,33.18,92.18,0,0.175,0.377517,FOLD
river,2,12.0,8.3,66.16,0,0.075,0.408867,FOLD
preflop,1,77.79,7.63,140.22,0,0.4375,0.089323,CALL
preflop,4,77.82,0.0,147.49,0,0.11875,0.0,CHECK
turn,1,40.07,7.53,142.0,0,0.1375,0.158193,FOLD
preflop,3,56.97,0.0,41.15,0,0.325,0.0,CHECK
flop,4,6.54,3.85,37.03,0,0.3125,0.370549,FOLD
preflop,4,72.25,0.0,132.81,0,0.2,0.0,CHECK
river,3,18.01,0.0,73.63,0,0.35,0.0,CHECK
river,3,78.37,3.27,43.95,0,0.0,0.040054,FOLD
turn,1,19.04,19.77,135.1,0,0.325,0.509405,FOLD
turn,3,67.64,0.0,59.41,0,0.40625,0.0,CHECK
river,1,69.04,0.0,29.34,0,0.425,0.0,CHECK
preflop,3,57.61,15.99,111.61,0,0.3375,0.217255,CALL
turn,1,15.47,13.95,24.82,0,0.8,0.474167,RAISE
flop,2,55.35,0.0,144.8,0,0.1125,0.0,CHECK
turn,1,58.0,0.0,135.81,0,0.19375,0.0,CHECK
turn,2,15.8,14.84,134.46,0,0.50625,0.484334,CALL
river,4,37.33,32.73,25.1,0,0.225,0.467171,FOLD
river,4,52.92,9.9,70.58,0,0.23125,0.157593,CALL
preflop,2,79.85,6.45,40.88,0,0.3125,0.074739,CALL
river,4,17.05,11.18,52.44,0,0.525,0.396033,CALL
turn,2,53.63,8.93,112.1,0,0.525,0.142743,CALL
turn,1,57.18,0.0,76.56,0,0.4125,0.0,CHECK
preflop,1,12.25,9.12,136.58,0,0.4125,0.426766,CALL
preflop,1,6.3,7.29,111.25,0,0.31875,0.536424,FOLD
river,1,68.38,0.0,95.23,0,0.19375,0.0,CHECK
flop,4,67.38,0.0,50.07,0,0.0375,0.0,CHECK
river,2,43.01,0.0,39.14,0,0.78125,0.0,BET
turn,2,50.8,8.41,66.56,0,0.7375,0.142037,RAISE
preflop,3,73.61,4.85,135.01,0,0.15625,0.061815,CALL
preflop,2,75.76,8.2,41.67,0,0.25625,0.097666,CALL
river,4,62.06,33.38,129.29,0,0.0,0.349749,FOLD
preflop,3,46.89,0.0,116.58,0,0.1875,0.0,CHECK
preflop,2,37.81,17.2,20.77,0,0.65625,0.31267,RAISE
flop,4,58.16,0.0,106.51,0,0.075,0.0,CHECK
preflop,4,72.52,0.0,147.82,0,0.275,0.0,CHECK
turn,2,13.02,6.85,124.4,0,0.3,0.344741,FOLD
turn,2,45.01,0.0,99.19,0,0.0,0.0,CHECK
river,1,35.87,18.48,51.83,0,0.825,0.340018,RAISE
turn,2,65.24,10.14,124.72,0,0.075,0.134518,FOLD
preflop,4,73.44,0.0,129.16,0,0.25625,0.0,CHECK
preflop,4,76.25,0.0,97.96,0,0.1875,0.0,CHECK
turn,2,53.48,1.73,38.71,0,0.0875,0.031335,CALL
river,1,42.7,13.94,44.47,0,0.7625,0.246116,RAISE
flop,3,56.85,0.0,132.58,0,0.2875,0.0,CHECK
flop,1,59.16,0.0,108.12,0,0.175,0.0,CHECK
river,1,42.85,33.99,128.62,0,0.6875,0.442348,RAISE
preflop,1,15.15,0.0,111.48,0,0.3875,0.0,CHECK
preflop,3,17.19,14.11,25.03,0,0.33125,0.450799,FOLD
turn,4,76.25,0.0,105.33,0,0.05,0.0,CHECK
flop,1,51.15,1.95,46.35,0,0.5625,0.036723,CALL
river,4,8.57,2.7,98.4,0,0.075,0.239574,FOLD
flop,1,35.75,22.82,141.49,0,0.3375,0.389619,FOLD
flop,3,33.41,7.07,51.67,0,0.1125,0.174654,FOLD
preflop,2,57.26,0.0,28.59,0,0.2875,0.0,CHECK
river,3,55.37,0.0,104.67,0,0.625,0.0,BET
preflop,4,21.65,8.13,49.21,0,0.375,0.273002,CALL
turn,2,32.59,6.83,76.67,0,0.275,0.173262,CALL
flop,3,54.18,27.33,23.55,0,0.3125,0.335296,FOLD
flop,3,38.29,0.0,24.51,0,0.25,0.0,CHECK
preflop,3,34.9,10.34,37.01,0,0.34375,0.228559,CALL
turn,3,3.96,3.89,113.06,0,0.0,0.495541,FOLD
flop,3,10.97,5.56,135.54,0,0.20625,0.336358,FOLD
preflop,3,21.45,0.0,46.78,0,0.175,0.0,CHECK
turn,2,45.12,28.47,20.08,0,0.20625,0.386873,FOLD
river,2,70.15,0.0,127.97,0,0.1375,0.0,CHECK
turn,1,39.63,0.0,140.7,0,0.20625,0.0,CHECK
river,3,18.29,16.37,76.24,0,0.98125,0.472302,RAISE
flop,4,25.98,0.0,50.67,0,0.11875,0.0,CHECK
preflop,3,47.54,0.0,144.34,0,0.21875,0.0,CHECK
flop,2,14.73,0.0,108.26,0,0.41875,0.0,CHECK
flop,2,79.5,20.8,135.19,0,0.1125,0.207378,FOLD
river,4,13.69,1.77,121.94,0,0.4875,0.114489,CALL
flop,2,37.65,4.84,43.46,0,0.20625,0.113909,CALL
preflop,1,26.09,12.72,47.13,0,0.49375,0.327751,CALL
river,2,75.54,0.0,115.23,0,0.00625,0.0,CHECK
flop,4,28.38,0.0,97.09,0,0.025,0.0,CHECK
river,2,28.69,29.34,63.57,0,0.075,0.505601,FOLD
river,3,40.1,33.51,55.76,0,0.23125,0.455237,FOLD
river,3,10.54,0.0,122.18,0,0.7375,0.0,BET
river,2,56.54,0.0,82.24,0,0.4125,0.0,CHECK
flop,3,6.1,3.84,140.84,0,0.3625,0.386318,FOLD
river,4,47.74,0.0,93.13,0,0.0,0.0,CHECK
turn,3,75.46,0.0,135.07,0,0.21875,0.0,CHECK
river,1,16.49,8.33,38.97,0,0.88125,0.335616,RAISE
preflop,3,68.82,2.64,148.63,0,0.25625,0.036944,CALL
turn,3,24.5,0.0,125.11,0,0.56875,0.0,CHECK
turn,2,75.55,0.0,113.21,0,0.075,0.0,CHECK
preflop,1,18.01,0.0,35.65,0,0.55,0.0,CHECK
river,1,47.47,0.0,63.49,0,0.0875,0.0,CHECK
turn,3,46.17,34.69,39.19,0,0.625,0.429013,CALL
river,4,41.81,26.93,111.32,0,0.15625,0.391766,FOLD
river,4,49.56,9.49,65.38,0,0.0,0.160711,FOLD
river,2,29.54,5.58,109.33,0,0.0,0.158884,FOLD
turn,4,60.24,31.5,147.55,0,0.0375,0.343362,FOLD
flop,1,16.12,2.22,56.78,0,0.4125,0.121047,CALL
river,4,75.62,23.38,113.77,0,0.05,0.236162,FOLD
river,3,33.76,22.28,31.42,0,0.0,0.397573,FOLD
flop,4,45.1,0.0,23.57,0,0.125,0.0,CHECK
turn,2,15.59,0.0,84.05,0,0.41875,0.0,CHECK
turn,1,8.95,3.25,70.76,0,0.28125,0.266393,CALL
turn,3,53.79,8.34,55.66,0,0.05,0.134235,FOLD
preflop,2,38.66,13.84,146.02,0,0.4,0.263619,CALL
turn,4,64.77,12.03,106.85,0,0.225,0.156641,CALL
river,2,75.71,2.64,89.75,0,0.9125,0.033695,RAISE
turn,2,78.95,21.48,42.43,0,0.25,0.21388,CALL
flop,2,67.44,30.15,31.76,0,0.11875,0.308946,FOLD
preflop,2,55.12,0.0,145.18,0,0.45625,0.0,CHECK
turn,1,37.87,0.0,49.34,0,0.21875,0.0,CHECK
flop,4,41.73,6.26,147.28,0,0.04375,0.130444,FOLD
river,3,71.24,0.0,112.97,0,0.0,0.0,CHECK
turn,2,41.35,9.01,46.98,0,0.9625,0.178912,RAISE
river,1,24.6,0.0,134.0,0,0.0125,0.0,CHECK
river,2,19.09,7.82,23.99,0,0.60625,0.290598,CALL
river,3,69.42,27.76,36.79,0,1.0,0.285655,RAISE
turn,2,77.9,0.0,28.91,0,0.1375,0.0,CHECK
turn,1,36.97,3.0,103.74,0,0.4,0.075056,CALL
turn,3,63.44,0.0,25.48,0,0.125,0.0,CHECK
river,1,30.49,0.0,87.24,0,0.35,0.0,CHECK
river,4,3.89,4.38,130.98,0,0.3625,0.529625,FOLD
turn,2,21.91,20.42,36.85,0,0.6875,0.4824,RAISE
turn,1,9.7,9.66,107.43,0,0.91875,0.498967,RAISE
turn,3,44.55,4.91,64.7,0,0.3625,0.099272,CALL
turn,4,12.11,0.0,91.46,0,0.0,0.0,CHECK
flop,3,7.32,7.19,95.2,0,0.26875,0.49552,FOLD
preflop,1,45.72,0.0,61.37,0,0.5875,0.0,CHECK
river,3,52.94,27.4,148.12,0,0.0875,0.341051,FOLD
turn,1,55.51,8.53,124.72,0,0.06875,0.133198,FOLD
river,4,39.01,25.15,137.88,0,0.0125,0.391989,FOLD
turn,2,33.01,0.0,60.64,0,0.2125,0.0,CHECK
river,2,73.7,18.56,123.49,0,0.86875,0.201171,RAISE
flop,4,46.1,10.43,94.19,0,0.0875,0.184504,FOLD
flop,2,65.27,0.0,27.3,0,0.00625,0.0,CHECK
turn,1,25.05,0.0,148.13,0,0.1625,0.0,CHECK
river,2,9.56,5.55,55.77,0,0.0,0.367306,FOLD
preflop,1,40.47,0.0,120.52,0,0.5875,0.0,CHECK
turn,1,53.48,13.71,53.16,0,0.71875,0.204048,RAISE
flop,4,16.79,19.43,120.16,0,0.08125,0.536444,FOLD
turn,1,66.6,0.0,87.4,0,0.875,0.0,BET
flop,1,28.53,13.27,54.05,0,0.70625,0.317464,RAISE
turn,4,48.11,27.69,147.44,0,0.075,0.365303,FOLD
turn,1,38.29,0.0,99.04,0,0.3875,0.0,CHECK
river,4,59.08,0.0,28.69,0,0.0,0.0,CHECK
river,1,60.69,0.0,93.64,0,0.8,0.0,BET
flop,3,15.38,14.4,80.41,0,0.4375,0.483546,FOLD
flop,4,58.46,1.66,42.56,0,0.325,0.027611,CALL
flop,1,68.07,0.0,42.1,0,0.43125,0.0,CHECK
river,4,22.35,4.5,39.13,0,0.1125,0.167598,FOLD
flop,4,32.36,25.22,147.69,0,0.1,0.437999,FOLD
flop,4,30.97,0.0,111.49,0,0.1875,0.0,CHECK
preflop,2,17.65,16.0,144.01,0,0.2875,0.475483,FOLD
turn,2,50.41,0.0,120.55,0,0.2375,0.0,CHECK
turn,3,32.77,0.0,128.14,0,0.1625,0.0,CHECK
turn,1,15.62,0.0,64.45,0,0.55,0.0,CHECK
river,4,47.2,13.72,113.86,0,0.0,0.225213,FOLD
river,3,29.48,8.16,148.66,0,0.125,0.216791,FOLD
river,2,9.01,5.49,60.89,0,0.0375,0.378621,FOLD
preflop,1,18.74,9.33,27.12,0,0.4625,0.332383,CALL
preflop,4,75.19,0.0,51.9,0,0.19375,0.0,CHECK
river,3,46.82,0.0,99.59,0,0.74375,0.0,BET
turn,2,44.06,0.0,72.96,0,0.0625,0.0,CHECK
turn,1,26.28,17.05,130.4,0,0.9,0.393492,RAISE
turn,1,37.34,5.83,35.95,0,0.38125,0.135047,CALL
river,2,26.11,4.4,45.67,0,0.3125,0.144215,CALL
flop,4,30.65,0.0,52.31,0,0.075,0.0,CHECK
preflop,3,71.04,3.45,95.57,0,0.11875,0.046315,CALL
preflop,3,66.0,0.0,45.66,0,0.31875,0.0,CHECK
turn,3,55.7,24.31,127.32,0,0.45625,0.303837,CALL
preflop,4,72.79,0.0,60.94,0,0.21875,0.0,CHECK
river,1,17.24,17.74,89.88,0,0.7875,0.507147,RAISE
river,2,26.84,0.0,40.21,0,0.225,0.0,CHECK
preflop,3,37.62,1.1,41.53,0,0.15,0.028409,CALL
flop,1,16.19,12.6,96.93,0,0.74375,0.437652,RAISE
turn,3,49.84,0.0,71.3,0,0.11875,0.0,CHECK
turn,1,67.29,0.0,56.17,0,0.93125,0.0,BET
flop,1,22.22,0.0,122.07,0,0.65625,0.0,BET
flop,4,51.05,33.75,25.87,0,0.38125,0.397995,CALL
preflop,3,6.14,2.53,112.48,0,0.15,0.291811,FOLD
turn,4,61.1,0.0,77.3,0,0.38125,0.0,CHECK
river,3,27.77,0.0,42.93,0,0.26875,0.0,CHECK
river,3,42.24,6.02,24.76,0,0.75625,0.124741,RAISE
turn,2,66.58,32.28,135.36,0,0.79375,0.326522,RAISE
river,3,47.08,23.42,135.02,0,0.05,0.332199,FOLD
flop,1,25.74,25.76,21.27,0,0.575,0.500194,CALL
preflop,3,52.8,0.0,129.77,0,0.2375,0.0,CHECK
river,4,10.34,0.0,103.29,0,0.0,0.0,CHECK
river,1,45.36,0.0,128.29,0,0.6625,0.0,BET
flop,2,36.61,30.61,118.63,0,0.15,0.45537,FOLD
preflop,2,49.66,0.0,60.94,0,0.3,0.0,CHECK
turn,4,77.82,20.49,92.77,0,0.48125,0.208422,CALL
turn,4,36.59,25.58,107.69,0,0.08125,0.411452,FOLD
flop,1,61.19,0.0,133.77,0,0.8,0.0,BET
preflop,2,49.93,0.0,41.53,0,0.325,0.0,CHECK
preflop,1,60.19,13.39,73.44,0,0.49375,0.181979,CALL
preflop,2,56.62,0.0,78.8,0,0.1875,0.0,CHECK
turn,4,50.85,33.94,146.35,0,0.15,0.400283,FOLD
preflop,1,3.27,0.0,129.61,0,0.6375,0.0,BET
preflop,4,53.3,3.79,78.58,0,0.23125,0.066386,CALL
flop,2,5.3,0.0,52.27,0,0.925,0.0,BET
preflop,2,5.1,3.17,51.46,0,0.5375,0.383313,CALL
preflop,2,79.74,0.0,136.25,0,0.21875,0.0,CHECK
turn,1,28.66,0.0,109.06,0,0.9375,0.0,BET
flop,3,44.48,6.91,93.33,0,0.15,0.134462,CALL
turn,4,43.39,20.22,148.35,0,0.11875,0.317875,FOLD
preflop,2,34.71,0.0,29.48,0,0.35,0.0,CHECK
turn,3,22.5,25.42,137.81,0,0.0875,0.530467,FOLD
flop,1,14.62,9.96,45.61,0,0.44375,0.405207,CALL
turn,3,43.54,34.41,49.55,0,0.2,0.441437,FOLD
turn,1,27.69,0.0,86.44,0,0.25625,0.0,CHECK
flop,1,24.62,0.0,66.06,0,0.3625,0.0,CHECK
flop,1,11.46,13.19,84.99,0,0.5375,0.535091,CALL
flop,3,11.24,0.0,48.3,0,0.11875,0.0,CHECK
preflop,3,72.43,29.79,37.29,0,0.34375,0.29143,CALL
turn,1,34.88,0.0,102.52,0,0.78125,0.0,BET
flop,1,34.03,11.29,47.88,0,0.7125,0.249117,RAISE
turn,1,41.16,0.0,126.45,0,0.14375,0.0,CHECK
turn,1,39.94,27.12,119.07,0,0.3125,0.404414,FOLD
river,2,70.56,25.03,39.54,0,0.2875,0.261847,CALL
river,3,74.12,21.24,71.49,0,0.2625,0.222735,CALL
turn,1,20.26,2.18,56.38,0,0.48125,0.097148,CALL
river,1,16.43,2.66,64.62,0,0.8625,0.13934,RAISE
river,3,5.36,3.74,48.22,0,0.60625,0.410989,CALL
river,1,72.81,34.67,84.41,0,0.50625,0.322572,CALL
preflop,3,58.87,0.0,88.29,0,0.28125,0.0,CHECK
river,4,57.61,0.0,27.18,0,0.0125,0.0,CHECK
preflop,1,3.74,4.41,92.57,0,0.5,0.541104,FOLD
flop,3,62.65,27.59,77.45,0,0.08125,0.30574,FOLD
river,3,65.12,0.0,68.87,0,0.13125,0.0,CHECK
preflop,2,34.97,0.0,49.97,0,0.275,0.0,CHECK
turn,1,21.68,19.04,84.99,0,0.66875,0.467583,RAISE
preflop,1,20.91,6.56,91.69,0,0.325,0.238806,CALL
preflop,1,75.9,0.0,142.1,0,0.35,0.0,CHECK
turn,2,8.18,5.96,114.11,0,0.35,0.421499,FOLD
flop,1,70.13,6.49,149.98,0,0.34375,0.084704,CALL
turn,4,46.07,0.0,79.05,0,0.05,0.0,CHECK
flop,2,65.08,0.0,123.4,0,0.45625,0.0,CHECK
river,3,23.53,2.5,65.91,0,0.05625,0.096043,FOLD
turn,2,56.55,11.65,107.78,0,0.76875,0.170821,RAISE
preflop,3,47.3,0.0,136.37,0,0.24375,0.0,CHECK
preflop,3,14.9,5.28,126.49,0,0.14375,0.261645,FOLD
flop,2,38.84,0.0,45.05,0,0.53125,0.0,CHECK
flop,1,65.07,16.36,63.12,0,0.84375,0.200909,RAISE
river,3,42.37,0.0,114.17,0,0.13125,0.0,CHECK
flop,4,72.56,29.39,43.67,0,0.39375,0.288279,CALL
flop,3,55.17,0.0,145.22,0,0.1375,0.0,CHECK
river,3,58.1,0.0,30.56,0,0.6,0.0,CHECK
turn,3,23.94,0.0,149.76,0,0.525,0.0,CHECK
preflop,2,45.3,12.82,106.22,0,0.325,0.220578,CALL
river,2,58.41,11.64,134.39,0,0.1375,0.166167,FOLD
turn,3,12.5,0.0,116.78,0,0.84375,0.0,BET
river,2,66.42,0.0,146.9,0,1.0,0.0,BET
turn,3,58.51,0.5,92.1,0,0.25625,0.008473,CALL
flop,3,9.57,0.0,125.82,0,0.10625,0.0,CHECK
turn,3,76.37,31.24,103.17,0,0.0,0.290308,FOLD
flop,3,54.14,0.0,69.11,0,0.175,0.0,CHECK
river,4,48.87,7.25,122.87,0,0.0,0.129187,FOLD
preflop,2,73.87,6.58,106.82,0,0.4625,0.08179,CALL
preflop,4,37.41,0.0,104.0,0,0.1625,0.0,CHECK
turn,3,49.59,0.0,76.11,0,0.1375,0.0,CHECK
preflop,4,48.04,6.03,52.96,0,0.13125,0.111522,CALL
turn,4,73.5,0.0,92.93,0,0.1,0.0,CHECK
river,2,65.08,0.0,87.37,0,0.25,0.0,CHECK
flop,2,24.86,0.0,75.94,0,0.49375,0.0,CHECK
preflop,1,58.51,29.72,66.39,0,0.35625,0.336847,CALL
preflop,3,27.88,20.06,48.49,0,0.19375,0.41844,FOLD
river,1,34.68,3.96,97.75,0,0.6375,0.102484,CALL
river,1,76.72,19.51,68.18,0,0.35,0.202743,CALL
flop,1,72.44,0.0,134.5,0,0.1125,0.0,CHECK
river,2,70.14,0.0,102.95,0,0.85,0.0,BET
preflop,1,10.66,9.66,35.83,0,0.4875,0.475394,CALL
flop,4,25.32,5.92,104.25,0,0.5375,0.189501,CALL
flop,2,74.31,0.0,129.74,0,0.5875,0.0,CHECK
flop,3,68.82,32.2,40.1,0,0.2125,0.318749,FOLD
turn,1,38.35,0.0,28.79,0,0.50625,0.0,CHECK
river,2,10.13,0.0,118.67,0,0.975,0.0,BET
preflop,2,72.74,20.26,50.39,0,0.225,0.217849,CALL
river,2,19.02,10.61,132.64,0,0.69375,0.358083,RAISE
turn,2,72.31,0.0,76.11,0,0.1875,0.0,CHECK
preflop,1,14.09,13.5,60.98,0,0.48125,0.489308,CALL
turn,2,69.69,34.53,38.73,0,0.31875,0.331318,CALL
turn,3,41.81,0.0,42.94,0,0.225,0.0,CHECK
preflop,1,18.89,0.0,46.48,0,0.55625,0.0,CHECK
river,1,37.34,14.64,40.95,0,0.55,0.281647,CALL
flop,1,66.03,23.92,122.47,0,0.41875,0.265926,CALL
river,3,24.26,0.0,100.12,0,0.0125,0.0,CHECK
flop,4,44.1,0.0,31.97,0,0.2875,0.0,CHECK
preflop,3,59.33,15.96,140.79,0,0.225,0.21198,CALL
preflop,4,78.48,0.0,125.63,0,0.20625,0.0,CHECK
river,3,74.98,0.0,27.4,0,0.0375,0.0,CHECK
flop,4,74.58,0.0,120.54,0,0.0625,0.0,CHECK
turn,4,64.15,20.89,50.9,0,0.2625,0.245649,CALL
flop,1,29.74,0.0,44.03,0,0.94375,0.0,BET
preflop,2,11.01,0.0,59.01,0,0.5875,0.0,CHECK
turn,1,7.93,0.0,80.1,0,0.8625,0.0,BET
flop,1,53.62,12.47,111.73,0,0.6875,0.188682,RAISE
river,4,64.09,0.0,140.87,0,0.08125,0.0,CHECK
preflop,2,8.7,8.68,137.97,0,0.31875,0.499425,FOLD
river,3,26.32,0.72,53.17,0,0.375,0.026627,CALL
river,3,37.8,11.93,116.24,0,0.0,0.239895,FOLD
river,4,39.85,16.0,45.33,0,0.0,0.286482,FOLD
flop,1,68.58,19.04,57.24,0,0.375,0.217302,CALL
preflop,2,6.81,0.0,49.02,0,0.31875,0.0,CHECK
turn,3,19.13,15.13,22.92,0,0.1125,0.441623,FOLD
river,1,63.33,17.6,28.7,0,0.425,0.217472,CALL
turn,4,19.28,16.8,129.01,0,0.1125,0.465632,FOLD
preflop,4,73.22,0.0,101.86,0,0.3375,0.0,CHECK
river,3,77.83,32.48,147.93,0,0.00625,0.294443,FOLD
flop,3,36.97,0.0,148.01,0,0.05625,0.0,CHECK
preflop,3,31.97,0.0,67.35,0,0.1875,0.0,CHECK
preflop,4,78.31,17.19,105.12,0,0.275,0.18,CALL
preflop,1,22.68,12.84,103.88,0,0.5625,0.361486,CALL
preflop,3,15.99,0.0,38.96,0,0.14375,0.0,CHECK
preflop,3,69.29,0.0,61.1,0,0.21875,0.0,CHECK
river,3,73.67,13.02,122.7,0,0.225,0.15019,CALL
preflop,1,24.1,26.88,64.03,0,0.3375,0.527266,FOLD
flop,1,24.59,19.46,88.28,0,0.3375,0.441771,FOLD
river,4,68.8,1.44,144.04,0,0.0875,0.020501,CALL
river,4,43.65,0.0,29.96,0,0.0,0.0,CHECK
turn,3,46.92,0.0,62.07,0,0.175,0.0,CHECK
preflop,2,13.11,5.34,103.84,0,0.26875,0.289431,FOLD
flop,1,51.12,0.0,49.19,0,0.40625,0.0,CHECK
turn,2,6.84,1.83,123.65,0,0.075,0.211073,FOLD
flop,2,64.68,22.23,37.12,0,0.25625,0.255782,CALL
turn,4,51.74,24.57,78.3,0,0.11875,0.321976,FOLD
flop,1,76.55,32.86,86.39,0,0.7875,0.300338,RAISE
preflop,1,28.32,20.47,102.2,0,0.45,0.419553,CALL
turn,2,64.17,0.0,95.93,0,0.36875,0.0,CHECK
river,2,22.06,8.04,78.71,0,0.08125,0.26711,FOLD
flop,1,29.06,0.0,27.57,0,0.48125,0.0,CHECK
preflop,1,6.88,0.0,108.59,0,0.48125,0.0,CHECK
turn,3,73.59,9.5,54.82,0,0.20625,0.114334,CALL
preflop,2,12.96,1.25,50.67,0,0.4,0.087966,CALL
turn,3,51.52,0.0,39.55,0,0.0,0.0,CHECK
preflop,2,44.67,22.33,149.48,0,0.275,0.333284,FOLD
river,3,68.48,7.56,120.83,0,0.0,0.099421,FOLD
turn,1,50.04,7.7,118.89,0,0.975,0.133356,RAISE
river,3,58.9,0.0,149.32,0,0.25625,0.0,CHECK
river,3,2.56,1.89,49.14,0,0.53125,0.424719,CALL
preflop,4,33.5,31.37,95.8,0,0.1125,0.483583,FOLD
flop,4,73.85,0.97,106.3,0,0.1625,0.012964,CALL
river,3,52.29,28.43,99.72,0,0.0125,0.352205,FOLD
turn,4,58.72,0.0,98.41,0,0.31875,0.0,CHECK
turn,1,63.32,33.81,107.75,0,0.93125,0.34809,RAISE
river,3,23.91,0.0,43.79,0,0.0,0.0,CHECK
preflop,3,63.8,0.0,51.18,0,0.1375,0.0,CHECK
preflop,3,67.78,3.35,101.59,0,0.25,0.047097,CALL
flop,1,7.5,5.3,120.67,0,0.5625,0.414062,CALL
turn,3,14.92,6.01,111.71,0,0.3875,0.287148,CALL
flop,4,13.97,8.85,86.82,0,0.09375,0.387818,FOLD
preflop,4,52.13,33.57,104.46,0,0.1875,0.391715,FOLD
river,1,73.18,10.06,92.57,0,0.16875,0.120855,CALL
turn,2,69.68,0.0,57.09,0,0.76875,0.0,BET
turn,1,26.75,19.28,60.6,0,0.21875,0.418857,FOLD
preflop,4,67.08,2.69,44.87,0,0.20625,0.038555,CALL
turn,2,38.96,0.0,45.99,0,0.09375,0.0,CHECK
preflop,2,51.02,20.39,126.11,0,0.225,0.285534,FOLD
turn,2,47.83,0.0,53.18,0,0.0375,0.0,CHECK
turn,2,77.98,34.74,136.81,0,0.225,0.308197,FOLD
flop,2,31.52,0.0,98.38,0,0.43125,0.0,CHECK
preflop,1,48.95,4.36,26.18,0,0.5,0.081786,CALL
flop,4,66.03,0.0,140.07,0,0.5375,0.0,CHECK
river,4,13.51,5.77,79.74,0,0.0,0.299274,FOLD
preflop,4,20.37,17.5,101.28,0,0.3625,0.462107,FOLD
flop,2,31.31,0.0,20.42,0,0.2,0.0,CHECK
river,4,79.23,0.0,43.89,0,0.0875,0.0,CHECK
flop,1,24.6,1.38,95.36,0,0.63125,0.053118,CALL
river,2,47.34,0.0,136.19,0,0.1375,0.0,CHECK
flop,1,6.24,5.24,94.09,0,0.8625,0.456446,RAISE
river,2,55.9,0.0,70.23,0,0.4375,0.0,CHECK
turn,1,18.49,12.34,43.03,0,0.2375,0.400259,FOLD
turn,4,18.99,8.09,57.48,0,0.4125,0.298744,CALL
preflop,2,47.55,0.0,28.05,0,0.3,0.0,CHECK
flop,1,75.54,14.22,44.37,0,0.43125,0.158422,CALL
turn,4,51.91,28.89,93.0,0,0.3875,0.35755,CALL
flop,4,40.38,9.71,26.68,0,0.0625,0.193851,FOLD
flop,4,67.26,0.0,79.25,0,0.15,0.0,CHECK
turn,2,34.15,33.31,26.41,0,0.425,0.493774,FOLD
preflop,4,19.05,0.0,30.98,0,0.3125,0.0,CHECK
flop,1,27.08,32.0,43.13,0,0.59375,0.541638,CALL
preflop,1,6.63,5.37,136.24,0,0.45625,0.4475,CALL
river,1,31.33,0.0,82.12,0,0.8625,0.0,BET
preflop,3,56.64,13.9,117.31,0,0.23125,0.197051,CALL
turn,3,57.09,2.34,72.7,0,0.0,0.039374,FOLD
preflop,2,74.54,11.06,84.47,0,0.225,0.129206,CALL
flop,3,11.43,0.0,69.5,0,0.6625,0.0,BET
river,2,12.77,0.0,112.23,0,0.1875,0.0,CHECK
river,1,31.17,26.6,49.86,0,0.9875,0.460447,RAISE
river,3,30.7,0.0,98.2,0,0.0,0.0,CHECK
flop,1,35.02,0.0,24.82,0,0.2,0.0,CHECK
flop,4,8.27,0.0,57.79,0,0.0375,0.0,CHECK
preflop,1,71.7,0.0,81.72,0,0.6875,0.0,BET
flop,2,57.45,0.0,142.08,0,0.6375,0.0,BET
river,1,55.13,17.62,137.4,0,0.28125,0.242199,CALL
river,1,20.28,11.02,63.5,0,1.0,0.352077,RAISE
turn,3,17.64,17.11,45.51,0,0.0625,0.492374,FOLD
river,2,16.32,2.9,38.48,0,0.04375,0.150884,FOLD
turn,4,43.4,13.33,69.24,0,0.11875,0.234973,FOLD
flop,1,13.95,0.0,43.07,0,0.5625,0.0,CHECK
turn,4,48.56,0.0,29.87,0,0.13125,0.0,CHECK
preflop,4,7.78,1.32,120.64,0,0.18125,0.145055,CALL
flop,1,44.12,0.0,96.11,0,0.68125,0.0,BET
flop,3,16.61,12.23,92.74,0,0.59375,0.424064,CALL
preflop,4,24.82,21.22,34.85,0,0.2875,0.460904,FOLD
preflop,1,48.59,0.0,114.38,0,0.4,0.0,CHECK
river,1,60.03,0.0,63.98,0,0.9,0.0,BET
turn,2,61.72,0.0,32.87,0,0.93125,0.0,BET
flop,3,79.8,1.34,135.34,0,0.08125,0.016515,CALL
turn,1,69.99,3.09,45.32,0,0.75625,0.042282,RAISE
preflop,1,76.89,16.96,24.61,0,0.59375,0.180714,CALL
flop,2,4.1,2.5,33.81,0,0.28125,0.378788,FOLD
turn,4,77.84,0.0,60.45,0,0.18125,0.0,CHECK
river,2,60.06,0.0,45.76,0,0.6625,0.0,BET
turn,3,39.91,13.83,86.94,0,0.29375,0.25735,CALL
river,3,27.99,22.63,136.42,0,0.0375,0.447056,FOLD
turn,1,71.92,21.48,81.69,0,0.525,0.229979,CALL
turn,3,7.78,5.26,47.27,0,0.50625,0.403374,CALL
turn,2,20.56,23.57,145.23,0,0.9,0.534104,RAISE
preflop,3,7.88,4.11,144.92,0,0.0875,0.342786,FOLD
flop,3,44.59,18.86,75.55,0,0.19375,0.297242,FOLD
flop,1,74.45,0.0,105.27,0,0.2375,0.0,CHECK
turn,4,23.49,23.89,85.9,0,0.05,0.504221,FOLD
river,3,25.11,0.0,26.82,0,0.08125,0.0,CHECK
preflop,1,6.89,0.0,27.89,0,0.55625,0.0,CHECK
river,2,18.91,0.0,33.39,0,0.65,0.0,BET
flop,2,64.44,0.0,114.11,0,0.2375,0.0,CHECK
preflop,3,60.01,14.3,51.28,0,0.2875,0.192437,CALL
flop,3,49.78,13.29,121.14,0,0.54375,0.210718,CALL
preflop,4,65.91,0.0,93.75,0,0.30625,0.0,CHECK
preflop,4,3.87,0.0,143.62,0,0.35625,0.0,CHECK
river,3,65.52,0.0,82.33,0,0.1375,0.0,CHECK
preflop,4,26.41,2.53,90.89,0,0.15,0.087422,CALL
preflop,4,31.77,24.64,147.24,0,0.275,0.436802,FOLD
flop,1,17.96,0.0,23.64,0,0.7625,0.0,BET
turn,2,64.64,9.65,83.01,0,0.075,0.129896,FOLD
flop,4,63.8,31.01,103.23,0,0.05625,0.327075,FOLD
flop,2,41.43,4.34,128.12,0,0.575,0.094822,CALL
preflop,2,56.65,6.0,111.84,0,0.475,0.09577,CALL
preflop,3,73.44,0.0,61.02,0,0.24375,0.0,CHECK
river,3,60.48,23.3,104.67,0,0.10625,0.278109,FOLD
turn,3,62.72,0.0,126.38,0,0.15,0.0,CHECK
flop,3,18.53,0.0,97.43,0,0.5125,0.0,CHECK
river,2,59.03,23.87,134.24,0,0.0,0.287937,FOLD
flop,2,28.56,23.08,96.07,0,0.325,0.44694,FOLD
preflop,2,7.6,3.51,114.71,0,0.30625,0.315932,CALL
preflop,3,39.71,31.34,50.22,0,0.2375,0.441098,FOLD
flop,3,61.39,21.02,68.38,0,0.6,0.255066,CALL
preflop,3,6.45,5.34,72.13,0,0.20625,0.452926,FOLD
river,3,10.85,3.3,93.07,0,0.0,0.233216,FOLD
preflop,3,66.92,22.9,54.06,0,0.2625,0.254954,CALL
flop,2,30.78,0.0,135.48,0,0.125,0.0,CHECK
flop,1,43.06,32.87,84.37,0,0.73125,0.432899,RAISE
river,3,21.95,11.03,108.54,0,0.35,0.334445,CALL
flop,3,38.51,0.0,122.45,0,0.05625,0.0,CHECK
river,1,43.72,15.86,60.83,0,0.7,0.266197,RAISE
river,4,27.63,0.0,87.58,0,0.0,0.0,CHECK
preflop,2,41.67,0.0,23.55,0,0.33125,0.0,CHECK
preflop,4,6.82,0.0,101.33,0,0.25625,0.0,CHECK
turn,2,48.75,26.42,118.75,0,0.25,0.35147,FOLD
preflop,2,20.28,0.0,42.01,0,0.43125,0.0,CHECK
preflop,4,61.42,1.55,43.49,0,0.16875,0.024615,CALL
preflop,2,24.19,0.0,57.22,0,0.28125,0.0,CHECK
river,3,18.66,3.03,99.65,0,0.06875,0.139696,FOLD
flop,1,29.79,0.0,147.89,0,0.90625,0.0,BET
turn,4,59.2,0.0,39.38,0,0.025,0.0,CHECK
preflop,3,36.89,0.0,24.78,0,0.3,0.0,CHECK
turn,2,55.51,9.78,88.11,0,0.3125,0.149793,CALL
flop,4,34.9,0.0,34.62,0,0.325,0.0,CHECK
river,3,12.58,0.0,63.29,0,0.0,0.0,CHECK
flop,3,2.82,0.0,140.35,0,0.2,0.0,CHECK
turn,3,72.86,0.0,21.79,0,0.15,0.0,CHECK
river,2,79.04,30.48,39.94,0,0.31875,0.278305,CALL
preflop,3,20.43,15.35,29.42,0,0.23125,0.429011,FOLD
preflop,3,55.92,17.49,71.21,0,0.6125,0.238251,CALL
flop,3,45.91,0.0,34.89,0,0.05625,0.0,CHECK
preflop,1,66.52,14.34,65.09,0,0.59375,0.177344,CALL
river,4,27.07,11.38,84.97,0,0.0,0.295969,FOLD
turn,3,79.1,0.0,118.66,0,0.26875,0.0,CHECK
turn,3,9.25,0.0,122.51,0,0.10625,0.0,CHECK
river,4,12.39,0.0,96.0,0,0.0,0.0,CHECK
turn,3,58.9,0.0,94.46,0,0.175,0.0,CHECK
preflop,2,56.88,2.02,124.61,0,0.4125,0.034295,CALL
preflop,3,47.18,5.67,54.92,0,0.26875,0.107285,CALL
flop,4,35.0,30.96,139.79,0,0.39375,0.469375,FOLD
turn,1,37.4,20.78,29.44,0,0.475,0.357167,CALL
flop,1,33.85,17.45,103.12,0,0.7,0.340156,RAISE
preflop,2,10.21,4.19,41.38,0,0.28125,0.290972,CALL
river,1,22.62,4.49,96.27,0,0.6125,0.165622,CALL
flop,4,22.88,22.63,123.35,0,0.175,0.497253,FOLD
flop,4,38.9,11.15,109.51,0,0.05625,0.222777,FOLD
flop,4,63.93,16.17,114.83,0,0.125,0.201873,FOLD
preflop,4,69.07,10.16,86.02,0,0.1125,0.128234,CALL
preflop,2,16.7,0.0,82.78,0,0.34375,0.0,CHECK
preflop,2,49.12,28.19,51.16,0,0.3125,0.364636,FOLD
preflop,4,44.33,25.0,32.19,0,0.19375,0.360594,FOLD
preflop,4,52.8,8.68,127.4,0,0.20625,0.141184,CALL
river,4,62.96,34.49,111.43,0,0.03125,0.353925,FOLD
flop,2,12.01,0.0,142.51,0,0.34375,0.0,CHECK
turn,1,69.06,0.0,106.3,0,0.2,0.0,CHECK
river,3,60.64,0.0,82.92,0,0.075,0.0,CHECK
turn,3,34.92,21.19,38.12,0,0.0,0.377651,FOLD
preflop,4,18.99,15.17,149.31,0,0.2875,0.444087,FOLD
preflop,3,49.55,20.29,84.81,0,0.19375,0.290521,FOLD
river,2,56.83,0.0,58.11,0,0.725,0.0,BET
river,1,47.04,16.74,39.15,0,0.3875,0.262465,CALL
flop,4,50.34,0.0,89.14,0,0.15,0.0,CHECK
flop,2,45.11,0.0,79.39,0,0.1375,0.0,CHECK
flop,2,23.47,8.69,114.47,0,0.15,0.270211,FOLD
preflop,3,64.49,22.33,30.87,0,0.25,0.257199,CALL
river,2,70.98,19.05,35.85,0,0.025,0.211596,FOLD
preflop,2,77.32,13.32,70.36,0,0.38125,0.146955,CALL
preflop,2,77.26,8.72,148.21,0,0.21875,0.101419,CALL
preflop,2,62.06,0.0,52.88,0,0.4,0.0,CHECK
turn,4,48.47,13.66,136.52,0,0.11875,0.219862,FOLD
turn,2,62.83,11.01,80.76,0,0.76875,0.149106,RAISE
river,3,27.2,0.0,82.95,0,0.15625,0.0,CHECK
river,4,12.36,0.0,27.95,0,0.0,0.0,CHECK
flop,4,12.64,0.0,45.99,0,0.13125,0.0,CHECK
preflop,2,69.95,0.0,85.7,0,0.25,0.0,CHECK
river,1,56.14,19.77,88.24,0,1.0,0.26044,RAISE
flop,2,41.62,0.0,82.05,0,0.74375,0.0,BET
river,1,25.02,0.0,95.28,0,0.975,0.0,BET
turn,1,4.08,0.0,130.33,0,0.4875,0.0,CHECK
turn,2,64.83,5.92,113.84,0,0.1375,0.083675,CALL
turn,4,71.68,27.36,89.53,0,0.075,0.276252,FOLD
river,4,31.93,0.0,54.92,0,0.00625,0.0,CHECK
turn,2,6.05,0.0,51.83,0,0.56875,0.0,CHECK
preflop,2,4.14,0.0,33.86,0,0.4875,0.0,CHECK
flop,4,61.7,9.84,116.55,0,0.41875,0.137545,CALL
river,1,45.4,12.99,88.19,0,0.55625,0.22247,CALL
river,3,50.04,0.0,65.61,0,0.0125,0.0,CHECK
turn,1,21.28,0.0,67.51,0,0.18125,0.0,CHECK
preflop,3,41.35,33.82,53.38,0,0.1625,0.449914,FOLD
preflop,3,79.82,0.0,41.92,0,0.225,0.0,CHECK
flop,3,52.63,0.0,77.93,0,0.24375,0.0,CHECK
turn,3,51.04,0.0,26.26,0,0.1125,0.0,CHECK
river,1,44.22,0.0,113.65,0,0.1875,0.0,CHECK
river,2,63.41,0.0,102.8,0,0.075,0.0,CHECK
river,2,48.25,0.0,74.91,0,0.1375,0.0,CHECK
river,4,25.99,3.51,134.46,0,0.0,0.118983,FOLD
flop,4,70.66,12.47,55.97,0,0.09375,0.150006,FOLD
preflop,3,7.59,3.56,148.64,0,0.2375,0.319283,FOLD
flop,4,28.67,0.0,98.97,0,0.1,0.0,CHECK
river,1,7.53,7.47,57.2,0,0.08125,0.498,FOLD
preflop,2,25.59,0.0,79.66,0,0.39375,0.0,CHECK
river,4,68.25,0.0,27.84,0,0.06875,0.0,CHECK
preflop,2,21.46,9.26,39.31,0,0.24375,0.301432,FOLD
preflop,4,13.77,16.22,145.51,0,0.425,0.540847,FOLD
turn,3,62.17,0.0,129.49,0,0.0875,0.0,CHECK
flop,1,69.4,18.32,53.85,0,0.2375,0.208846,CALL
turn,2,13.9,0.89,85.25,0,0.1875,0.060176,CALL
turn,3,67.08,0.0,133.07,0,0.2,0.0,CHECK
flop,4,26.93,22.81,34.31,0,0.7,0.458585,RAISE
flop,1,6.54,0.0,137.43,0,0.44375,0.0,CHECK
river,1,22.99,0.0,149.09,0,0.13125,0.0,CHECK
flop,2,3.6,4.18,34.27,0,0.4125,0.537275,FOLD
turn,1,30.2,0.94,56.53,0,0.7625,0.030186,RAISE
turn,2,77.58,24.25,91.43,0,0.08125,0.238142,FOLD
preflop,3,68.33,28.27,72.23,0,0.3375,0.29265,CALL
flop,4,79.38,17.39,92.58,0,0.28125,0.179704,CALL
preflop,1,38.55,27.32,56.37,0,0.40625,0.414756,CALL
flop,4,13.78,12.22,36.1,0,0.13125,0.47,FOLD
preflop,3,3.85,0.0,52.0,0,0.19375,0.0,CHECK
river,2,59.7,0.0,89.43,0,0.75625,0.0,BET
turn,1,34.62,0.0,85.72,0,0.5875,0.0,CHECK
flop,3,10.5,9.25,73.85,0,0.10625,0.468354,FOLD
turn,3,34.39,15.21,137.06,0,0.11875,0.306653,FOLD
river,3,6.45,6.3,134.58,0,0.0375,0.494118,FOLD
river,1,38.2,21.72,124.9,0,0.775,0.362483,RAISE
river,1,39.65,32.07,79.53,0,0.21875,0.447156,FOLD
turn,1,4.55,0.0,133.69,0,0.2,0.0,CHECK
turn,3,43.68,0.0,123.57,0,0.2875,0.0,CHECK
river,3,60.64,5.99,44.85,0,0.0,0.089899,FOLD
river,4,5.23,0.0,44.77,0,0.30625,0.0,CHECK
preflop,2,68.29,22.98,95.49,0,0.18125,0.25178,FOLD
flop,3,57.76,29.73,58.19,0,0.11875,0.33981,FOLD
river,1,13.84,4.53,116.54,0,0.66875,0.246598,RAISE
turn,1,52.34,18.58,124.23,0,0.3625,0.261985,CALL
turn,3,45.6,9.43,43.43,0,0.15,0.171361,FOLD
turn,4,66.75,0.0,117.63,0,0.06875,0.0,CHECK
river,3,71.38,12.32,102.08,0,0.01875,0.147192,FOLD
flop,2,48.67,9.72,115.88,0,0.50625,0.166467,CALL
river,1,60.28,27.85,148.06,0,0.28125,0.31601,FOLD
river,2,65.13,0.0,27.65,0,0.575,0.0,CHECK
flop,2,77.88,19.05,58.16,0,0.525,0.196534,CALL
flop,1,18.05,3.69,148.67,0,0.75,0.169733,RAISE
turn,3,65.26,15.05,44.49,0,0.5625,0.187399,CALL
turn,4,72.5,0.0,53.91,0,0.01875,0.0,CHECK
preflop,1,27.79,0.0,126.36,0,0.54375,0.0,CHECK
river,2,66.97,21.64,131.79,0,0.01875,0.244216,FOLD
turn,2,37.75,0.0,120.7,0,0.0625,0.0,CHECK
flop,1,38.47,0.0,54.9,0,0.60625,0.0,CHECK
flop,1,13.97,0.0,57.06,0,0.375,0.0,CHECK
river,3,11.4,3.07,134.9,0,0.2,0.212163,CALL
river,3,61.9,0.0,42.72,0,0.01875,0.0,CHECK
preflop,2,26.39,0.0,38.62,0,0.58125,0.0,CHECK
river,3,44.35,12.89,84.78,0,0.1375,0.225192,FOLD
preflop,1,10.51,0.0,117.06,0,0.61875,0.0,CHECK
turn,1,42.66,20.11,148.37,0,0.7,0.320376,RAISE
flop,3,37.98,20.8,129.12,0,0.0125,0.353862,FOLD
flop,1,56.37,10.66,26.51,0,0.6,0.159033,CALL
preflop,1,77.15,0.0,144.59,0,0.4375,0.0,CHECK
preflop,3,38.49,31.95,67.58,0,0.16875,0.453578,FOLD
preflop,3,35.84,0.0,47.07,0,0.325,0.0,CHECK
river,2,73.23,0.0,122.75,0,0.225,0.0,CHECK
preflop,3,60.04,0.0,54.78,0,0.25625,0.0,CHECK
turn,3,43.62,0.0,46.88,0,0.0375,0.0,CHECK
turn,3,41.71,25.73,88.66,0,0.0875,0.381524,FOLD
preflop,2,9.19,5.56,48.2,0,0.26875,0.376949,FOLD
flop,4,39.27,33.47,53.69,0,0.06875,0.460132,FOLD
river,1,35.34,0.0,32.27,0,0.26875,0.0,CHECK
turn,2,19.04,6.44,104.26,0,0.6875,0.252747,RAISE
river,4,26.8,14.24,32.9,0,0.9125,0.346979,RAISE
river,3,63.83,0.0,133.2,0,0.0,0.0,CHECK
preflop,3,25.48,14.03,118.03,0,0.15625,0.3551,FOLD
preflop,2,24.57,0.0,90.37,0,0.1625,0.0,CHECK
turn,3,55.71,13.76,30.96,0,0.04375,0.198071,FOLD
flop,2,40.4,0.0,91.1,0,0.6,0.0,CHECK
flop,1,13.92,0.0,57.6,0,0.26875,0.0,CHECK
flop,3,21.65,0.0,34.88,0,0.1625,0.0,CHECK
preflop,4,4.77,1.79,104.77,0,0.23125,0.272866,FOLD
river,2,43.53,0.0,30.75,0,0.425,0.0,CHECK
preflop,3,60.35,0.0,54.03,0,0.18125,0.0,CHECK
turn,2,9.0,0.0,32.78,0,0.025,0.0,CHECK
flop,4,29.55,0.0,48.45,0,0.225,0.0,CHECK
preflop,3,72.39,0.0,117.71,0,0.11875,0.0,CHECK
flop,2,52.57,28.93,24.56,0,0.28125,0.354969,FOLD
flop,2,9.52,0.0,109.72,0,0.88125,0.0,BET
river,3,64.73,5.27,95.26,0,0.55,0.075286,CALL
river,1,26.97,0.0,117.63,0,0.775,0.0,BET
river,3,68.95,0.0,60.26,0,0.4125,0.0,CHECK
preflop,1,10.5,7.92,139.2,0,0.46875,0.429967,CALL
turn,1,4.49,1.33,52.42,0,0.21875,0.228522,CALL
preflop,1,30.64,16.62,41.77,0,0.475,0.351672,CALL
flop,1,23.82,3.66,115.1,0,0.44375,0.133188,CALL
river,2,52.14,19.19,86.58,0,0.1,0.269031,FOLD
turn,1,8.0,0.0,77.56,0,0.5875,0.0,CHECK
flop,4,24.01,21.56,120.88,0,0.2125,0.473118,FOLD
turn,1,46.61,0.0,65.63,0,0.45,0.0,CHECK
turn,2,39.12,12.47,31.58,0,0.11875,0.241714,FOLD
flop,2,5.18,0.0,111.89,0,0.46875,0.0,CHECK
preflop,1,31.39,0.0,63.76,0,0.425,0.0,CHECK
flop,3,66.7,0.0,116.78,0,0.3125,0.0,CHECK
flop,2,74.52,0.0,81.84,0,0.05,0.0,CHECK
turn,3,26.76,26.99,39.06,0,0.08125,0.50214,FOLD
flop,3,76.81,29.82,109.46,0,0.2875,0.279659,CALL
preflop,1,35.16,0.0,42.02,0,0.50625,0.0,CHECK
preflop,2,71.55,0.0,37.69,0,0.39375,0.0,CHECK
river,1,74.18,24.88,27.35,0,0.96875,0.251161,RAISE
flop,3,28.55,0.0,67.17,0,0.59375,0.0,CHECK
preflop,1,32.46,0.0,83.14,0,0.36875,0.0,CHECK
turn,4,66.27,2.74,136.57,0,0.46875,0.039704,CALL
flop,4,15.09,5.91,50.31,0,0.4875,0.281429,CALL
flop,4,21.03,0.0,23.9,0,0.2125,0.0,CHECK
river,1,28.53,22.63,138.97,0,0.6375,0.442338,CALL
turn,3,50.18,27.18,27.75,0,0.05,0.351344,FOLD
turn,2,6.06,0.0,74.64,0,0.39375,0.0,CHECK
turn,4,69.14,0.0,27.88,0,0.1375,0.0,CHECK
preflop,1,7.63,0.0,53.58,0,0.65625,0.0,BET
river,1,54.86,0.0,99.82,0,0.85,0.0,BET
river,2,14.61,0.0,109.34,0,0.49375,0.0,CHECK
preflop,2,71.28,23.81,110.44,0,0.41875,0.250394,CALL
turn,2,17.37,16.54,87.19,0,0.38125,0.487762,FOLD
river,4,72.13,17.23,52.61,0,0.0,0.192816,FOLD
turn,4,13.77,7.35,99.69,0,0.88125,0.348011,RAISE
turn,3,47.67,10.29,73.09,0,0.1375,0.177536,FOLD
preflop,3,47.19,1.97,88.65,0,0.175,0.040073,CALL
turn,2,34.15,0.0,59.69,0,0.0625,0.0,CHECK
river,1,79.96,0.0,69.36,0,0.61875,0.0,CHECK
river,1,74.06,14.47,34.76,0,0.8375,0.163447,RAISE
flop,2,46.02,0.0,128.02,0,0.18125,0.0,CHECK
turn,4,65.84,11.94,48.55,0,0.0,0.15351,FOLD
flop,3,44.05,0.0,36.88,0,0.175,0.0,CHECK
river,4,27.68,0.0,50.43,0,0.60625,0.0,CHECK
turn,4,52.39,0.0,103.59,0,0.025,0.0,CHECK
preflop,3,41.59,0.0,128.33,0,0.3125,0.0,CHECK
turn,3,50.53,7.82,123.87,0,0.625,0.134019,CALL
river,2,50.39,0.0,34.58,0,0.8375,0.0,BET
preflop,2,54.62,0.0,133.5,0,0.35625,0.0,CHECK
preflop,2,71.04,17.66,102.55,0,0.375,0.199098,CALL
preflop,3,56.6,29.39,45.26,0,0.20625,0.341784,FOLD
turn,4,43.71,0.0,92.3,0,0.11875,0.0,CHECK
preflop,1,20.94,6.45,91.29,0,0.5375,0.235487,CALL
river,3,19.95,0.0,33.62,0,0.00625,0.0,CHECK
turn,4,29.78,23.99,82.11,0,0.11875,0.44616,FOLD
river,1,71.79,3.21,85.15,0,1.0,0.0428,RAISE
turn,1,60.04,0.0,76.93,0,0.16875,0.0,CHECK
flop,4,42.7,0.0,63.04,0,0.09375,0.0,CHECK
flop,2,23.09,0.0,34.1,0,0.09375,0.0,CHECK
turn,2,21.98,0.0,98.21,0,0.76875,0.0,BET
flop,3,47.4,0.0,37.41,0,0.05,0.0,CHECK
river,1,5.79,0.62,137.4,0,0.14375,0.096724,CALL
preflop,3,65.17,4.2,33.88,0,0.225,0.060545,CALL
preflop,2,19.18,2.03,41.69,0,0.20625,0.09571,CALL
preflop,2,50.13,12.25,94.67,0,0.20625,0.196377,CALL
flop,1,66.74,25.48,144.2,0,0.15625,0.276296,FOLD
turn,2,63.54,0.0,29.18,0,0.6,0.0,CHECK
river,1,7.58,0.0,46.25,0,0.3875,0.0,CHECK
turn,3,18.5,0.0,102.88,0,0.15625,0.0,CHECK
river,4,77.34,0.0,71.83,0,0.0125,0.0,CHECK
flop,3,31.47,21.86,109.34,0,0.2125,0.409901,FOLD
preflop,2,48.29,8.44,86.24,0,0.225,0.148775,CALL
flop,3,62.22,24.36,90.45,0,0.2375,0.281358,FOLD
preflop,1,58.3,31.12,41.92,0,0.63125,0.348021,CALL
flop,3,53.25,0.0,62.52,0,0.675,0.0,BET
flop,2,10.01,0.0,133.54,0,0.125,0.0,CHECK
river,3,44.55,0.0,21.47,0,0.0,0.0,CHECK
river,2,17.56,19.65,35.82,0,0.2125,0.528084,FOLD
turn,2,43.02,0.0,26.02,0,0.3375,0.0,CHECK
turn,1,58.31,0.0,45.86,0,0.75625,0.0,BET
turn,3,27.73,12.16,85.86,0,0.54375,0.304838,CALL
river,1,33.57,0.0,20.55,0,0.375,0.0,CHECK
river,1,68.35,0.0,39.67,0,1.0,0.0,BET
flop,2,36.05,0.0,35.5,0,0.08125,0.0,CHECK
flop,3,62.37,0.0,83.75,0,0.60625,0.0,CHECK
flop,4,36.4,26.27,59.1,0,0.18125,0.41918,FOLD
turn,2,64.94,2.42,125.77,0,0.1375,0.035926,CALL
flop,3,3.31,1.06,23.21,0,0.19375,0.242563,FOLD
turn,2,74.02,2.19,148.05,0,0.2375,0.028736,CALL
river,2,32.9,0.0,101.65,0,0.0125,0.0,CHECK
turn,2,32.75,27.56,56.21,0,0.25625,0.456972,FOLD
preflop,4,43.88,8.92,59.19,0,0.6,0.168939,CALL
preflop,4,34.12,28.14,20.56,0,0.14375,0.451976,FOLD
flop,3,12.19,0.0,62.88,0,0.08125,0.0,CHECK
preflop,4,8.14,0.0,48.78,0,0.16875,0.0,CHECK
turn,1,37.47,17.76,69.08,0,0.3875,0.321564,CALL
preflop,2,29.72,18.11,51.55,0,0.2125,0.378633,FOLD
river,3,62.34,0.0,76.35,0,0.00625,0.0,CHECK
river,3,48.22,0.0,101.77,0,0.25,0.0,CHECK
river,1,18.19,0.0,73.3,0,0.0375,0.0,CHECK
turn,4,22.54,2.48,78.22,0,0.9,0.099121,RAISE
preflop,2,24.4,0.0,63.06,0,0.40625,0.0,CHECK
river,3,31.13,12.2,138.9,0,0.76875,0.28156,RAISE
turn,1,59.61,6.15,98.67,0,0.51875,0.093522,CALL
preflop,1,18.25,0.0,93.85,0,0.40625,0.0,CHECK
turn,3,10.72,8.73,100.82,0,0.09375,0.448843,FOLD
turn,1,15.78,0.0,56.25,0,0.15,0.0,CHECK
flop,3,12.62,11.97,143.19,0,0.10625,0.486783,FOLD
preflop,3,63.11,5.15,120.7,0,0.1625,0.075447,CALL
flop,2,31.01,27.52,108.09,0,0.79375,0.470186,RAISE
preflop,1,67.18,0.0,120.52,0,0.5375,0.0,CHECK
flop,1,76.06,1.21,114.71,0,0.26875,0.015659,CALL
flop,1,23.84,12.14,82.38,0,0.4375,0.33741,CALL
preflop,2,10.64,0.0,120.41,0,0.21875,0.0,CHECK
turn,3,64.84,3.09,54.23,0,0.1125,0.045488,CALL
preflop,3,14.63,0.0,28.49,0,0.16875,0.0,CHECK
turn,2,23.86,6.14,110.2,0,0.24375,0.204667,CALL
flop,4,63.2,17.94,53.81,0,0.04375,0.221099,FOLD
river,4,26.66,0.0,147.97,0,0.39375,0.0,CHECK
river,3,69.37,19.09,138.8,0,0.125,0.215804,FOLD
river,3,25.42,14.95,94.71,0,0.25625,0.370324,FOLD
turn,4,39.15,16.98,52.45,0,0.0,0.302512,FOLD
turn,2,18.74,12.83,60.29,0,0.1625,0.406398,FOLD
river,3,67.07,25.0,43.03,0,0.08125,0.271533,FOLD
river,4,23.82,22.59,61.24,0,0.05,0.486749,FOLD
flop,2,69.56,8.69,138.4,0,0.13125,0.111054,CALL
preflop,1,27.91,8.35,24.63,0,0.48125,0.230281,CALL
turn,4,29.63,0.0,147.12,0,0.075,0.0,CHECK
turn,1,74.86,11.33,142.73,0,0.75625,0.131454,RAISE
river,1,60.19,0.0,119.83,0,0.3625,0.0,CHECK
river,1,75.02,30.16,87.51,0,0.5125,0.286747,CALL
flop,4,73.99,26.08,110.68,0,0.2875,0.260618,CALL
turn,3,72.17,0.0,103.88,0,0.025,0.0,CHECK
preflop,2,50.42,0.0,65.62,0,0.3125,0.0,CHECK
river,4,60.11,0.0,37.05,0,0.05,0.0,CHECK
flop,1,70.52,0.0,74.65,0,0.2875,0.0,CHECK
river,4,14.27,0.0,26.02,0,0.0,0.0,CHECK
turn,2,68.66,16.08,100.28,0,0.30625,0.189757,CALL
turn,1,45.97,0.0,77.48,0,0.6375,0.0,BET
river,3,69.52,19.56,71.4,0,0.4625,0.219578,CALL
turn,4,58.01,0.0,44.96,0,0.1,0.0,CHECK
river,2,74.77,10.27,30.0,0,0.75625,0.120767,RAISE
flop,4,18.92,11.9,101.67,0,0.03125,0.386113,FOLD
preflop,4,44.94,0.0,66.69,0,0.18125,0.0,CHECK
turn,4,43.9,30.6,70.84,0,0.8875,0.410738,RAISE
river,3,13.09,0.0,25.72,0,0.1,0.0,CHECK
river,2,15.42,0.0,78.11,0,0.0,0.0,CHECK
river,2,3.38,0.0,47.6,0,0.0125,0.0,CHECK
preflop,1,29.18,34.82,137.03,0,0.54375,0.544063,CALL
turn,1,8.7,6.82,69.42,0,0.23125,0.439433,FOLD
preflop,4,72.43,14.08,42.47,0,0.25625,0.162756,CALL
preflop,2,56.71,0.0,71.81,0,0.26875,0.0,CHECK
river,4,68.1,0.0,93.52,0,0.0,0.0,CHECK
preflop,2,54.73,0.0,107.85,0,0.39375,0.0,CHECK
turn,3,67.6,25.85,62.06,0,0.48125,0.276619,CALL
flop,2,17.17,0.0,111.69,0,0.75625,0.0,BET
flop,1,79.05,0.0,103.77,0,0.78125,0.0,BET
river,4,76.92,6.57,75.32,0,0.0,0.078692,FOLD
flop,2,57.69,0.0,37.5,0,0.575,0.0,CHECK
flop,2,17.59,1.69,68.18,0,0.6125,0.087656,CALL
preflop,2,38.25,28.63,60.78,0,0.39375,0.42808,FOLD
turn,4,40.19,0.0,45.25,0,0.0375,0.0,CHECK
turn,3,55.13,0.0,26.55,0,0.2,0.0,CHECK
turn,2,15.0,0.0,29.3,0,0.08125,0.0,CHECK
preflop,1,76.2,0.0,104.91,0,0.3625,0.0,CHECK
preflop,1,25.45,13.37,80.38,0,0.6,0.34441,CALL
river,3,9.96,7.45,70.2,0,0.55625,0.427915,CALL
turn,2,5.55,4.17,72.46,0,0.2875,0.429012,FOLD
preflop,4,39.58,27.76,142.65,0,0.2375,0.412236,FOLD
turn,1,31.49,0.0,122.25,0,0.7125,0.0,BET
preflop,4,54.22,0.0,81.5,0,0.25,0.0,CHECK
flop,3,6.93,1.98,140.87,0,0.125,0.222222,FOLD
turn,1,41.14,20.51,67.65,0,0.19375,0.332685,FOLD
preflop,2,79.56,0.0,134.27,0,0.3625,0.0,CHECK
flop,1,22.57,25.47,84.96,0,0.60625,0.530183,CALL
river,1,24.66,0.0,57.01,0,0.1875,0.0,CHECK
preflop,3,37.1,29.05,89.25,0,0.1625,0.439153,FOLD
turn,3,20.51,0.0,86.69,0,0.7,0.0,BET
river,2,44.0,32.37,134.03,0,0.03125,0.423858,FOLD
turn,4,45.72,0.0,36.9,0,0.0,0.0,CHECK
river,4,4.93,0.0,61.19,0,0.0,0.0,CHECK
river,3,24.87,0.0,110.88,0,0.11875,0.0,CHECK
preflop,3,39.47,1.9,137.44,0,0.25,0.045927,CALL
flop,2,6.26,5.93,140.85,0,0.275,0.486464,FOLD
flop,2,49.63,0.0,88.46,0,0.31875,0.0,CHECK
preflop,3,71.77,0.0,44.83,0,0.25,0.0,CHECK
river,3,6.2,4.72,60.9,0,0.65,0.432234,RAISE
preflop,1,77.46,0.0,63.23,0,0.53125,0.0,CHECK
flop,1,63.07,21.23,29.71,0,0.2125,0.251839,FOLD
river,1,58.62,11.88,100.54,0,0.49375,0.168511,CALL
preflop,3,57.75,0.0,84.0,0,0.23125,0.0,CHECK
river,4,57.79,3.73,94.97,0,0.925,0.060631,RAISE
turn,4,28.16,0.0,30.75,0,0.0375,0.0,CHECK
flop,1,71.49,14.01,97.96,0,0.6375,0.16386,CALL
flop,4,50.99,18.38,138.34,0,0.275,0.264956,CALL
river,2,46.4,15.69,21.03,0,0.13125,0.252698,FOLD
flop,4,25.18,16.34,110.07,0,0.18125,0.393545,FOLD
flop,3,30.48,1.19,42.25,0,0.6,0.037575,CALL
preflop,1,24.38,0.0,120.96,0,0.33125,0.0,CHECK
turn,4,56.94,18.67,62.06,0,0.01875,0.246925,FOLD
river,4,18.45,0.0,100.01,0,0.3625,0.0,CHECK
preflop,2,43.58,0.0,24.88,0,0.35,0.0,CHECK
turn,3,23.17,13.09,110.93,0,0.20625,0.361004,FOLD
turn,2,78.15,11.74,81.73,0,0.11875,0.130604,CALL
river,3,43.29,0.0,143.58,0,0.00625,0.0,CHECK
river,2,74.22,8.41,131.13,0,0.16875,0.101779,CALL
turn,4,37.56,0.0,119.74,0,0.04375,0.0,CHECK
preflop,4,19.15,0.0,124.4,0,0.1375,0.0,CHECK
preflop,1,25.72,0.0,61.28,0,0.46875,0.0,CHECK
flop,3,37.58,4.5,30.73,0,0.13125,0.106939,CALL
preflop,2,25.49,13.32,69.54,0,0.23125,0.343211,FOLD
flop,3,37.34,21.46,20.5,0,0.075,0.364966,FOLD
turn,3,64.22,0.0,107.85,0,0.05625,0.0,CHECK
river,3,10.65,5.7,53.89,0,0.04375,0.348624,FOLD
river,2,29.84,15.18,145.33,0,0.075,0.337183,FOLD
turn,2,65.08,10.78,123.84,0,0.35625,0.142104,CALL
preflop,4,52.81,0.0,77.14,0,0.2125,0.0,CHECK
preflop,4,29.05,28.56,85.64,0,0.29375,0.495747,FOLD
river,2,70.31,18.56,105.5,0,0.45,0.208844,CALL
turn,1,71.43,15.08,30.09,0,0.3,0.174315,CALL
preflop,3,59.15,9.56,100.81,0,0.1625,0.139135,CALL
turn,4,42.28,27.55,60.42,0,0.09375,0.39453,FOLD
flop,3,57.89,0.66,55.86,0,0.1,0.011272,CALL
flop,2,67.44,0.0,104.97,0,0.3875,0.0,CHECK
turn,4,22.78,16.18,41.1,0,0.01875,0.415298,FOLD
preflop,2,37.24,0.0,56.57,0,0.2,0.0,CHECK
preflop,4,10.66,6.17,114.54,0,0.2,0.366607,FOLD
preflop,4,69.22,0.0,125.51,0,0.225,0.0,CHECK
flop,4,30.35,12.6,93.97,0,0.15625,0.293364,FOLD
turn,2,4.04,1.71,123.58,0,0.16875,0.297391,FOLD
flop,1,78.97,0.0,27.92,0,0.44375,0.0,CHECK
flop,3,50.35,19.01,48.92,0,0.475,0.274077,CALL
river,2,45.38,14.21,143.08,0,0.0375,0.238463,FOLD
preflop,1,79.94,0.0,54.05,0,0.675,0.0,BET
flop,2,65.73,0.0,89.77,0,0.175,0.0,CHECK
flop,3,4.18,1.69,95.54,0,0.1125,0.287905,FOLD
flop,1,45.07,0.0,90.09,0,0.6,0.0,CHECK
preflop,4,28.68,0.0,77.08,0,0.25,0.0,CHECK
flop,1,30.47,25.63,146.28,0,0.975,0.456863,RAISE
river,2,28.03,13.16,132.05,0,0.3375,0.319495,CALL
river,3,3.6,2.22,103.56,0,0.2375,0.381443,FOLD
river,4,26.35,25.01,72.33,0,0.0,0.486955,FOLD
turn,3,36.79,14.16,26.21,0,0.2625,0.27792,CALL
turn,3,70.43,0.0,103.55,0,0.10625,0.0,CHECK
flop,4,63.59,33.08,24.93,0,0.2125,0.342195,FOLD
flop,3,14.47,0.0,105.06,0,0.6875,0.0,BET
turn,4,31.49,13.8,40.13,0,0.075,0.304703,FOLD
river,4,45.26,0.0,141.37,0,0.0,0.0,CHECK
turn,2,68.06,25.65,100.56,0,0.15,0.273717,FOLD
flop,3,18.79,3.15,85.81,0,0.08125,0.143573,FOLD
preflop,3,37.19,0.0,142.7,0,0.26875,0.0,CHECK
turn,4,14.43,0.0,121.12,0,0.1,0.0,CHECK
preflop,4,49.65,0.0,31.93,0,0.16875,0.0,CHECK
flop,1,57.8,29.25,82.78,0,0.425,0.336014,CALL
turn,3,71.23,21.29,118.3,0,0.4375,0.230112,CALL
river,3,10.61,10.84,132.67,0,0.0,0.505361,FOLD
turn,1,39.88,3.92,41.26,0,0.58125,0.089498,CALL
preflop,4,9.06,0.0,97.5,0,0.26875,0.0,CHECK
river,4,20.43,6.11,105.21,0,0.21875,0.230219,CALL
turn,2,7.42,0.0,112.41,0,0.0875,0.0,CHECK
turn,1,23.49,6.39,118.36,0,0.39375,0.213855,CALL
river,1,45.33,32.45,26.15,0,0.48125,0.417202,CALL
river,4,70.01,0.0,115.79,0,0.1625,0.0,CHECK
preflop,1,66.26,0.0,44.47,0,0.3875,0.0,CHECK
flop,3,45.74,0.0,95.18,0,0.0125,0.0,CHECK
turn,4,55.18,27.64,141.96,0,0.31875,0.333736,CALL
preflop,2,22.84,0.0,29.72,0,0.28125,0.0,CHECK
preflop,3,31.83,4.71,43.65,0,0.2625,0.1289,CALL
turn,4,39.4,16.31,81.29,0,0.91875,0.292766,RAISE
turn,2,72.21,0.0,44.91,0,0.06875,0.0,CHECK
turn,2,13.48,7.67,94.44,0,0.83125,0.362648,RAISE
preflop,2,39.81,0.0,23.55,0,0.21875,0.0,CHECK
flop,4,6.53,2.13,115.9,0,0.4375,0.245958,CALL
river,4,70.53,15.43,76.49,0,0.00625,0.179502,FOLD
turn,3,25.18,25.4,54.86,0,0.61875,0.502175,CALL
flop,1,63.23,0.0,147.76,0,0.84375,0.0,BET
preflop,4,41.3,31.36,132.04,0,0.1875,0.431599,FOLD
turn,1,34.18,0.0,130.84,0,0.6375,0.0,BET
river,4,54.41,7.98,25.52,0,0.51875,0.127905,CALL
turn,1,60.97,29.95,122.89,0,0.4625,0.32941,CALL
turn,2,33.77,0.0,74.58,0,0.325,0.0,CHECK
preflop,2,60.46,30.52,126.18,0,0.1875,0.335458,FOLD
preflop,1,78.19,7.72,46.7,0,0.5375,0.089861,CALL
flop,4,27.72,0.0,79.58,0,0.075,0.0,CHECK
preflop,4,56.73,0.64,88.67,0,0.1625,0.011156,CALL
turn,4,47.27,17.99,106.07,0,0.3,0.275667,CALL
preflop,2,27.1,11.01,50.85,0,0.375,0.288901,CALL
turn,1,6.62,0.0,40.21,0,0.20625,0.0,CHECK
turn,1,63.79,4.39,79.04,0,0.225,0.064388,CALL
river,3,28.06,0.0,100.34,0,0.0,0.0,CHECK
preflop,1,17.29,0.0,129.69,0,0.5375,0.0,CHECK
preflop,3,74.46,0.0,145.8,0,0.1375,0.0,CHECK
turn,4,54.76,0.0,141.1,0,0.1,0.0,CHECK
flop,2,50.73,21.73,41.56,0,0.1125,0.29989,FOLD
turn,2,37.58,0.0,31.88,0,0.10625,0.0,CHECK
preflop,1,5.0,0.0,25.35,0,0.5,0.0,CHECK
flop,3,40.05,24.19,22.41,0,0.075,0.376557,FOLD
river,2,73.08,0.0,40.52,0,0.0,0.0,CHECK
turn,3,25.62,0.0,139.06,0,0.25,0.0,CHECK
preflop,2,38.23,12.37,148.26,0,0.3875,0.244466,CALL
turn,3,64.83,0.0,139.87,0,0.15625,0.0,CHECK
flop,2,40.28,13.49,110.48,0,0.325,0.250883,CALL
flop,2,59.07,34.27,92.49,0,0.8875,0.367152,RAISE
river,2,45.36,12.24,126.97,0,0.75,0.2125,RAISE
river,1,34.65,9.32,116.61,0,0.43125,0.211963,CALL
preflop,2,22.58,0.0,126.72,0,0.40625,0.0,CHECK
turn,1,16.89,5.31,93.72,0,0.34375,0.239189,CALL
turn,4,14.55,14.49,108.29,0,0.1,0.498967,FOLD
turn,1,21.78,2.9,41.49,0,0.55,0.117504,CALL
turn,2,35.7,0.0,146.55,0,0.4375,0.0,CHECK
flop,2,49.17,0.0,91.4,0,0.28125,0.0,CHECK
turn,3,11.84,4.56,100.55,0,0.05,0.278049,FOLD
turn,1,6.43,0.0,138.96,0,0.16875,0.0,CHECK
river,1,76.93,0.0,56.25,0,0.125,0.0,CHECK
turn,1,18.87,0.0,49.4,0,0.9875,0.0,BET
turn,3,48.36,9.02,63.64,0,0.1,0.157198,FOLD
turn,2,27.03,0.0,149.07,0,0.3125,0.0,CHECK
flop,4,45.01,17.03,123.39,0,0.075,0.2745,FOLD
preflop,3,43.46,0.0,46.29,0,0.18125,0.0,CHECK
flop,4,16.31,5.66,75.9,0,0.00625,0.257624,FOLD
preflop,1,35.87,13.39,109.17,0,0.56875,0.271823,CALL
river,3,3.18,0.0,126.61,0,0.9625,0.0,BET
flop,3,77.92,25.13,98.7,0,0.08125,0.243862,FOLD
river,1,48.89,29.6,141.85,0,0.5375,0.377118,CALL
preflop,3,56.91,7.3,89.39,0,0.15625,0.113689,CALL
river,3,8.61,0.0,140.43,0,0.0,0.0,CHECK
turn,1,61.17,0.0,130.24,0,0.38125,0.0,CHECK
river,1,50.54,14.51,48.2,0,0.9125,0.223059,RAISE
river,3,59.0,0.0,35.83,0,0.34375,0.0,CHECK
flop,4,24.4,2.92,25.96,0,0.2,0.106881,CALL
river,3,69.78,0.0,133.14,0,0.30625,0.0,CHECK
preflop,2,56.91,0.0,95.2,0,0.34375,0.0,CHECK
river,2,66.23,29.6,46.15,0,0.025,0.30888,FOLD
preflop,1,59.59,0.0,26.23,0,0.40625,0.0,CHECK
preflop,2,69.56,22.08,43.76,0,0.2875,0.240943,CALL
flop,3,66.21,22.29,112.13,0,0.6375,0.251864,CALL
turn,2,65.35,0.0,125.13,0,0.23125,0.0,CHECK
turn,2,72.83,33.71,138.61,0,0.575,0.316407,CALL
flop,4,61.13,28.41,110.14,0,0.06875,0.317288,FOLD
river,1,11.52,12.2,50.3,0,0.925,0.514334,RAISE
turn,2,28.64,0.0,101.41,0,0.125,0.0,CHECK
river,2,20.78,10.88,135.72,0,0.075,0.343651,FOLD
flop,1,51.98,0.0,64.94,0,0.5125,0.0,CHECK
flop,4,72.12,4.44,97.97,0,0.43125,0.057994,CALL
turn,1,5.63,5.94,28.4,0,0.21875,0.513397,FOLD
flop,4,24.52,26.33,53.9,0,0.025,0.517797,FOLD
turn,4,51.02,0.0,139.97,0,0.05,0.0,CHECK
river,2,74.8,17.32,101.18,0,0.03125,0.188016,FOLD
preflop,4,37.47,0.0,94.69,0,0.1,0.0,CHECK
river,1,10.02,8.89,101.97,0,0.3875,0.470122,FOLD
river,2,62.37,33.27,127.48,0,0.04375,0.347867,FOLD
flop,1,65.21,9.17,135.07,0,0.8375,0.123286,RAISE
preflop,2,6.07,0.0,66.51,0,0.35625,0.0,CHECK
river,3,23.77,17.54,28.34,0,0.7125,0.424595,RAISE
flop,4,45.09,0.0,132.84,0,0.1625,0.0,CHECK
turn,4,70.35,22.47,124.72,0,0.6,0.242081,CALL
flop,4,19.6,0.0,104.37,0,0.05625,0.0,CHECK
flop,2,44.54,20.26,78.62,0,0.19375,0.312654,FOLD
turn,1,24.83,0.0,115.35,0,0.9375,0.0,BET
river,1,18.16,0.0,79.59,0,0.7125,0.0,BET
turn,4,28.86,32.8,43.74,0,0.0625,0.531949,FOLD
preflop,4,33.81,21.55,26.86,0,0.275,0.38927,FOLD
river,4,12.59,8.5,38.01,0,0.0,0.403035,FOLD
preflop,2,48.34,24.93,24.49,0,0.38125,0.340248,CALL
preflop,1,14.71,8.8,130.25,0,0.35625,0.374309,CALL
flop,2,24.62,0.0,110.26,0,0.15625,0.0,CHECK
river,1,51.39,13.54,69.52,0,0.2875,0.208532,CALL
turn,3,74.37,0.0,62.84,0,0.23125,0.0,CHECK
preflop,2,52.35,0.0,38.7,0,0.4125,0.0,CHECK
turn,1,20.25,0.0,128.2,0,0.19375,0.0,CHECK
flop,1,52.02,31.67,92.53,0,0.55625,0.37842,CALL
river,4,59.31,11.46,139.68,0,0.56875,0.161933,CALL
turn,1,9.96,3.44,133.99,0,0.50625,0.256716,CALL
turn,4,33.36,27.3,144.96,0,0.50625,0.450049,CALL
flop,2,45.43,23.92,140.44,0,0.2,0.344917,FOLD
preflop,1,33.72,27.19,41.64,0,0.6125,0.446396,CALL
river,4,69.87,0.0,121.62,0,0.85625,0.0,BET
river,4,31.15,18.11,141.29,0,0.2375,0.367641,FOLD
river,4,32.35,28.29,103.06,0,0.0,0.466524,FOLD
river,3,79.9,2.02,83.1,0,0.03125,0.024658,CALL
turn,3,55.13,0.0,119.74,0,0.08125,0.0,CHECK
preflop,2,18.99,11.82,127.92,0,0.44375,0.383642,CALL
river,2,68.56,0.0,124.61,0,0.3,0.0,CHECK
turn,3,22.02,0.0,136.57,0,0.20625,0.0,CHECK
flop,4,59.08,6.18,119.03,0,0.7875,0.094698,RAISE
river,4,47.77,6.3,131.81,0,0.075,0.116516,FOLD
flop,3,11.48,0.0,74.26,0,0.09375,0.0,CHECK
flop,4,45.58,27.14,65.9,0,0.0625,0.373212,FOLD
river,1,48.59,0.0,38.59,0,0.5375,0.0,CHECK
preflop,4,20.11,0.0,120.84,0,0.2125,0.0,CHECK
river,2,70.74,0.0,32.11,0,0.6125,0.0,CHECK
turn,4,52.2,21.64,36.02,0,0.03125,0.293066,FOLD
turn,4,19.45,11.97,69.44,0,0.14375,0.380968,FOLD
turn,1,79.52,3.34,90.6,0,0.66875,0.040309,RAISE
flop,3,4.47,4.35,131.35,0,0.55625,0.493197,CALL
turn,2,8.75,5.4,32.79,0,0.08125,0.381625,FOLD
preflop,2,7.45,5.74,149.82,0,0.3125,0.435178,FOLD
river,1,7.75,0.0,121.83,0,0.68125,0.0,BET
preflop,4,24.53,0.0,21.85,0,0.25625,0.0,CHECK
river,4,64.53,10.16,42.02,0,0.75625,0.136029,RAISE
flop,1,44.96,32.43,105.22,0,0.45,0.419046,CALL
turn,1,9.7,0.0,149.08,0,0.475,0.0,CHECK
turn,4,3.59,0.72,75.09,0,0.0,0.167053,FOLD
turn,4,57.36,0.0,147.24,0,0.04375,0.0,CHECK
river,4,53.57,32.62,141.28,0,0.0125,0.378466,FOLD
flop,4,9.55,0.0,94.59,0,0.23125,0.0,CHECK
flop,2,66.8,13.28,115.7,0,0.10625,0.165834,FOLD
turn,1,14.28,0.0,135.59,0,0.375,0.0,CHECK
river,1,21.8,12.03,80.77,0,0.0125,0.355602,FOLD
turn,3,35.6,34.89,121.81,0,0.06875,0.494964,FOLD
turn,3,76.2,8.43,83.78,0,0.125,0.09961,CALL
turn,3,67.36,16.21,59.52,0,0.1125,0.193969,FOLD
flop,2,49.38,11.36,76.61,0,0.36875,0.187027,CALL
turn,1,19.57,16.18,82.57,0,0.11875,0.452587,FOLD
flop,2,76.18,10.1,66.44,0,0.075,0.117061,FOLD
river,1,4.01,2.93,135.19,0,0.9,0.42219,RAISE
turn,3,55.65,0.0,70.71,0,0.68125,0.0,BET
river,3,36.89,10.67,130.79,0,0.33125,0.224348,CALL
flop,3,65.77,10.27,121.03,0,0.73125,0.13506,RAISE
flop,2,77.15,0.0,135.14,0,0.19375,0.0,CHECK
river,3,55.2,0.0,122.42,0,0.21875,0.0,CHECK
turn,3,45.16,0.0,74.44,0,0.15625,0.0,CHECK
preflop,2,29.76,18.24,49.46,0,0.19375,0.38,FOLD
river,4,37.62,14.03,113.81,0,0.9125,0.271636,RAISE
flop,2,41.58,3.74,90.89,0,0.125,0.082524,CALL
preflop,2,76.26,21.77,35.12,0,0.2875,0.222075,CALL
river,1,30.59,0.0,130.39,0,0.8125,0.0,BET
preflop,1,10.82,0.0,122.9,0,0.4875,0.0,CHECK
river,2,32.62,0.0,100.02,0,0.8,0.0,BET
turn,2,24.2,20.18,104.49,0,0.15625,0.454709,FOLD
preflop,1,58.56,0.0,77.13,0,0.775,0.0,BET
turn,3,51.32,0.0,83.38,0,0.00625,0.0,CHECK
preflop,1,58.82,29.59,98.76,0,0.43125,0.334691,CALL
turn,3,33.27,0.0,130.78,0,0.54375,0.0,CHECK
river,3,66.13,0.0,92.01,0,0.00625,0.0,CHECK
preflop,4,62.51,10.79,136.0,0,0.1625,0.147203,CALL
flop,2,45.74,0.0,84.49,0,0.6875,0.0,BET
turn,4,75.94,7.25,41.14,0,0.0,0.08715,FOLD
flop,3,46.72,24.53,39.8,0,1.0,0.344281,RAISE
preflop,4,15.6,0.0,84.06,0,0.2375,0.0,CHECK
river,4,52.39,15.48,143.92,0,0.76875,0.228083,RAISE
flop,3,18.65,0.0,23.36,0,0.425,0.0,CHECK
flop,1,28.44,0.0,36.77,0,0.96875,0.0,BET
flop,2,69.47,0.0,126.34,0,0.1125,0.0,CHECK
preflop,3,51.18,26.02,91.61,0,0.3875,0.337047,CALL
preflop,3,25.1,14.81,146.68,0,0.3375,0.371085,FOLD
flop,2,20.59,17.22,37.86,0,0.9625,0.455435,RAISE
flop,1,47.56,13.75,28.58,0,0.3375,0.22427,CALL
flop,4,53.54,0.0,38.32,0,0.3375,0.0,CHECK
river,3,38.02,0.0,140.18,0,0.0125,0.0,CHECK
river,2,17.96,4.83,45.8,0,0.625,0.211935,CALL
turn,3,71.77,34.31,131.69,0,0.0125,0.323435,FOLD
flop,2,19.93,0.0,51.23,0,0.125,0.0,CHECK
flop,2,51.22,0.0,112.92,0,0.20625,0.0,CHECK
river,1,17.4,6.63,84.54,0,0.0625,0.275905,FOLD
turn,1,11.22,0.0,81.19,0,0.56875,0.0,CHECK
flop,1,78.06,32.97,37.04,0,0.9375,0.296947,RAISE
river,4,69.15,34.48,138.23,0,0.0625,0.332722,FOLD
turn,2,62.74,12.56,34.73,0,0.025,0.166799,FOLD
preflop,4,75.69,15.17,95.34,0,0.3375,0.16696,CALL
preflop,3,51.49,0.0,85.53,0,0.125,0.0,CHECK
turn,3,43.62,32.45,43.11,0,0.04375,0.426581,FOLD
preflop,3,63.48,14.19,99.67,0,0.29375,0.182696,CALL
flop,3,43.07,14.54,125.44,0,0.225,0.252387,FOLD
river,1,15.66,15.97,41.31,0,0.49375,0.5049,CALL
river,2,76.3,23.22,22.92,0,0.44375,0.23332,CALL
preflop,3,38.77,32.51,91.55,0,0.36875,0.456089,FOLD
river,2,64.03,0.0,125.75,0,0.04375,0.0,CHECK
flop,3,72.55,0.0,134.64,0,0.375,0.0,CHECK
flop,4,46.13,0.0,132.58,0,0.35,0.0,CHECK
river,4,13.91,16.31,76.32,0,0.29375,0.539709,FOLD
flop,4,14.58,7.0,48.77,0,0.35,0.324374,CALL
preflop,4,74.89,24.04,113.19,0,0.2,0.243,FOLD
preflop,4,77.95,0.0,21.79,0,0.2375,0.0,CHECK
turn,1,3.57,3.97,103.39,0,0.38125,0.526525,FOLD
turn,1,29.45,29.39,98.96,0,0.5625,0.49949,CALL
preflop,1,63.69,2.45,88.33,0,0.45625,0.037043,CALL
turn,1,43.65,23.51,126.17,0,0.9375,0.35006,RAISE
turn,4,63.84,17.33,78.77,0,0.6875,0.213503,RAISE
turn,4,46.33,3.46,97.32,0,0.31875,0.069492,CALL
river,4,41.83,0.0,92.09,0,0.1875,0.0,CHECK
turn,1,17.37,0.0,104.04,0,0.7125,0.0,BET
preflop,1,15.28,14.78,86.04,0,0.38125,0.491683,FOLD
turn,3,77.42,21.14,141.28,0,0.11875,0.214489,FOLD
preflop,1,53.45,0.0,148.45,0,0.6,0.0,CHECK
turn,3,70.0,14.64,118.79,0,0.125,0.172968,FOLD
preflop,1,45.44,34.5,132.04,0,0.40625,0.431574,FOLD
turn,1,49.44,0.0,86.18,0,0.1375,0.0,CHECK
river,4,57.99,16.03,148.87,0,0.0,0.216563,FOLD
river,3,9.81,2.15,29.79,0,0.8875,0.179766,RAISE
turn,2,39.29,30.09,108.25,0,0.25,0.433698,FOLD
preflop,2,72.99,22.6,66.55,0,0.4875,0.236426,CALL
river,3,12.25,0.0,69.41,0,0.9375,0.0,BET
turn,2,72.45,7.81,140.9,0,0.23125,0.097309,CALL
river,4,57.05,0.0,129.77,0,0.16875,0.0,CHECK
flop,3,56.24,17.78,94.05,0,0.225,0.240205,CALL
river,4,6.66,0.0,146.43,0,0.2125,0.0,CHECK
turn,4,39.74,15.55,126.88,0,0.0,0.281244,FOLD
river,2,62.04,0.0,125.53,0,0.00625,0.0,CHECK
flop,2,36.72,0.92,147.6,0,0.75625,0.024442,RAISE
turn,2,33.54,0.0,89.06,0,0.08125,0.0,CHECK
turn,3,78.72,0.0,84.12,0,0.15,0.0,CHECK
flop,4,42.03,14.32,41.44,0,0.4875,0.254126,CALL
river,4,7.62,3.12,59.09,0,0.9,0.290503,RAISE
river,2,23.09,0.0,104.05,0,0.125,0.0,CHECK
preflop,3,54.42,20.93,63.71,0,0.3,0.27777,CALL
turn,1,47.23,0.0,108.36,0,0.175,0.0,CHECK
preflop,4,76.75,0.0,69.58,0,0.14375,0.0,CHECK
preflop,3,3.35,0.0,101.5,0,0.2125,0.0,CHECK
turn,4,2.34,0.68,43.3,0,0.1125,0.225166,FOLD
flop,1,66.76,0.0,22.74,0,0.8125,0.0,BET
flop,3,63.37,0.0,119.21,0,0.06875,0.0,CHECK
turn,2,17.53,14.64,120.05,0,0.1125,0.455082,FOLD
flop,3,10.74,0.0,79.15,0,0.10625,0.0,CHECK
turn,2,30.02,24.39,119.53,0,0.88125,0.448263,RAISE
flop,3,24.19,1.8,95.64,0,0.1375,0.069257,CALL
river,1,50.26,32.06,125.42,0,0.9125,0.389456,RAISE
river,2,51.81,7.6,75.85,0,0.0125,0.127925,FOLD
turn,3,32.18,33.54,68.09,0,0.0625,0.510347,FOLD
preflop,1,10.49,0.0,35.63,0,0.4875,0.0,CHECK
river,3,53.5,4.15,85.32,0,0.56875,0.071986,CALL
river,3,24.86,9.48,61.41,0,0.0,0.276063,FOLD
river,2,69.86,4.75,138.56,0,0.65,0.063664,RAISE
turn,4,50.66,3.57,20.11,0,0.1625,0.065831,CALL
turn,1,57.03,9.64,30.82,0,0.7625,0.144593,RAISE
flop,4,2.46,0.71,141.68,0,0.2125,0.223975,CALL
flop,4,35.15,19.86,58.31,0,0.45625,0.361025,CALL
turn,4,53.83,0.0,127.16,0,0.0,0.0,CHECK
turn,4,21.93,0.0,73.04,0,0.0125,0.0,CHECK
turn,4,62.79,8.47,116.31,0,0.1875,0.118861,CALL
river,2,14.07,0.0,29.7,0,0.75,0.0,BET
preflop,2,21.7,10.64,37.88,0,0.19375,0.329004,FOLD
river,4,5.24,0.0,39.57,0,0.0375,0.0,CHECK
river,1,41.17,12.87,97.0,0,0.875,0.238157,RAISE
preflop,2,21.18,11.23,38.4,0,0.29375,0.346498,FOLD
flop,2,10.67,8.62,58.75,0,0.29375,0.446864,FOLD
river,4,7.14,2.33,103.44,0,0.65625,0.24604,RAISE
preflop,4,70.81,21.2,86.98,0,0.21875,0.23041,CALL
flop,3,78.28,14.04,70.5,0,0.0875,0.15208,FOLD
turn,1,34.57,0.0,135.22,0,0.44375,0.0,CHECK
preflop,3,34.39,0.0,31.65,0,0.38125,0.0,CHECK
preflop,3,46.71,0.0,128.84,0,0.28125,0.0,CHECK
flop,2,32.91,0.0,23.94,0,0.15,0.0,CHECK
turn,1,37.33,0.0,61.42,0,0.1,0.0,CHECK
river,3,54.49,14.84,73.76,0,0.0,0.214049,FOLD
river,1,70.39,28.95,92.78,0,0.78125,0.291423,RAISE
turn,2,35.2,11.34,44.99,0,0.1,0.243661,FOLD
flop,4,74.0,31.43,47.6,0,0.1375,0.298112,FOLD
preflop,1,20.06,21.15,70.1,0,0.3875,0.513225,FOLD
flop,3,50.15,25.64,79.22,0,0.16875,0.338303,FOLD
flop,4,47.8,28.14,94.58,0,0.81875,0.370556,RAISE
preflop,3,17.8,0.0,37.33,0,0.31875,0.0,CHECK
preflop,2,79.99,0.0,98.85,0,0.2,0.0,CHECK
river,2,19.67,3.92,116.17,0,0.0125,0.166172,FOLD
preflop,1,13.41,0.0,94.3,0,0.45625,0.0,CHECK
turn,2,71.17,0.0,47.92,0,0.20625,0.0,CHECK
turn,2,77.11,0.0,75.12,0,0.175,0.0,CHECK
river,1,26.35,0.0,33.55,0,0.35,0.0,CHECK
turn,3,3.28,3.82,146.97,0,0.14375,0.538028,FOLD
preflop,4,52.17,26.4,34.53,0,0.2375,0.336006,FOLD
flop,3,20.82,19.59,74.68,0,0.125,0.484781,FOLD
preflop,1,76.17,7.92,130.94,0,0.31875,0.094185,CALL
river,4,75.69,13.89,22.49,0,0.0,0.155057,FOLD
river,3,20.75,12.65,138.71,0,0.04375,0.378743,FOLD
flop,3,61.44,0.0,133.52,0,0.275,0.0,CHECK
flop,1,28.32,27.28,79.39,0,0.4,0.490647,FOLD
river,2,69.31,15.37,87.66,0,0.99375,0.181507,RAISE
turn,1,11.68,12.01,98.12,0,0.7,0.506965,RAISE
turn,4,2.53,0.0,30.89,0,0.5375,0.0,CHECK
preflop,3,13.54,6.36,42.6,0,0.24375,0.319598,FOLD
turn,2,47.49,25.4,53.29,0,0.325,0.34847,FOLD
river,4,29.23,25.41,63.35,0,0.05625,0.465044,FOLD
river,2,12.64,0.0,92.16,0,0.1125,0.0,CHECK
preflop,2,48.26,21.99,117.62,0,0.49375,0.313025,CALL
preflop,4,40.93,2.15,115.31,0,0.15,0.049907,CALL
turn,1,6.36,1.4,135.3,0,0.45625,0.180412,CALL
turn,4,19.91,0.0,40.88,0,0.0875,0.0,CHECK
river,4,62.88,0.0,28.75,0,0.2,0.0,CHECK
river,3,26.31,0.0,71.29,0,0.00625,0.0,CHECK
flop,1,29.15,30.5,106.31,0,0.7875,0.511316,RAISE
river,1,14.39,0.0,145.86,0,0.68125,0.0,BET
turn,1,76.82,30.87,26.0,0,0.25625,0.286656,FOLD
preflop,3,22.08,0.77,130.28,0,0.26875,0.033698,CALL
river,2,17.42,6.78,66.73,0,0.0125,0.280165,FOLD
flop,2,59.68,0.0,39.71,0,0.35625,0.0,CHECK
flop,4,45.04,0.0,148.29,0,0.2,0.0,CHECK
preflop,4,19.14,5.05,21.98,0,0.3375,0.208764,CALL
turn,4,14.89,0.0,71.15,0,0.1,0.0,CHECK
turn,1,46.55,4.38,77.55,0,0.2375,0.086,CALL
turn,4,59.47,0.0,96.36,0,0.31875,0.0,CHECK
river,3,26.29,22.39,146.76,0,0.46875,0.459942,CALL
river,2,28.86,0.0,64.83,0,0.51875,0.0,CHECK
turn,4,69.17,0.0,130.01,0,0.09375,0.0,CHECK
river,2,63.16,0.0,20.79,0,0.0,0.0,CHECK
flop,2,76.57,2.46,103.32,0,0.38125,0.031127,CALL
preflop,2,23.56,0.0,109.39,0,0.375,0.0,CHECK
river,3,8.86,0.0,113.23,0,0.4,0.0,CHECK
preflop,2,42.47,23.78,73.52,0,0.3625,0.358943,CALL
turn,2,30.78,22.39,78.36,0,0.0625,0.421102,FOLD
turn,2,32.31,0.0,27.62,0,0.2625,0.0,CHECK
river,4,65.89,0.0,65.02,0,0.0,0.0,CHECK
river,3,71.79,3.34,33.81,0,0.175,0.044456,CALL
preflop,1,30.31,0.0,134.42,0,0.49375,0.0,CHECK
preflop,1,19.77,4.24,93.65,0,0.74375,0.176593,RAISE
turn,3,73.16,0.0,77.08,0,0.84375,0.0,BET
preflop,4,19.99,18.7,148.26,0,0.11875,0.483329,FOLD
flop,1,21.72,4.84,51.16,0,0.45,0.182229,CALL
turn,4,46.22,19.67,54.91,0,0.10625,0.298528,FOLD
flop,2,42.23,22.16,57.34,0,0.225,0.344153,FOLD
river,2,5.88,3.32,148.11,0,0.075,0.36087,FOLD
river,3,34.74,0.0,36.87,0,0.0,0.0,CHECK
preflop,2,12.98,1.22,141.89,0,0.49375,0.085915,CALL
preflop,3,30.7,19.69,104.21,0,0.25625,0.390752,FOLD
turn,3,11.96,0.0,103.55,0,0.18125,0.0,CHECK
turn,1,38.7,12.03,121.45,0,0.275,0.237138,CALL
river,4,28.62,0.0,90.44,0,0.0,0.0,CHECK
preflop,3,75.42,0.0,33.66,0,0.2625,0.0,CHECK
flop,2,36.23,0.0,112.86,0,0.275,0.0,CHECK
flop,1,66.76,22.97,43.5,0,0.31875,0.25599,CALL
turn,1,45.99,0.0,120.94,0,0.85625,0.0,BET
turn,4,34.84,12.46,42.15,0,0.1,0.263425,FOLD
river,3,50.56,6.81,48.36,0,0.75625,0.118703,RAISE
flop,3,77.69,0.0,140.68,0,0.96875,0.0,BET
turn,4,74.36,0.0,146.11,0,0.03125,0.0,CHECK
turn,1,45.19,0.0,64.7,0,0.7375,0.0,BET
river,4,44.77,4.44,43.05,0,0.0,0.090226,FOLD
turn,2,76.21,0.0,92.27,0,0.9375,0.0,BET
river,2,31.03,4.23,120.51,0,0.38125,0.119966,CALL
flop,1,2.32,0.0,115.92,0,0.69375,0.0,BET
preflop,4,70.34,27.25,101.92,0,0.1875,0.279229,FOLD
turn,2,15.96,9.44,39.57,0,0.6625,0.371654,RAISE
turn,1,4.37,0.0,39.95,0,0.2875,0.0,CHECK
preflop,2,42.51,13.4,43.31,0,0.275,0.239671,CALL
preflop,2,42.37,0.0,41.11,0,0.26875,0.0,CHECK
turn,1,25.12,0.0,114.04,0,0.40625,0.0,CHECK
preflop,3,31.14,0.0,128.51,0,0.24375,0.0,CHECK
flop,4,56.18,0.0,54.23,0,0.18125,0.0,CHECK
flop,2,2.91,0.0,55.46,0,0.15,0.0,CHECK
turn,4,51.02,22.67,40.01,0,0.28125,0.30764,FOLD
preflop,3,64.92,0.0,96.02,0,0.19375,0.0,CHECK
river,2,47.0,0.76,118.32,0,0.225,0.015913,CALL
preflop,3,62.04,4.27,128.61,0,0.28125,0.064395,CALL
preflop,2,29.95,16.16,30.76,0,0.225,0.350466,FOLD
turn,2,36.63,12.18,111.34,0,0.05625,0.249539,FOLD
turn,2,58.3,0.0,128.68,0,0.825,0.0,BET
river,4,62.26,14.3,140.47,0,1.0,0.186782,RAISE
preflop,1,28.38,23.06,137.86,0,0.6875,0.448289,RAISE
turn,3,13.77,9.89,92.31,0,0.79375,0.418005,RAISE
preflop,1,16.08,13.54,47.48,0,0.4875,0.457124,CALL
flop,2,73.31,0.0,78.38,0,0.275,0.0,CHECK
turn,4,69.97,0.0,102.72,0,0.06875,0.0,CHECK
preflop,2,66.54,30.34,146.16,0,0.3125,0.313171,CALL
river,4,51.5,0.0,70.2,0,0.6125,0.0,CHECK
turn,3,77.09,22.9,98.91,0,0.6625,0.229023,RAISE
preflop,2,56.66,10.05,23.03,0,0.21875,0.150652,CALL
turn,3,56.35,33.23,73.17,0,0.2875,0.370953,FOLD
flop,4,77.12,14.89,25.79,0,0.13125,0.16183,FOLD
turn,4,9.1,0.0,36.26,0,0.0875,0.0,CHECK
flop,1,31.55,12.94,59.12,0,0.9125,0.290852,RAISE
flop,3,17.51,0.0,143.98,0,0.25625,0.0,CHECK
flop,2,9.69,2.85,132.95,0,0.6375,0.227273,CALL
flop,2,11.06,1.82,35.01,0,0.21875,0.141304,CALL
flop,3,62.02,27.64,36.62,0,0.18125,0.308276,FOLD
preflop,1,62.89,0.0,21.7,0,0.5625,0.0,CHECK
flop,3,77.16,0.0,30.02,0,0.55,0.0,CHECK
preflop,3,31.02,32.75,85.24,0,0.35,0.513564,FOLD
river,4,26.31,1.5,128.53,0,0.08125,0.053937,CALL
flop,1,27.96,6.63,20.9,0,0.675,0.191674,RAISE
preflop,2,34.77,0.0,107.54,0,0.26875,0.0,CHECK
preflop,2,13.31,2.01,57.47,0,0.375,0.131201,CALL
flop,3,24.75,20.66,69.47,0,0.3,0.454966,FOLD
flop,1,31.11,22.7,109.96,0,0.175,0.421855,FOLD
flop,2,22.05,0.0,25.49,0,0.1625,0.0,CHECK
preflop,2,28.6,5.1,26.42,0,0.38125,0.151335,CALL
flop,4,25.19,0.0,80.19,0,0.25,0.0,CHECK
turn,3,36.2,0.0,89.17,0,0.0625,0.0,CHECK
flop,2,45.7,0.0,20.44,0,0.15,0.0,CHECK
preflop,1,76.39,22.49,114.45,0,0.575,0.227447,CALL
turn,1,79.11,10.67,21.9,0,0.76875,0.118846,RAISE
river,3,3.77,0.7,73.87,0,0.58125,0.1566,CALL
flop,1,17.47,0.0,83.21,0,0.88125,0.0,BET
flop,4,73.16,0.0,117.84,0,0.10625,0.0,CHECK
turn,3,49.57,2.99,117.77,0,0.225,0.056887,CALL
preflop,2,51.01,27.08,36.61,0,0.75625,0.346779,RAISE
turn,1,19.56,0.0,94.1,0,0.61875,0.0,CHECK
turn,1,21.84,18.38,36.39,0,0.96875,0.456987,RAISE
turn,4,72.16,22.24,115.39,0,0.425,0.235593,CALL
turn,3,40.56,0.0,115.62,0,0.1125,0.0,CHECK
river,3,51.71,0.0,93.82,0,0.13125,0.0,CHECK
preflop,2,22.68,0.0,128.06,0,0.3,0.0,CHECK
turn,2,74.32,21.13,26.48,0,0.1,0.221372,FOLD
turn,1,55.22,1.2,57.02,0,0.5375,0.021269,CALL
turn,1,69.59,5.67,109.25,0,0.69375,0.075339,RAISE
flop,3,22.19,23.95,95.34,0,0.825,0.519072,RAISE
preflop,1,12.86,0.0,58.05,0,0.675,0.0,BET
turn,3,77.53,0.0,118.08,0,0.1625,0.0,CHECK
turn,4,36.88,1.78,102.47,0,0.1375,0.046042,CALL
preflop,3,28.89,0.0,53.22,0,0.15625,0.0,CHECK
turn,4,73.19,26.21,84.91,0,0.0375,0.263682,FOLD
preflop,1,62.98,0.0,105.74,0,0.375,0.0,CHECK
turn,2,9.89,0.0,54.77,0,0.025,0.0,CHECK
preflop,2,22.53,19.17,123.26,0,0.325,0.459712,FOLD
turn,1,42.01,10.6,21.03,0,0.325,0.201483,CALL
preflop,4,5.86,0.0,49.74,0,0.15,0.0,CHECK
preflop,3,52.47,24.59,146.34,0,0.20625,0.319102,FOLD
preflop,4,21.41,13.07,24.23,0,0.16875,0.37906,FOLD
flop,3,3.38,0.0,115.55,0,0.33125,0.0,CHECK
turn,1,74.34,3.53,87.78,0,0.14375,0.045332,CALL
flop,4,11.49,6.88,65.55,0,0.375,0.374524,CALL
turn,2,57.01,0.0,110.31,0,0.54375,0.0,CHECK
flop,4,12.87,0.0,128.43,0,0.03125,0.0,CHECK
river,4,55.6,16.44,47.98,0,0.0125,0.228207,FOLD
turn,2,24.86,20.46,53.5,0,0.1375,0.451456,FOLD
turn,1,45.14,0.0,24.4,0,0.3625,0.0,CHECK
preflop,3,69.91,23.62,47.02,0,0.2125,0.252539,FOLD
flop,3,56.07,0.0,127.1,0,0.55625,0.0,CHECK
flop,4,73.53,1.37,24.95,0,0.20625,0.018291,CALL
river,1,8.38,1.83,86.84,0,0.35,0.179236,CALL
turn,1,17.64,14.74,138.25,0,0.81875,0.455219,RAISE
river,4,5.15,5.93,139.86,0,0.0,0.535199,FOLD
river,1,30.27,0.0,73.03,0,0.225,0.0,CHECK
turn,3,41.13,0.0,133.53,0,0.3125,0.0,CHECK
river,4,12.63,12.08,122.66,0,0.16875,0.488871,FOLD
flop,3,45.26,16.28,79.05,0,0.13125,0.264543,FOLD
flop,4,8.92,1.47,128.14,0,0.11875,0.141482,FOLD
river,2,74.55,0.0,61.18,0,0.11875,0.0,CHECK
preflop,1,23.85,0.68,84.28,0,0.425,0.027721,CALL
flop,3,44.29,0.0,78.7,0,0.48125,0.0,CHECK
river,4,74.1,28.7,141.57,0,0.0,0.279183,FOLD
river,2,7.8,0.0,144.02,0,0.8875,0.0,BET
river,4,18.15,0.0,69.1,0,0.08125,0.0,CHECK
preflop,2,66.37,20.59,89.1,0,0.4,0.236776,CALL
turn,3,3.21,2.65,35.68,0,0.175,0.452218,FOLD
preflop,4,70.76,0.0,72.99,0,0.1625,0.0,CHECK
flop,3,46.63,0.0,119.34,0,0.1125,0.0,CHECK
turn,3,9.44,6.85,115.63,0,0.43125,0.420503,CALL
flop,2,79.16,4.59,130.46,0,0.33125,0.054806,CALL
turn,2,44.48,30.65,74.61,0,0.15625,0.40796,FOLD
turn,2,52.81,0.0,29.31,0,0.26875,0.0,CHECK
turn,3,58.48,0.0,77.36,0,0.76875,0.0,BET
turn,4,11.76,0.0,103.25,0,0.60625,0.0,CHECK
preflop,2,76.87,30.51,132.26,0,0.225,0.284131,FOLD
preflop,4,26.49,0.0,85.92,0,0.20625,0.0,CHECK
turn,4,49.32,0.0,27.31,0,0.0,0.0,CHECK
turn,1,33.18,0.0,93.02,0,0.325,0.0,CHECK
turn,3,27.65,0.0,134.1,0,0.1,0.0,CHECK
river,3,43.76,34.81,122.72,0,0.9375,0.443044,RAISE
preflop,3,29.34,0.0,36.33,0,0.14375,0.0,CHECK
preflop,3,24.68,17.92,92.61,0,0.43125,0.420657,CALL
river,2,70.17,32.78,89.01,0,0.71875,0.318407,RAISE
turn,4,17.01,4.99,106.22,0,0.1125,0.226818,FOLD
flop,4,71.78,2.28,69.77,0,0.06875,0.030786,CALL
preflop,4,71.95,0.0,28.56,0,0.16875,0.0,CHECK
river,4,58.17,0.0,59.52,0,0.675,0.0,BET
turn,2,26.95,0.0,144.94,0,0.34375,0.0,CHECK
preflop,1,54.61,0.0,135.4,0,0.35625,0.0,CHECK
flop,1,19.48,0.0,56.63,0,0.5125,0.0,CHECK
preflop,3,37.49,15.26,96.03,0,0.35,0.289289,CALL
flop,1,14.73,0.0,149.08,0,0.43125,0.0,CHECK
river,1,26.19,0.81,32.58,0,0.15625,0.03,CALL
river,2,28.12,0.0,135.83,0,0.1,0.0,CHECK
turn,3,12.47,7.62,38.98,0,0.43125,0.379293,CALL
river,4,48.87,18.74,126.94,0,0.0125,0.277178,FOLD
flop,1,31.32,31.92,49.74,0,0.2875,0.504744,FOLD
flop,1,64.6,0.0,40.54,0,0.8375,0.0,BET
preflop,2,31.74,0.0,97.24,0,0.56875,0.0,CHECK
preflop,2,39.31,0.0,68.6,0,0.3375,0.0,CHECK
river,1,27.63,30.25,138.45,0,0.3625,0.522633,FOLD
preflop,4,23.47,0.0,88.74,0,0.09375,0.0,CHECK
preflop,1,21.31,13.15,139.66,0,0.36875,0.381602,CALL
river,2,62.82,16.65,132.48,0,0.43125,0.209513,CALL
turn,4,55.91,0.0,118.89,0,0.0125,0.0,CHECK
river,4,13.43,5.73,118.13,0,0.25,0.299061,FOLD
preflop,1,60.34,15.23,54.15,0,0.575,0.201535,CALL
preflop,2,24.69,8.55,95.76,0,0.25,0.25722,CALL
turn,2,74.59,0.0,81.79,0,0.1875,0.0,CHECK
turn,1,41.8,19.36,103.13,0,0.75,0.316547,RAISE
flop,4,18.06,18.41,142.34,0,0.03125,0.504798,FOLD
flop,2,40.3,0.0,121.32,0,0.6,0.0,CHECK
river,4,13.3,5.99,60.92,0,0.0,0.310524,FOLD
preflop,3,63.51,34.91,129.91,0,0.2,0.354704,FOLD
turn,3,59.06,31.93,100.79,0,0.325,0.350918,FOLD
flop,2,66.67,32.49,66.48,0,0.30625,0.327652,FOLD
flop,2,72.05,0.0,116.11,0,0.1875,0.0,CHECK
turn,3,35.65,2.95,129.06,0,0.1,0.076425,CALL
preflop,2,6.84,0.0,114.95,0,0.3,0.0,CHECK
river,2,35.88,0.0,119.93,0,0.55,0.0,CHECK
flop,1,70.35,0.0,110.5,0,0.29375,0.0,CHECK
turn,3,3.78,0.0,83.94,0,0.625,0.0,BET
river,1,58.4,18.25,122.14,0,0.05,0.238095,FOLD
preflop,2,58.77,0.0,58.18,0,0.28125,0.0,CHECK
river,4,39.95,0.0,112.68,0,0.6625,0.0,BET
flop,2,53.44,28.46,36.58,0,0.20625,0.347497,FOLD
preflop,3,20.83,14.72,147.65,0,0.325,0.414065,FOLD
river,1,71.13,0.0,86.33,0,0.2,0.0,CHECK
preflop,3,68.73,0.0,25.31,0,0.10625,0.0,CHECK
river,2,21.25,15.68,99.41,0,0.06875,0.424587,FOLD
flop,2,14.59,3.19,64.34,0,0.1375,0.179415,FOLD
river,2,27.87,10.5,31.45,0,0.55625,0.273651,CALL
turn,1,41.34,2.26,67.68,0,0.775,0.051835,RAISE
preflop,1,48.23,0.0,59.54,0,0.4625,0.0,CHECK
turn,4,25.34,0.0,93.17,0,0.025,0.0,CHECK
flop,3,50.93,13.57,48.09,0,0.3375,0.210388,CALL
river,3,76.74,0.0,62.57,0,0.0,0.0,CHECK
flop,2,37.5,0.0,100.73,0,0.2125,0.0,CHECK
flop,3,58.19,15.31,24.66,0,0.025,0.208299,FOLD
river,2,41.81,14.55,71.37,0,0.2,0.258162,FOLD
preflop,4,43.89,8.01,21.05,0,0.075,0.154335,FOLD
turn,4,32.7,2.85,91.83,0,0.08125,0.080169,CALL
river,4,67.65,3.37,35.97,0,0.0,0.047451,FOLD
flop,2,31.87,0.0,118.34,0,0.15625,0.0,CHECK
flop,1,6.6,7.85,79.93,0,0.34375,0.543253,FOLD
preflop,3,46.63,29.02,148.01,0,0.40625,0.383609,CALL
flop,4,57.4,0.0,95.9,0,0.03125,0.0,CHECK
river,3,2.04,0.0,131.84,0,0.95625,0.0,BET
flop,3,35.12,0.0,133.74,0,0.8,0.0,BET
turn,4,7.56,0.0,33.01,0,0.0875,0.0,CHECK
preflop,4,40.52,3.42,141.56,0,0.1125,0.077833,CALL
flop,2,55.76,27.47,23.61,0,0.5,0.330049,CALL
preflop,1,71.23,0.0,92.0,0,0.4375,0.0,CHECK
river,3,45.01,0.0,51.42,0,0.0125,0.0,CHECK
preflop,4,72.22,21.63,105.13,0,0.30625,0.230474,CALL
turn,3,72.59,15.46,74.91,0,0.1,0.175582,FOLD
preflop,4,73.44,11.33,23.51,0,0.0625,0.133656,FOLD
preflop,2,9.03,4.95,76.86,0,0.23125,0.354077,FOLD
preflop,3,72.13,0.0,124.74,0,0.21875,0.0,CHECK
flop,2,53.06,23.54,130.76,0,0.31875,0.307311,CALL
flop,2,36.7,0.0,43.58,0,0.25,0.0,CHECK
turn,2,25.48,0.0,135.28,0,0.2125,0.0,CHECK
preflop,2,28.2,23.8,32.93,0,0.475,0.457692,CALL
turn,2,30.81,5.4,107.16,0,0.29375,0.14913,CALL
river,4,37.28,0.0,100.53,0,0.775,0.0,BET
river,1,22.34,0.0,110.58,0,0.81875,0.0,BET
preflop,1,53.8,0.0,42.13,0,0.35,0.0,CHECK
preflop,1,21.15,0.0,136.8,0,0.55,0.0,CHECK
preflop,4,37.46,32.53,77.72,0,0.10625,0.464781,FOLD
turn,1,34.13,31.01,63.97,0,0.54375,0.476052,CALL
flop,2,51.38,24.96,74.68,0,0.13125,0.326958,FOLD
river,1,64.38,0.0,27.47,0,0.9125,0.0,BET
preflop,4,72.12,25.26,61.73,0,0.19375,0.259396,FOLD
preflop,2,62.62,4.36,47.91,0,0.28125,0.065094,CALL
turn,2,70.48,0.0,85.1,0,0.09375,0.0,CHECK
turn,4,7.49,0.0,25.86,0,0.0375,0.0,CHECK
turn,3,63.57,0.0,76.79,0,0.20625,0.0,CHECK
preflop,4,18.19,0.0,29.57,0,0.11875,0.0,CHECK
turn,4,64.83,1.8,58.91,0,0.475,0.027015,CALL
preflop,2,3.53,0.0,48.49,0,0.2625,0.0,CHECK
turn,3,42.52,21.19,104.8,0,0.225,0.332601,FOLD
turn,1,39.74,25.55,78.11,0,0.09375,0.391331,FOLD
flop,4,22.13,0.0,67.21,0,0.125,0.0,CHECK
flop,3,7.85,0.0,53.37,0,0.2,0.0,CHECK
flop,4,52.36,1.81,45.74,0,0.23125,0.033413,CALL
turn,4,43.28,8.22,88.59,0,0.04375,0.159612,FOLD
turn,4,68.72,0.0,99.04,0,0.4875,0.0,CHECK
preflop,1,39.68,28.25,59.31,0,0.7875,0.415869,RAISE
flop,4,52.72,8.35,23.09,0,0.21875,0.136728,CALL
preflop,3,67.38,0.0,35.26,0,0.43125,0.0,CHECK
flop,3,10.88,0.0,136.47,0,0.45625,0.0,CHECK
preflop,3,28.43,8.69,31.32,0,0.29375,0.234106,CALL
flop,3,44.08,0.0,78.44,0,0.075,0.0,CHECK
river,1,25.63,21.27,112.83,0,0.9125,0.453518,RAISE
preflop,3,35.83,24.04,101.24,0,0.23125,0.401537,FOLD
turn,3,40.4,4.38,20.97,0,0.28125,0.097812,CALL
river,4,15.73,0.0,64.14,0,0.375,0.0,CHECK
flop,4,60.15,10.3,135.86,0,0.125,0.146203,FOLD
flop,1,9.83,0.0,100.92,0,0.5875,0.0,CHECK
river,1,66.15,11.75,135.19,0,0.29375,0.150834,CALL
preflop,1,25.72,9.56,102.55,0,0.575,0.270975,CALL
preflop,1,45.61,19.24,95.97,0,0.49375,0.296685,CALL
turn,2,72.03,0.0,135.1,0,0.39375,0.0,CHECK
turn,4,67.12,0.0,37.17,0,0.03125,0.0,CHECK
river,4,30.93,0.0,20.54,0,0.45,0.0,CHECK
preflop,2,39.29,6.69,60.35,0,0.325,0.145498,CALL
river,3,29.84,0.0,71.47,0,0.8875,0.0,BET
turn,1,54.98,0.0,21.84,0,0.60625,0.0,CHECK
turn,4,72.39,0.72,41.96,0,0.50625,0.009848,CALL
river,3,8.82,0.0,137.62,0,0.5,0.0,CHECK
river,1,73.44,18.3,84.39,0,0.9125,0.199477,RAISE
turn,3,9.2,6.27,23.22,0,0.70625,0.405301,RAISE
river,3,22.03,0.0,27.56,0,0.00625,0.0,CHECK
turn,2,5.45,0.0,41.06,0,0.74375,0.0,BET
flop,4,56.88,0.0,68.74,0,0.45,0.0,CHECK
preflop,4,45.44,0.0,89.39,0,0.05,0.0,CHECK
flop,1,27.8,24.17,34.82,0,0.1875,0.465076,FOLD
river,3,24.3,0.0,108.98,0,0.0,0.0,CHECK
river,2,61.67,16.98,34.0,0,0.0375,0.215893,FOLD
flop,2,16.37,7.67,83.99,0,0.5125,0.319052,CALL
flop,2,43.96,0.0,129.3,0,0.9,0.0,BET
turn,2,64.19,8.42,36.35,0,0.275,0.115962,CALL
flop,3,6.23,0.0,58.44,0,0.0625,0.0,CHECK
turn,3,49.87,1.96,101.93,0,0.4875,0.037816,CALL
preflop,3,36.34,11.3,125.59,0,0.28125,0.237196,CALL
preflop,3,67.85,31.59,26.48,0,0.5375,0.317679,CALL
flop,2,27.7,21.09,107.21,0,0.3375,0.432261,FOLD
turn,2,69.33,0.0,33.41,0,0.2625,0.0,CHECK
river,1,27.24,5.73,73.75,0,0.95,0.173794,RAISE
flop,4,9.5,6.86,65.6,0,0.08125,0.419315,FOLD
preflop,1,56.47,20.29,82.49,0,0.3625,0.26433,CALL
preflop,1,7.45,4.09,112.73,0,0.45,0.354419,CALL
river,4,23.53,0.0,51.61,0,0.04375,0.0,CHECK
flop,3,23.06,1.59,90.66,0,0.34375,0.064503,CALL
preflop,3,68.71,34.6,63.39,0,0.43125,0.334914,CALL
flop,4,22.43,0.66,82.86,0,0.1,0.028584,CALL
river,1,17.83,19.91,75.69,0,0.5,0.527557,FOLD
river,3,28.66,0.0,124.31,0,0.55625,0.0,CHECK
flop,2,58.04,0.0,92.05,0,0.24375,0.0,CHECK
river,2,70.21,2.44,34.49,0,0.725,0.033586,RAISE
flop,3,66.1,0.0,70.19,0,0.2125,0.0,CHECK
flop,1,38.23,19.34,113.7,0,0.2625,0.335939,FOLD
preflop,1,9.13,6.0,47.13,0,0.3,0.396563,FOLD
preflop,4,7.45,0.0,76.17,0,0.13125,0.0,CHECK
preflop,1,32.36,0.0,116.76,0,0.60625,0.0,CHECK
turn,3,49.51,0.0,139.6,0,0.20625,0.0,CHECK
preflop,3,54.44,0.0,37.6,0,0.30625,0.0,CHECK
preflop,4,33.01,0.0,95.48,0,0.225,0.0,CHECK
flop,1,8.51,8.16,134.22,0,0.575,0.489502,CALL
river,3,6.65,0.0,61.81,0,0.1875,0.0,CHECK
river,4,66.01,0.0,128.08,0,0.80625,0.0,BET
river,2,17.31,0.0,60.88,0,0.625,0.0,BET
turn,3,40.22,0.0,35.48,0,0.13125,0.0,CHECK
turn,3,31.87,20.75,39.15,0,0.06875,0.394337,FOLD
flop,2,15.31,18.36,52.17,0,0.21875,0.545293,FOLD
preflop,3,18.71,0.0,81.09,0,0.44375,0.0,CHECK
preflop,2,43.46,0.0,30.99,0,0.45,0.0,CHECK
flop,4,43.14,0.0,57.23,0,0.05625,0.0,CHECK
flop,2,44.28,16.39,111.38,0,0.175,0.27015,FOLD
flop,1,7.07,0.0,115.79,0,0.43125,0.0,CHECK
preflop,4,24.14,0.0,42.92,0,0.16875,0.0,CHECK
preflop,2,45.2,0.0,41.4,0,0.3125,0.0,CHECK
flop,1,34.56,0.0,65.73,0,0.31875,0.0,CHECK
turn,3,5.33,0.0,54.15,0,0.1125,0.0,CHECK
river,1,27.27,0.0,94.72,0,0.775,0.0,BET
flop,1,50.94,0.0,57.53,0,0.2625,0.0,CHECK
river,1,21.77,22.19,38.78,0,0.66875,0.504777,RAISE
turn,2,34.07,1.41,36.66,0,0.05,0.039741,CALL
river,2,70.54,0.0,133.09,0,0.40625,0.0,CHECK
river,2,33.52,12.46,32.91,0,0.00625,0.270987,FOLD
river,3,61.48,27.52,55.2,0,0.2125,0.309213,FOLD
preflop,2,34.41,9.84,96.88,0,0.3125,0.222373,CALL
river,2,15.01,15.03,136.37,0,0.175,0.500333,FOLD
turn,4,54.16,0.0,58.39,0,0.04375,0.0,CHECK
river,1,36.24,32.53,62.46,0,0.70625,0.473026,RAISE
river,1,49.6,9.94,66.43,0,0.54375,0.166947,CALL
flop,4,68.0,0.0,65.67,0,0.25,0.0,CHECK
preflop,3,73.25,22.29,99.84,0,0.29375,0.233305,CALL
turn,1,18.85,18.64,117.65,0,0.81875,0.497199,RAISE
turn,4,38.92,0.0,121.81,0,0.40625,0.0,CHECK
preflop,4,26.91,7.1,148.08,0,0.19375,0.208762,CALL
flop,4,10.17,0.0,67.8,0,0.075,0.0,CHECK
preflop,3,33.84,0.0,100.71,0,0.1375,0.0,CHECK
turn,3,59.4,15.96,62.41,0,0.60625,0.211783,CALL
flop,2,22.07,7.99,67.78,0,0.3125,0.265802,CALL
preflop,3,45.48,34.75,132.66,0,0.225,0.43313,FOLD
preflop,2,74.07,0.0,32.52,0,0.20625,0.0,CHECK
preflop,3,23.39,0.0,40.54,0,0.35625,0.0,CHECK
river,1,6.96,0.0,92.57,0,0.70625,0.0,BET
river,2,69.56,6.83,64.99,0,0.2,0.08941,CALL
flop,2,67.51,1.77,46.85,0,0.325,0.025548,CALL
turn,1,72.56,0.0,107.29,0,0.2,0.0,CHECK
flop,1,51.85,34.61,113.17,0,0.44375,0.400301,CALL
turn,2,43.31,17.4,37.03,0,0.05,0.286608,FOLD
flop,2,46.01,0.0,70.89,0,0.48125,0.0,CHECK
preflop,1,76.8,1.37,83.53,0,0.525,0.017526,CALL
flop,1,27.54,16.93,144.98,0,0.19375,0.380706,FOLD
turn,1,48.37,0.0,96.16,0,0.43125,0.0,CHECK
flop,4,21.66,1.07,65.89,0,0.2,0.047074,CALL
turn,2,71.58,10.16,58.3,0,0.13125,0.124297,CALL
preflop,1,34.3,7.14,88.71,0,0.425,0.172297,CALL
flop,2,2.1,0.0,71.06,0,0.7,0.0,BET
river,1,4.78,0.0,56.26,0,0.6625,0.0,BET
river,4,26.34,23.47,85.34,0,0.0,0.471191,FOLD
preflop,3,35.07,32.49,139.77,0,0.31875,0.480906,FOLD
river,2,10.76,0.0,115.11,0,0.71875,0.0,BET
turn,4,61.02,29.85,125.93,0,0.50625,0.328491,CALL
turn,4,52.58,28.18,93.37,0,0.0375,0.348935,FOLD
preflop,3,69.4,28.43,120.66,0,0.1625,0.290606,FOLD
preflop,3,16.69,11.7,105.98,0,0.18125,0.412117,FOLD
turn,3,16.79,0.0,111.53,0,0.0625,0.0,CHECK
river,1,11.18,1.16,33.01,0,0.2125,0.094003,CALL
preflop,1,7.14,1.49,79.7,0,0.5375,0.172654,CALL
river,1,44.92,27.66,127.57,0,0.65,0.381097,RAISE
flop,1,66.48,0.0,79.23,0,0.14375,0.0,CHECK
preflop,3,2.52,1.83,90.12,0,0.4,0.42069,FOLD
turn,2,26.49,7.46,128.67,0,0.0625,0.219735,FOLD
flop,4,36.37,26.76,110.45,0,0.05625,0.423887,FOLD
flop,3,60.13,0.0,125.36,0,0.225,0.0,CHECK
flop,1,67.39,0.0,82.96,0,0.525,0.0,CHECK
turn,1,63.54,24.56,66.32,0,0.15,0.278774,FOLD
river,3,17.84,17.4,134.35,0,0.2,0.493757,FOLD
turn,2,18.21,18.3,21.42,0,0.34375,0.501233,FOLD
turn,1,30.83,7.75,22.29,0,0.95,0.200881,RAISE
preflop,4,7.07,2.67,88.27,0,0.15625,0.274127,FOLD
turn,3,72.2,31.86,61.46,0,0.1,0.30617,FOLD
turn,2,53.02,0.0,98.95,0,0.175,0.0,CHECK
preflop,1,77.51,0.0,20.78,0,0.40625,0.0,CHECK
turn,3,2.48,0.0,93.04,0,0.1375,0.0,CHECK
preflop,4,31.99,16.78,65.07,0,0.2125,0.344064,FOLD
flop,2,34.56,10.2,139.11,0,0.45,0.227882,CALL
flop,3,11.92,11.49,144.42,0,0.19375,0.490816,FOLD
river,3,73.53,33.61,20.05,0,0.9875,0.313702,RAISE
turn,2,58.74,11.04,93.29,0,0.3,0.158212,CALL
river,3,70.59,0.0,99.86,0,0.81875,0.0,BET
flop,1,10.91,12.53,57.11,0,0.2375,0.534556,FOLD
turn,1,23.57,0.0,59.68,0,0.4,0.0,CHECK
preflop,3,58.0,33.56,147.13,0,0.18125,0.366536,FOLD
river,1,10.02,10.64,106.1,0,0.075,0.515005,FOLD
preflop,1,59.52,0.0,121.13,0,0.5125,0.0,CHECK
preflop,4,22.24,2.85,45.48,0,0.15625,0.113591,CALL
river,1,41.37,28.83,30.69,0,0.85,0.410684,RAISE
preflop,1,48.59,0.0,145.99,0,0.49375,0.0,CHECK
turn,1,65.86,17.02,73.59,0,0.6,0.205357,CALL
river,4,78.23,0.0,39.74,0,0.0,0.0,CHECK
river,3,65.03,12.68,95.48,0,0.45,0.163171,CALL
river,3,75.42,20.94,98.09,0,0.2375,0.21731,CALL
flop,2,71.79,0.0,132.47,0,0.40625,0.0,CHECK
preflop,1,5.33,0.0,64.68,0,0.8375,0.0,BET
flop,4,11.62,0.0,143.24,0,0.0875,0.0,CHECK
flop,3,12.37,0.0,124.77,0,0.7375,0.0,BET
river,1,50.84,0.0,129.56,0,0.475,0.0,CHECK
preflop,1,73.91,0.0,137.34,0,0.425,0.0,CHECK
flop,1,39.58,6.23,61.34,0,0.3375,0.135997,CALL
preflop,4,31.91,0.0,66.19,0,0.1375,0.0,CHECK
preflop,4,79.2,1.07,62.96,0,0.11875,0.01333,CALL
turn,4,67.49,12.97,129.13,0,0.0625,0.161198,FOLD
flop,3,33.59,30.53,75.79,0,0.15,0.476138,FOLD
turn,3,24.87,26.0,53.71,0,0.075,0.511107,FOLD
flop,3,18.33,0.68,20.61,0,0.5375,0.035771,CALL
river,3,51.72,0.0,143.93,0,0.26875,0.0,CHECK
flop,3,43.48,0.0,79.71,0,0.16875,0.0,CHECK
preflop,3,16.67,13.22,42.68,0,0.34375,0.442288,FOLD
river,1,60.4,0.0,133.41,0,0.95,0.0,BET
flop,3,5.16,4.96,110.23,0,0.5625,0.490119,CALL
turn,3,77.08,10.92,73.49,0,0.20625,0.124091,CALL
flop,1,75.07,22.53,63.68,0,0.46875,0.23084,CALL
flop,4,78.73,14.2,31.59,0,0.13125,0.152803,FOLD
flop,2,29.7,0.0,53.15,0,0.78125,0.0,BET
river,2,24.2,18.98,121.21,0,0.0375,0.439555,FOLD
preflop,1,14.9,15.64,135.22,0,0.65625,0.512115,RAISE
turn,3,39.7,0.0,138.48,0,0.58125,0.0,CHECK
preflop,1,71.44,0.0,62.5,0,0.50625,0.0,CHECK
preflop,4,27.03,28.37,129.3,0,0.175,0.512094,FOLD
flop,2,7.3,6.0,57.95,0,0.81875,0.451128,RAISE
river,1,27.31,0.0,85.42,0,0.7625,0.0,BET
turn,1,68.44,0.0,78.45,0,0.98125,0.0,BET
preflop,4,6.76,0.0,66.47,0,0.20625,0.0,CHECK
flop,3,67.43,31.96,81.89,0,0.29375,0.321562,FOLD
flop,2,17.44,0.0,59.85,0,0.175,0.0,CHECK
preflop,1,8.89,0.0,36.84,0,0.46875,0.0,CHECK
flop,3,2.03,0.0,149.94,0,0.425,0.0,CHECK
turn,1,79.19,10.58,101.64,0,0.6,0.117857,CALL
turn,3,31.79,14.2,25.31,0,0.10625,0.308763,FOLD
preflop,4,17.52,0.0,145.2,0,0.225,0.0,CHECK
turn,2,37.0,33.3,124.37,0,0.225,0.473684,FOLD
turn,2,23.5,10.36,113.26,0,0.13125,0.305966,FOLD
preflop,1,53.54,7.56,83.64,0,0.66875,0.123732,RAISE
preflop,1,57.71,0.0,140.48,0,0.475,0.0,CHECK
river,3,38.9,0.0,74.57,0,0.475,0.0,CHECK
flop,3,79.37,0.0,124.25,0,0.30625,0.0,CHECK
preflop,2,55.06,26.22,62.69,0,0.14375,0.322589,FOLD
turn,4,17.9,18.74,143.15,0,0.19375,0.511463,FOLD
flop,4,58.9,16.43,26.44,0,0.475,0.218107,CALL
preflop,2,14.34,16.31,107.15,0,0.36875,0.532137,FOLD
preflop,3,22.88,24.84,81.15,0,0.13125,0.520536,FOLD
preflop,4,23.5,28.06,24.73,0,0.325,0.54422,FOLD
river,4,25.81,0.0,98.59,0,0.45625,0.0,CHECK
flop,1,25.91,16.43,148.62,0,0.6375,0.388049,CALL
turn,4,40.89,8.42,23.15,0,0.00625,0.170756,FOLD
turn,4,33.8,5.79,131.81,0,0.65625,0.146249,RAISE
flop,3,74.36,0.0,79.48,0,0.625,0.0,BET
river,2,31.44,29.45,95.6,0,0.125,0.483659,FOLD
turn,2,58.71,22.96,129.88,0,0.5125,0.281131,CALL
river,4,43.25,0.0,94.15,0,0.03125,0.0,CHECK
flop,3,41.75,11.06,75.51,0,0.3875,0.20943,CALL
preflop,1,76.3,5.77,59.23,0,0.3125,0.070306,CALL
turn,1,44.57,15.44,50.8,0,0.25,0.25729,CALL
preflop,1,41.45,0.0,115.96,0,0.525,0.0,CHECK
flop,2,54.48,9.11,146.34,0,0.08125,0.143262,FOLD
flop,2,46.93,0.0,74.79,0,0.175,0.0,CHECK
turn,4,33.19,13.15,58.51,0,0.0375,0.283772,FOLD
preflop,1,72.38,28.7,88.02,0,0.60625,0.283934,CALL
turn,4,37.63,10.05,147.59,0,0.0,0.21078,FOLD
turn,3,41.89,0.0,48.55,0,0.30625,0.0,CHECK
preflop,3,15.11,0.0,57.6,0,0.20625,0.0,CHECK
turn,2,19.24,6.63,147.34,0,0.13125,0.256281,FOLD
river,3,39.7,0.0,59.0,0,0.0,0.0,CHECK
flop,3,3.54,0.0,51.21,0,0.5875,0.0,CHECK
flop,4,33.11,17.59,56.56,0,0.14375,0.346943,FOLD
flop,3,71.3,0.0,95.79,0,0.1,0.0,CHECK
river,1,31.27,8.46,31.9,0,0.88125,0.212937,RAISE
river,1,8.85,0.0,76.38,0,0.25,0.0,CHECK
river,2,44.36,0.0,92.96,0,0.3875,0.0,CHECK
preflop,2,28.53,26.75,37.7,0,0.3,0.4839,FOLD
turn,2,19.49,0.0,125.01,0,0.1125,0.0,CHECK
preflop,1,59.86,32.9,145.65,0,0.525,0.354679,CALL
turn,4,55.33,31.92,89.39,0,0.4625,0.365845,CALL
preflop,4,47.75,5.54,62.48,0,0.125,0.103959,CALL
flop,4,46.38,20.01,23.49,0,0.49375,0.301401,CALL
turn,4,16.49,16.0,139.13,0,0.09375,0.492459,FOLD
flop,3,19.84,0.0,32.45,0,0.0875,0.0,CHECK
preflop,1,7.83,1.15,28.12,0,0.5625,0.128062,CALL
river,1,79.25,31.68,81.16,0,0.5125,0.285586,CALL
river,4,34.98,11.78,29.95,0,0.0,0.251925,FOLD
preflop,1,42.14,0.0,34.93,0,0.45625,0.0,CHECK
flop,1,47.13,0.0,26.53,0,0.75625,0.0,BET
river,1,39.56,29.04,85.82,0,0.7875,0.423324,RAISE
flop,1,10.27,0.0,149.27,0,0.39375,0.0,CHECK
flop,1,49.52,0.0,87.3,0,0.225,0.0,CHECK
preflop,4,75.62,0.0,99.66,0,0.175,0.0,CHECK
river,4,8.21,8.55,112.38,0,0.7875,0.510143,RAISE
preflop,3,17.61,0.0,68.62,0,0.2,0.0,CHECK
preflop,3,75.09,9.83,123.31,0,0.2625,0.115756,CALL
river,3,10.0,0.0,98.27,0,0.1875,0.0,CHECK
river,1,33.58,18.8,73.47,0,0.34375,0.358916,CALL
river,1,29.57,9.68,43.9,0,0.3,0.246624,CALL
preflop,1,8.28,0.0,105.32,0,0.45,0.0,CHECK
flop,1,47.57,0.0,90.64,0,0.5,0.0,CHECK
preflop,3,7.05,0.0,56.1,0,0.24375,0.0,CHECK
river,4,40.09,23.38,126.03,0,0.6625,0.368363,RAISE
turn,3,14.84,0.0,72.38,0,0.175,0.0,CHECK
flop,1,61.88,0.0,126.95,0,0.59375,0.0,CHECK
flop,2,36.99,7.46,135.71,0,0.24375,0.167829,CALL
preflop,4,79.06,8.8,100.2,0,0.19375,0.100159,CALL
preflop,1,5.41,0.0,123.47,0,0.39375,0.0,CHECK
turn,4,65.54,17.82,83.39,0,0.64375,0.213772,CALL
turn,1,9.48,7.44,76.79,0,0.3625,0.439716,FOLD
preflop,3,51.33,7.4,98.61,0,0.1625,0.126,CALL
river,2,55.38,28.87,20.79,0,0.00625,0.342671,FOLD
turn,3,33.74,11.21,115.84,0,0.125,0.249388,FOLD
river,2,51.68,31.87,105.06,0,0.64375,0.381448,CALL
river,2,30.04,24.71,64.07,0,0.175,0.451324,FOLD
turn,4,22.89,15.14,81.63,0,0.1,0.398107,FOLD
flop,4,42.45,22.39,23.76,0,0.06875,0.345312,FOLD
turn,2,61.98,0.0,66.72,0,0.075,0.0,CHECK
flop,4,71.36,14.61,58.08,0,0.26875,0.169943,CALL
turn,4,29.82,24.92,121.45,0,0.0875,0.455243,FOLD
preflop,3,44.04,0.0,82.28,0,0.13125,0.0,CHECK
river,3,22.54,0.0,147.71,0,0.0,0.0,CHECK
flop,4,68.36,33.45,48.67,0,0.43125,0.328553,CALL
turn,3,56.03,0.0,114.68,0,0.70625,0.0,BET
preflop,3,8.34,2.41,136.76,0,0.2375,0.224186,CALL
turn,4,71.07,19.89,45.59,0,0.0,0.218668,FOLD
flop,1,59.5,0.0,117.05,0,0.2875,0.0,CHECK
flop,4,21.54,0.0,131.53,0,0.21875,0.0,CHECK
preflop,4,26.4,16.33,101.8,0,0.15,0.382167,FOLD
preflop,3,71.06,0.0,138.26,0,0.18125,0.0,CHECK
preflop,4,2.95,2.02,145.7,0,0.10625,0.406439,FOLD
turn,2,53.5,21.78,89.65,0,0.95,0.28932,RAISE
turn,4,39.74,0.0,112.75,0,0.6125,0.0,CHECK
preflop,1,65.73,0.0,137.51,0,0.5125,0.0,CHECK
flop,1,28.67,0.0,142.87,0,0.7875,0.0,BET
flop,3,55.78,9.49,73.78,0,0.03125,0.145396,FOLD
river,2,31.07,0.0,26.1,0,0.3375,0.0,CHECK
turn,2,68.81,23.96,134.69,0,0.1875,0.258273,FOLD
preflop,3,11.83,6.21,100.99,0,0.23125,0.344235,FOLD
flop,3,3.82,1.92,123.9,0,0.1,0.334495,FOLD
river,2,51.02,0.0,133.57,0,0.1875,0.0,CHECK
river,2,41.16,30.62,21.6,0,0.15,0.426581,FOLD
river,2,9.81,8.74,54.04,0,0.4625,0.471159,CALL
preflop,3,19.9,0.0,39.79,0,0.38125,0.0,CHECK
flop,1,58.25,8.86,30.58,0,0.75625,0.132022,RAISE
flop,4,57.85,0.0,129.48,0,0.0625,0.0,CHECK
preflop,3,15.58,12.21,99.23,0,0.1625,0.439367,FOLD
turn,4,72.94,9.64,91.69,0,0.83125,0.116735,RAISE
river,4,76.87,0.0,141.29,0,0.00625,0.0,CHECK
preflop,4,19.71,0.0,141.83,0,0.1875,0.0,CHECK
flop,2,65.31,0.0,140.67,0,0.2375,0.0,CHECK
river,3,32.02,26.69,146.75,0,0.0375,0.454607,FOLD
preflop,2,3.37,1.1,69.28,0,0.1875,0.246085,FOLD
turn,3,70.31,2.88,124.39,0,0.05625,0.03935,CALL
river,3,68.76,25.22,22.97,0,0.01875,0.268355,FOLD
preflop,3,32.08,30.19,27.81,0,0.15625,0.484824,FOLD
turn,3,25.48,0.0,46.66,0,0.0875,0.0,CHECK
flop,4,37.71,0.0,132.09,0,0.04375,0.0,CHECK
turn,2,19.29,5.38,33.46,0,0.3625,0.218079,CALL
preflop,1,21.99,0.0,117.74,0,0.7125,0.0,BET
flop,2,59.71,0.0,68.54,0,0.18125,0.0,CHECK
turn,4,28.22,0.0,61.14,0,0.1375,0.0,CHECK
preflop,4,30.63,0.0,34.54,0,0.28125,0.0,CHECK
turn,4,52.85,8.71,124.34,0,0.11875,0.141488,FOLD
turn,4,50.2,0.0,108.83,0,0.475,0.0,CHECK
river,1,46.16,5.64,111.34,0,0.58125,0.10888,CALL
turn,2,57.59,30.78,60.41,0,0.225,0.348308,FOLD
river,4,73.4,0.0,51.19,0,0.0,0.0,CHECK
river,3,6.88,0.0,109.61,0,0.0,0.0,CHECK
preflop,2,74.07,0.0,128.77,0,0.38125,0.0,CHECK
river,1,59.59,0.0,145.34,0,0.6375,0.0,BET
flop,4,72.36,29.14,128.01,0,0.0625,0.287094,FOLD
flop,1,63.27,30.96,144.53,0,0.44375,0.328558,CALL
river,4,58.66,14.69,134.05,0,0.075,0.200273,FOLD
turn,4,19.47,11.5,61.34,0,0.13125,0.371327,FOLD
flop,4,11.2,0.0,111.34,0,0.1125,0.0,CHECK
flop,3,36.18,0.0,90.94,0,0.3,0.0,CHECK
river,3,9.88,1.55,80.92,0,0.6125,0.135608,CALL
preflop,1,10.0,0.0,110.87,0,0.41875,0.0,CHECK
flop,3,12.91,15.17,53.72,0,0.26875,0.540242,FOLD
turn,3,42.99,21.47,91.02,0,0.04375,0.333075,FOLD
preflop,1,63.9,0.0,30.02,0,0.36875,0.0,CHECK
river,3,24.23,0.0,101.59,0,0.0625,0.0,CHECK
flop,1,31.81,0.0,102.99,0,0.89375,0.0,BET
river,1,23.41,0.0,126.37,0,0.7625,0.0,BET
preflop,3,15.48,17.25,93.13,0,0.20625,0.527039,FOLD
preflop,2,6.39,0.56,88.76,0,0.3125,0.080576,CALL
flop,4,13.15,5.99,27.69,0,0.6125,0.312957,CALL
turn,1,33.81,0.0,114.2,0,0.825,0.0,BET
preflop,2,42.6,21.23,148.57,0,0.31875,0.332602,CALL
flop,1,73.71,0.0,105.09,0,0.40625,0.0,CHECK
river,2,18.01,0.0,110.54,0,0.8,0.0,BET
river,3,67.16,2.74,22.2,0,0.83125,0.039199,RAISE
river,2,58.93,3.26,134.4,0,0.6625,0.05242,RAISE
river,3,71.93,26.62,142.48,0,0.0375,0.270117,FOLD
turn,3,36.82,20.78,110.62,0,0.06875,0.360764,FOLD
turn,4,59.48,0.0,132.29,0,0.1875,0.0,CHECK
river,1,11.85,0.0,145.78,0,0.03125,0.0,CHECK
preflop,1,72.49,0.0,134.04,0,0.65,0.0,BET
turn,4,70.38,34.66,72.43,0,0.0375,0.32997,FOLD
river,2,50.07,0.0,89.19,0,0.775,0.0,BET
river,1,40.98,14.79,116.19,0,0.15,0.265196,FOLD
river,2,56.5,0.0,20.22,0,0.25,0.0,CHECK
preflop,2,50.26,33.26,130.51,0,0.28125,0.398228,FOLD
river,2,57.14,17.22,55.84,0,0.975,0.231576,RAISE
flop,4,2.54,1.55,43.08,0,0.09375,0.378973,FOLD
flop,4,54.61,20.98,132.03,0,0.075,0.27755,FOLD
flop,1,25.71,0.0,27.58,0,0.2,0.0,CHECK
flop,2,30.22,28.49,109.65,0,0.29375,0.485267,FOLD
turn,3,53.46,0.0,24.1,0,0.1625,0.0,CHECK
preflop,3,23.47,19.57,73.87,0,0.2,0.454693,FOLD
preflop,2,11.34,6.01,27.81,0,0.30625,0.346398,FOLD
turn,1,53.62,12.84,101.0,0,0.58125,0.193199,CALL
turn,3,13.66,0.0,104.97,0,0.1375,0.0,CHECK
preflop,2,17.94,8.59,107.16,0,0.375,0.323784,CALL
turn,4,58.16,0.0,57.02,0,0.7375,0.0,BET
river,3,6.74,6.25,28.89,0,0.14375,0.481139,FOLD
turn,1,13.85,0.0,77.37,0,0.3125,0.0,CHECK
preflop,4,55.97,0.0,145.39,0,0.2375,0.0,CHECK
turn,1,69.92,0.0,80.2,0,0.3625,0.0,CHECK
flop,2,57.38,0.0,43.72,0,0.25,0.0,CHECK
river,3,72.6,0.0,127.14,0,0.04375,0.0,CHECK
flop,3,53.55,8.4,87.75,0,0.4625,0.135593,CALL
preflop,2,36.91,0.0,75.22,0,0.375,0.0,CHECK
preflop,3,71.58,13.3,62.61,0,0.20625,0.156692,CALL
river,3,52.36,27.87,136.22,0,0.0,0.347376,FOLD
preflop,2,37.99,18.8,27.74,0,0.36875,0.331044,CALL
flop,3,26.97,27.11,57.65,0,0.05,0.501294,FOLD
preflop,1,18.76,17.23,61.48,0,0.55625,0.478744,CALL
turn,1,54.14,17.93,36.2,0,0.1375,0.248786,FOLD
preflop,3,58.04,0.0,113.53,0,0.21875,0.0,CHECK
flop,1,58.48,23.11,131.62,0,0.8375,0.283245,RAISE
preflop,4,66.27,25.18,101.63,0,0.2875,0.275342,CALL
preflop,4,71.92,13.98,73.09,0,0.08125,0.162747,FOLD
turn,1,56.84,0.0,105.39,0,0.175,0.0,CHECK
river,4,32.59,0.0,93.23,0,0.24375,0.0,CHECK
preflop,3,74.77,0.0,64.47,0,0.23125,0.0,CHECK
river,3,35.62,15.64,44.17,0,0.06875,0.305111,FOLD
turn,3,52.34,30.44,121.56,0,0.04375,0.367722,FOLD
river,3,37.9,9.9,106.91,0,0.71875,0.207113,RAISE
preflop,3,68.7,19.05,126.57,0,0.3125,0.217094,CALL
flop,3,63.37,0.0,101.65,0,0.49375,0.0,CHECK
preflop,1,15.79,18.06,37.83,0,0.4625,0.53353,FOLD
preflop,2,4.34,5.01,144.47,0,0.23125,0.535829,FOLD
flop,3,13.3,14.0,109.83,0,0.05,0.512821,FOLD
flop,2,31.21,4.1,141.75,0,0.6875,0.116114,RAISE
turn,2,75.22,33.45,108.36,0,0.175,0.307813,FOLD
flop,1,33.94,17.9,103.84,0,0.275,0.345293,FOLD
turn,2,36.4,25.79,83.48,0,0.15625,0.414697,FOLD
flop,4,59.63,28.07,146.95,0,0.5125,0.320068,CALL
preflop,3,49.48,31.85,122.06,0,0.38125,0.391614,CALL
preflop,4,63.74,34.61,46.84,0,0.2125,0.351906,FOLD
turn,2,23.31,0.0,59.81,0,0.2375,0.0,CHECK
river,4,13.24,11.48,42.74,0,0.04375,0.464401,FOLD
preflop,2,63.33,24.13,134.69,0,0.2875,0.275898,CALL
turn,1,33.65,0.0,147.59,0,0.51875,0.0,CHECK
turn,2,47.34,2.45,57.6,0,0.29375,0.049207,CALL
turn,4,20.69,0.0,146.37,0,0.0625,0.0,CHECK
river,1,17.76,15.34,146.42,0,0.6625,0.463444,RAISE
flop,4,71.81,30.22,90.6,0,0.075,0.296187,FOLD
river,2,18.33,15.43,37.1,0,0.05625,0.45705,FOLD
river,1,21.28,23.45,62.95,0,0.6625,0.524257,RAISE
river,2,52.97,0.0,137.28,0,0.0125,0.0,CHECK
preflop,3,18.69,19.15,142.61,0,0.11875,0.506078,FOLD
flop,4,31.22,0.0,74.23,0,0.1875,0.0,CHECK
river,1,79.82,25.22,89.89,0,0.6625,0.240099,RAISE
river,4,70.85,0.0,37.46,0,0.69375,0.0,BET
preflop,4,28.18,23.26,27.11,0,0.175,0.452177,FOLD
turn,2,4.68,5.4,132.36,0,0.1875,0.535714,FOLD
river,4,55.28,23.56,111.67,0,0.15625,0.298833,FOLD
preflop,3,28.89,0.0,148.39,0,0.38125,0.0,CHECK
river,2,35.3,34.84,149.9,0,0.11875,0.496721,FOLD
turn,1,71.18,5.85,146.78,0,0.40625,0.075944,CALL
turn,4,66.39,15.91,48.05,0,0.475,0.193317,CALL
preflop,2,15.39,9.92,68.83,0,0.425,0.39194,CALL
river,4,41.57,0.0,80.57,0,0.0,0.0,CHECK
turn,4,39.02,20.71,46.51,0,0.025,0.346727,FOLD
preflop,2,77.91,0.0,74.57,0,0.40625,0.0,CHECK
turn,3,35.21,1.98,41.51,0,0.04375,0.05324,CALL
flop,4,59.09,0.0,79.23,0,0.1875,0.0,CHECK
flop,2,2.23,0.92,32.99,0,0.35,0.292063,CALL
flop,1,69.9,30.91,117.81,0,0.825,0.306616,RAISE
flop,3,78.51,25.45,44.59,0,0.9,0.244806,RAISE
river,3,5.67,0.0,128.13,0,0.0375,0.0,CHECK
preflop,1,22.61,0.0,147.01,0,0.4375,0.0,CHECK
flop,3,39.23,23.82,134.2,0,0.125,0.377795,FOLD
flop,3,65.76,0.0,33.68,0,0.20625,0.0,CHECK
preflop,2,68.63,0.0,92.56,0,0.1875,0.0,CHECK
river,1,27.47,19.24,23.72,0,0.9625,0.411903,RAISE
river,1,19.8,0.0,116.62,0,0.6875,0.0,BET
flop,3,28.09,0.0,27.63,0,0.1,0.0,CHECK
preflop,3,8.84,7.41,99.27,0,0.225,0.456,FOLD
flop,2,72.77,0.0,101.94,0,0.45625,0.0,CHECK
flop,4,11.71,3.16,105.22,0,0.1375,0.212508,FOLD
preflop,3,75.73,0.0,71.87,0,0.18125,0.0,CHECK
turn,3,67.54,15.12,59.94,0,0.3875,0.182918,CALL
turn,2,74.8,6.49,144.61,0,0.2875,0.079838,CALL
flop,1,70.59,26.67,83.18,0,0.8,0.274213,RAISE
flop,1,16.01,0.0,56.8,0,0.90625,0.0,BET
river,3,23.22,5.5,129.42,0,0.0125,0.191504,FOLD
flop,2,62.09,5.42,27.79,0,0.14375,0.080284,CALL
river,3,43.23,31.42,58.3,0,0.0125,0.420898,FOLD
river,2,33.13,14.81,30.59,0,0.2375,0.308928,FOLD
turn,2,22.12,13.21,112.9,0,0.775,0.373903,RAISE
turn,1,23.12,22.4,103.63,0,0.16875,0.492091,FOLD
turn,1,76.72,6.26,145.36,0,0.85625,0.07544,RAISE
preflop,4,12.15,3.81,146.69,0,0.1875,0.238722,FOLD
river,4,62.92,0.0,76.18,0,0.13125,0.0,CHECK
river,2,15.94,16.55,86.38,0,0.0875,0.509388,FOLD
preflop,2,72.52,0.0,121.54,0,0.34375,0.0,CHECK
turn,2,68.29,22.94,36.84,0,0.15,0.251452,FOLD
turn,2,68.01,0.0,68.26,0,0.4625,0.0,CHECK
river,3,72.11,0.0,149.69,0,0.0875,0.0,CHECK
turn,1,56.69,30.38,137.35,0,0.2375,0.348915,FOLD
river,4,32.95,7.89,71.1,0,0.03125,0.193193,FOLD
flop,3,27.49,0.0,44.57,0,0.39375,0.0,CHECK
preflop,2,2.29,0.6,142.11,0,0.50625,0.207612,CALL
turn,2,46.81,9.22,24.16,0,0.11875,0.164555,FOLD
river,4,32.39,31.24,58.14,0,0.975,0.490963,RAISE
flop,1,43.9,0.96,97.29,0,0.65,0.0214,RAISE
preflop,3,52.71,15.05,32.85,0,0.16875,0.222107,FOLD
flop,3,32.67,5.68,91.72,0,0.475,0.14811,CALL
preflop,3,56.65,21.22,49.93,0,0.3875,0.272505,CALL
turn,3,73.65,0.0,143.78,0,0.1,0.0,CHECK
river,2,52.44,16.2,123.2,0,0.00625,0.236014,FOLD
preflop,3,50.01,21.43,39.38,0,0.2875,0.299972,CALL
river,4,26.49,16.66,34.14,0,0.8125,0.386095,RAISE
turn,4,31.98,8.45,105.36,0,0.0,0.209003,FOLD
preflop,1,51.52,0.0,108.88,0,0.64375,0.0,BET
turn,4,25.28,9.17,41.88,0,0.50625,0.266183,CALL
turn,3,66.48,0.0,146.96,0,0.03125,0.0,CHECK
turn,1,49.97,21.07,28.51,0,0.43125,0.296593,CALL
river,4,33.37,1.89,41.31,0,0.025,0.053602,FOLD
flop,2,14.81,4.55,85.81,0,0.29375,0.235021,CALL
preflop,3,44.12,0.0,97.64,0,0.125,0.0,CHECK
flop,3,17.9,0.0,70.65,0,0.21875,0.0,CHECK
preflop,2,36.35,0.0,102.36,0,0.28125,0.0,CHECK
river,4,27.03,26.46,30.13,0,0.65,0.494672,RAISE
turn,3,74.69,21.28,72.71,0,0.18125,0.221736,FOLD
preflop,3,64.06,7.26,47.3,0,0.225,0.101795,CALL
flop,2,29.06,16.67,112.84,0,0.33125,0.364531,FOLD
preflop,3,7.97,1.72,141.73,0,0.15,0.177503,FOLD
river,1,35.41,11.57,48.24,0,0.0375,0.246275,FOLD
turn,4,43.54,0.0,121.53,0,0.11875,0.0,CHECK
flop,3,26.05,0.0,109.33,0,0.175,0.0,CHECK
flop,3,46.21,0.0,112.08,0,0.0625,0.0,CHECK
preflop,3,78.24,26.26,84.37,0,0.1875,0.251292,FOLD
flop,3,66.57,9.36,65.47,0,0.1625,0.123271,CALL
preflop,1,67.12,0.0,25.41,0,0.59375,0.0,CHECK
turn,2,32.29,1.55,66.42,0,0.14375,0.045804,CALL
turn,1,46.91,0.0,142.97,0,0.49375,0.0,CHECK
flop,1,16.23,15.35,115.05,0,0.84375,0.486067,RAISE
river,1,18.37,0.0,37.1,0,0.1125,0.0,CHECK
turn,1,29.07,0.0,23.32,0,0.225,0.0,CHECK
turn,3,73.43,22.21,60.66,0,0.06875,0.232225,FOLD
preflop,2,66.52,3.51,121.82,0,0.40625,0.050121,CALL
preflop,2,62.98,13.44,133.19,0,0.275,0.17587,CALL
preflop,2,72.78,0.0,141.34,0,0.225,0.0,CHECK
turn,2,30.5,7.75,45.88,0,0.0375,0.202614,FOLD
river,3,41.45,30.18,38.73,0,0.0125,0.421332,FOLD
preflop,2,68.08,13.13,128.52,0,0.45,0.16168,CALL
river,1,46.68,25.31,103.73,0,0.9125,0.351577,RAISE
flop,3,31.92,0.0,119.6,0,0.075,0.0,CHECK
flop,1,11.99,2.04,44.87,0,0.51875,0.145403,CALL
turn,4,19.41,6.95,82.45,0,0.025,0.263657,FOLD
flop,3,43.17,31.65,111.82,0,0.175,0.423015,FOLD
flop,1,53.95,0.0,132.23,0,0.28125,0.0,CHECK
preflop,4,23.38,12.44,147.53,0,0.2125,0.347292,FOLD
preflop,1,62.9,4.93,84.42,0,0.45625,0.072682,CALL
river,2,71.47,0.0,89.28,0,0.025,0.0,CHECK
turn,4,41.97,15.19,138.65,0,0.13125,0.265745,FOLD
preflop,2,64.46,26.69,105.04,0,0.19375,0.292814,FOLD
flop,1,29.84,7.67,128.05,0,0.6625,0.204479,RAISE
flop,4,14.38,0.0,44.48,0,0.14375,0.0,CHECK
river,4,17.23,0.0,114.74,0,1.0,0.0,BET
turn,1,42.11,4.97,118.57,0,0.875,0.105565,RAISE
turn,2,35.88,21.9,25.67,0,0.23125,0.379024,FOLD
river,4,35.43,0.0,81.5,0,0.0,0.0,CHECK
preflop,4,25.4,0.0,111.09,0,0.19375,0.0,CHECK
flop,4,48.56,3.01,110.43,0,0.125,0.058367,CALL
turn,2,68.32,2.94,43.53,0,0.20625,0.041257,CALL
turn,4,9.58,1.15,77.19,0,0.16875,0.107176,CALL
preflop,4,13.1,14.55,142.41,0,0.10625,0.526221,FOLD
turn,4,63.86,5.21,125.49,0,0.29375,0.075431,CALL
preflop,1,26.4,3.12,142.96,0,0.38125,0.105691,CALL
flop,4,32.95,0.0,77.56,0,0.09375,0.0,CHECK
turn,2,52.71,0.7,84.46,0,0.43125,0.013106,CALL
turn,2,33.82,26.98,144.22,0,0.03125,0.44375,FOLD
flop,1,18.18,4.75,117.92,0,0.34375,0.207152,CALL
preflop,4,79.61,0.0,70.34,0,0.125,0.0,CHECK
turn,2,19.98,3.2,34.37,0,0.68125,0.13805,RAISE
river,3,23.06,0.0,92.48,0,0.0625,0.0,CHECK
river,1,33.67,28.55,80.75,0,0.29375,0.458856,FOLD
turn,2,14.3,0.0,79.64,0,0.45625,0.0,CHECK
turn,4,26.47,7.84,49.59,0,0.09375,0.228505,FOLD
flop,1,53.22,0.0,140.58,0,0.6875,0.0,BET
preflop,1,34.25,34.65,101.79,0,0.61875,0.502903,CALL
river,1,44.18,0.0,105.86,0,0.24375,0.0,CHECK
river,3,75.58,0.0,58.14,0,0.0375,0.0,CHECK
river,4,38.74,0.0,127.78,0,0.0,0.0,CHECK
preflop,3,41.92,0.0,32.86,0,0.225,0.0,CHECK
preflop,1,79.57,0.0,72.35,0,0.3625,0.0,CHECK
flop,2,73.87,20.6,71.54,0,0.18125,0.218059,FOLD
turn,4,68.71,8.52,35.16,0,0.15625,0.11032,CALL
turn,3,69.35,29.67,118.14,0,0.45625,0.299636,CALL
preflop,1,17.07,0.0,127.89,0,0.525,0.0,CHECK
turn,1,54.16,0.0,74.08,0,0.5125,0.0,CHECK
turn,4,59.07,21.28,49.21,0,0.225,0.264841,FOLD
river,4,38.6,17.97,69.6,0,0.125,0.31766,FOLD
flop,1,38.49,9.57,39.62,0,0.775,0.199126,RAISE
preflop,2,32.86,0.0,129.56,0,0.34375,0.0,CHECK
river,4,53.18,0.0,115.27,0,0.9625,0.0,BET
preflop,3,73.95,27.07,128.06,0,0.1875,0.267967,FOLD
preflop,3,39.72,4.91,26.71,0,0.2375,0.110016,CALL
turn,4,30.84,29.96,67.18,0,0.0375,0.492763,FOLD
flop,3,32.18,0.0,58.74,0,0.49375,0.0,CHECK
turn,2,11.96,0.0,118.09,0,0.5125,0.0,CHECK
river,2,53.36,7.42,126.01,0,0.125,0.12208,CALL
turn,1,64.88,0.0,122.75,0,0.15,0.0,CHECK
turn,1,60.73,0.0,149.4,0,0.63125,0.0,BET
flop,1,32.97,0.0,137.53,0,0.45625,0.0,CHECK
turn,2,17.91,14.26,62.23,0,0.15,0.44327,FOLD
preflop,4,26.53,0.0,86.18,0,0.3,0.0,CHECK
river,4,18.54,0.0,61.6,0,0.1125,0.0,CHECK
preflop,3,28.87,0.0,105.53,0,0.25625,0.0,CHECK
flop,2,30.91,0.0,114.55,0,0.04375,0.0,CHECK
river,4,44.92,0.0,61.02,0,0.0875,0.0,CHECK
flop,2,14.57,0.0,65.87,0,0.275,0.0,CHECK
turn,2,62.18,0.0,49.5,0,0.3,0.0,CHECK
turn,4,7.14,0.0,133.78,0,0.05625,0.0,CHECK
preflop,3,70.05,0.0,103.36,0,0.38125,0.0,CHECK
preflop,3,59.33,0.0,111.74,0,0.125,0.0,CHECK
river,3,52.31,0.0,62.6,0,0.4625,0.0,CHECK
flop,2,48.22,0.0,106.69,0,0.20625,0.0,CHECK
preflop,1,57.22,0.0,94.4,0,0.625,0.0,BET
turn,2,35.53,17.26,77.73,0,0.18125,0.326956,FOLD
river,4,49.51,3.81,63.86,0,0.0,0.071455,FOLD
river,2,51.95,10.49,52.71,0,0.00625,0.168001,FOLD
flop,3,25.34,13.38,25.64,0,0.14375,0.345558,FOLD
preflop,4,63.18,0.0,64.97,0,0.13125,0.0,CHECK
river,3,17.53,20.3,134.21,0,0.2,0.536611,FOLD
turn,4,47.09,20.44,87.1,0,0.2125,0.30268,FOLD
flop,4,26.94,0.0,79.93,0,0.01875,0.0,CHECK
turn,2,50.73,22.74,101.89,0,0.68125,0.309514,RAISE
flop,4,76.32,0.0,111.69,0,0.15,0.0,CHECK
turn,4,32.2,0.0,28.95,0,0.2375,0.0,CHECK
preflop,2,59.21,28.5,74.04,0,0.39375,0.324934,CALL
preflop,1,3.43,0.0,102.14,0,0.55,0.0,CHECK
flop,3,59.72,0.0,79.07,0,0.49375,0.0,CHECK
river,1,50.66,0.0,138.87,0,0.975,0.0,BET
turn,3,45.32,26.26,68.03,0,0.4875,0.366862,CALL
river,2,46.04,32.39,32.46,0,0.925,0.41298,RAISE
river,1,26.77,9.0,90.59,0,0.4,0.251607,CALL
preflop,3,76.86,21.69,44.55,0,0.30625,0.220091,CALL
river,1,28.9,0.0,99.08,0,0.26875,0.0,CHECK
turn,3,25.79,14.88,70.74,0,0.1625,0.365872,FOLD
river,4,13.6,16.03,91.3,0,0.25625,0.541006,FOLD
preflop,2,35.82,14.56,130.34,0,0.2875,0.289004,CALL
turn,1,73.06,0.0,53.62,0,0.325,0.0,CHECK
turn,2,14.54,0.0,84.46,0,0.1125,0.0,CHECK
river,3,16.23,16.89,114.52,0,0.025,0.509964,FOLD
river,2,9.83,3.4,59.76,0,0.51875,0.256992,CALL
turn,4,40.73,0.0,68.74,0,0.275,0.0,CHECK
flop,3,52.98,31.85,96.4,0,0.74375,0.375457,RAISE
flop,4,2.47,0.0,115.1,0,0.1875,0.0,CHECK
river,2,12.42,0.0,119.69,0,0.0,0.0,CHECK
river,2,46.96,24.66,111.62,0,0.925,0.344317,RAISE
river,1,57.81,7.76,44.04,0,0.24375,0.118347,CALL
turn,2,20.34,0.0,98.59,0,0.975,0.0,BET
flop,1,70.82,10.85,116.43,0,0.43125,0.132852,CALL
flop,1,30.56,6.48,126.56,0,0.26875,0.174946,CALL
turn,2,32.1,0.0,20.56,0,0.0625,0.0,CHECK
preflop,4,59.97,32.82,132.42,0,0.26875,0.353702,FOLD
turn,3,64.33,0.0,46.41,0,0.08125,0.0,CHECK
flop,1,36.52,34.51,25.26,0,0.4625,0.485851,FOLD
flop,1,26.13,9.78,56.53,0,0.5625,0.272348,CALL
turn,2,79.09,0.0,53.76,0,0.8625,0.0,BET
river,3,62.68,21.41,120.54,0,0.0,0.254608,FOLD
flop,2,55.17,20.65,27.16,0,0.30625,0.272356,CALL
turn,2,37.5,0.0,112.58,0,0.05,0.0,CHECK
flop,2,45.99,31.81,142.58,0,0.225,0.408869,FOLD
flop,4,51.28,26.11,128.52,0,0.3125,0.337382,FOLD
turn,4,4.03,0.0,32.17,0,0.8375,0.0,BET
river,3,39.35,18.43,113.86,0,0.03125,0.318969,FOLD
flop,4,59.51,4.51,100.44,0,0.03125,0.070447,FOLD
turn,1,58.32,0.0,22.55,0,0.70625,0.0,BET
turn,2,21.16,0.0,113.15,0,0.1,0.0,CHECK
river,3,77.57,16.39,43.76,0,0.0,0.174436,FOLD
turn,1,42.22,0.0,148.48,0,0.48125,0.0,CHECK
preflop,3,75.19,0.0,123.36,0,0.23125,0.0,CHECK
turn,3,67.53,4.04,93.34,0,0.08125,0.056448,CALL
river,3,16.17,0.0,108.11,0,0.0,0.0,CHECK
flop,1,49.88,0.0,47.87,0,0.16875,0.0,CHECK
turn,3,42.56,34.6,27.8,0,0.7125,0.448419,RAISE
flop,4,42.17,33.52,122.81,0,0.0875,0.442859,FOLD
turn,2,53.99,0.0,37.89,0,0.0625,0.0,CHECK
flop,3,32.23,0.0,68.32,0,0.4625,0.0,CHECK
turn,2,77.43,9.46,77.8,0,0.725,0.108873,RAISE
turn,3,42.52,5.49,85.96,0,0.20625,0.114351,CALL
flop,1,37.53,26.78,105.09,0,0.2,0.41642,FOLD
turn,1,69.79,0.0,113.44,0,0.19375,0.0,CHECK
preflop,4,3.2,0.0,21.76,0,0.1,0.0,CHECK
preflop,1,39.16,0.0,50.35,0,0.8625,0.0,BET
preflop,2,30.51,0.0,22.81,0,0.56875,0.0,CHECK
river,3,62.33,9.55,43.33,0,0.0,0.13286,FOLD
river,4,63.63,0.0,147.0,0,0.0,0.0,CHECK
flop,2,12.6,0.0,47.47,0,0.13125,0.0,CHECK
preflop,3,4.18,3.02,64.13,0,0.3,0.419444,FOLD
preflop,1,36.87,28.03,140.55,0,0.50625,0.431895,CALL
turn,4,65.67,8.34,112.33,0,0.05,0.112687,FOLD
turn,4,29.28,31.5,39.32,0,0.5,0.518263,CALL
turn,4,71.4,12.9,73.8,0,0.2875,0.153025,CALL
preflop,1,43.9,0.0,79.57,0,0.35625,0.0,CHECK
river,1,20.56,10.74,74.88,0,0.4625,0.343131,CALL
turn,2,24.01,0.0,84.72,0,0.25,0.0,CHECK
river,1,50.65,1.87,74.34,0,0.05,0.035605,CALL
turn,4,4.92,0.0,28.45,0,0.0125,0.0,CHECK
river,2,56.92,21.14,51.43,0,0.625,0.270817,CALL
river,2,68.24,0.0,57.06,0,0.09375,0.0,CHECK
flop,2,29.01,3.99,41.73,0,0.78125,0.120909,RAISE
turn,1,79.5,0.0,42.42,0,0.09375,0.0,CHECK
preflop,2,42.41,24.46,122.7,0,0.25625,0.365784,FOLD
turn,3,67.39,0.0,41.13,0,0.0375,0.0,CHECK
river,1,37.93,1.62,137.33,0,0.86875,0.040961,RAISE
river,3,11.29,5.98,25.19,0,0.0125,0.346265,FOLD
turn,3,62.73,22.35,134.0,0,0.6,0.262694,CALL
preflop,4,38.8,30.67,61.9,0,0.16875,0.441486,FOLD
flop,3,6.92,0.0,142.4,0,0.3125,0.0,CHECK
flop,4,12.49,2.5,48.5,0,0.10625,0.166778,FOLD
river,4,26.01,17.3,53.87,0,0.5875,0.399446,CALL
turn,2,3.78,1.81,61.99,0,0.09375,0.323792,FOLD
river,3,53.11,0.0,54.84,0,0.0,0.0,CHECK
turn,1,52.0,23.95,38.82,0,0.73125,0.315339,RAISE
river,3,40.44,0.0,53.17,0,0.9875,0.0,BET
preflop,2,46.64,0.0,118.2,0,0.35,0.0,CHECK
turn,1,24.99,0.0,124.03,0,0.525,0.0,CHECK
preflop,1,5.7,1.27,134.46,0,0.34375,0.182209,CALL
flop,1,79.34,8.56,115.43,0,0.8125,0.097383,RAISE
river,4,10.97,0.0,62.33,0,0.15,0.0,CHECK
turn,2,73.7,34.56,120.62,0,0.175,0.319231,FOLD
river,1,16.55,0.0,115.21,0,0.20625,0.0,CHECK
turn,1,57.37,9.76,131.28,0,0.55625,0.14539,CALL
preflop,1,19.29,0.0,141.22,0,0.425,0.0,CHECK
river,4,18.7,18.71,63.81,0,0.0,0.500134,FOLD
flop,1,31.17,26.59,132.47,0,0.44375,0.460353,CALL
river,1,72.17,0.0,126.3,0,0.26875,0.0,CHECK
turn,4,19.17,0.0,92.88,0,0.1125,0.0,CHECK
flop,3,38.96,33.33,56.16,0,0.1125,0.46106,FOLD
turn,4,79.5,8.25,132.16,0,0.08125,0.094017,CALL
turn,2,75.36,33.1,88.44,0,0.19375,0.305182,FOLD
river,3,14.97,2.92,50.52,0,0.31875,0.16322,CALL
turn,3,12.16,9.59,144.89,0,0.05625,0.44092,FOLD
turn,4,54.02,0.0,65.82,0,0.4625,0.0,CHECK
flop,1,16.66,8.42,120.78,0,0.375,0.335726,CALL
turn,4,79.13,34.07,51.13,0,0.0375,0.300972,FOLD
flop,3,77.58,19.36,97.05,0,0.0625,0.199711,FOLD
flop,4,58.36,4.14,126.58,0,0.0625,0.06624,CALL
turn,2,73.94,0.0,138.39,0,0.3125,0.0,CHECK
flop,4,25.25,27.89,67.47,0,0.11875,0.52484,FOLD
preflop,4,9.4,5.85,70.97,0,0.05625,0.383607,FOLD
turn,2,60.53,2.5,24.65,0,0.34375,0.039664,CALL
turn,4,34.4,4.0,53.46,0,0.1875,0.104167,CALL
flop,1,10.15,8.52,73.61,0,0.825,0.456347,RAISE
river,4,8.02,2.64,25.65,0,0.0,0.247655,FOLD
turn,3,41.63,0.0,81.23,0,0.20625,0.0,CHECK
river,1,75.48,0.0,140.16,0,0.15625,0.0,CHECK
flop,4,39.81,28.23,128.75,0,0.05,0.414903,FOLD
river,3,34.72,23.65,123.68,0,0.16875,0.405174,FOLD
flop,2,68.12,12.29,43.63,0,0.10625,0.152842,FOLD
flop,3,50.59,28.43,40.39,0,0.13125,0.359782,FOLD
turn,3,61.28,6.39,44.7,0,0.8875,0.094429,RAISE
river,4,14.13,10.53,27.86,0,0.23125,0.427007,FOLD
preflop,1,46.79,32.98,82.63,0,0.7,0.413439,RAISE
river,1,78.67,0.0,146.14,0,0.23125,0.0,CHECK
preflop,1,79.39,34.11,63.03,0,0.5875,0.300529,CALL
turn,2,27.94,18.61,114.58,0,0.2375,0.399785,FOLD
river,3,16.52,18.02,141.67,0,0.5,0.521714,FOLD
preflop,2,48.47,0.0,27.23,0,0.48125,0.0,CHECK
preflop,4,50.59,0.0,27.0,0,0.2875,0.0,CHECK
flop,3,43.67,9.22,83.6,0,0.33125,0.174324,CALL
flop,3,42.41,20.19,45.69,0,0.18125,0.322524,FOLD
preflop,2,73.13,24.2,145.24,0,0.50625,0.248639,CALL
preflop,4,59.56,0.0,124.84,0,0.18125,0.0,CHECK
preflop,3,61.89,12.52,107.07,0,0.19375,0.168257,CALL
turn,4,61.01,0.0,25.3,0,0.325,0.0,CHECK
turn,3,10.99,9.96,43.95,0,0.125,0.475418,FOLD
flop,4,72.4,29.43,31.91,0,0.2375,0.289011,FOLD
turn,1,26.45,7.74,71.95,0,0.29375,0.226382,CALL
flop,4,8.77,6.9,27.89,0,0.1125,0.440332,FOLD
turn,4,30.77,3.8,26.77,0,0.0625,0.109922,FOLD
preflop,3,7.48,0.0,101.5,0,0.29375,0.0,CHECK
river,1,61.87,4.67,64.75,0,0.175,0.070183,CALL
turn,1,2.56,1.59,124.66,0,0.275,0.383133,FOLD
river,2,64.67,27.61,107.18,0,0.0375,0.299198,FOLD
flop,1,59.02,0.0,48.86,0,0.25625,0.0,CHECK
preflop,4,43.5,0.0,22.73,0,0.35,0.0,CHECK
turn,4,69.93,2.15,61.61,0,0.11875,0.029828,CALL
river,1,79.55,17.96,127.18,0,0.7125,0.184186,RAISE
river,1,42.62,0.0,47.28,0,0.18125,0.0,CHECK
flop,4,3.22,0.0,128.35,0,0.1625,0.0,CHECK
turn,2,66.18,19.12,130.22,0,0.275,0.22415,CALL
flop,4,30.51,0.0,107.86,0,0.6375,0.0,BET
flop,4,42.61,14.01,126.21,0,0.68125,0.247439,RAISE
preflop,1,76.49,0.0,24.71,0,0.38125,0.0,CHECK
flop,1,55.02,8.47,40.86,0,0.925,0.133407,RAISE
flop,2,30.91,0.0,74.38,0,0.65625,0.0,BET
turn,3,77.58,0.0,137.58,0,0.24375,0.0,CHECK
turn,2,77.82,11.35,137.63,0,0.78125,0.127285,RAISE
preflop,1,37.19,29.7,72.07,0,0.34375,0.444013,FOLD
turn,1,51.82,0.0,34.61,0,0.8625,0.0,BET
flop,3,6.5,6.85,106.62,0,0.475,0.513109,FOLD
river,1,44.78,15.64,145.18,0,0.94375,0.258855,RAISE
flop,1,32.43,0.0,120.33,0,0.68125,0.0,BET
flop,4,50.65,0.0,106.51,0,0.05625,0.0,CHECK
flop,2,58.56,0.0,127.65,0,0.08125,0.0,CHECK
flop,3,6.43,0.0,77.53,0,0.15,0.0,CHECK
preflop,2,32.4,0.0,148.17,0,0.31875,0.0,CHECK
flop,2,66.01,0.0,37.65,0,0.2625,0.0,CHECK
flop,1,77.56,15.97,54.58,0,0.4625,0.170747,CALL
flop,4,47.29,8.12,25.2,0,0.1,0.146544,FOLD
turn,4,39.19,17.34,105.1,0,0.10625,0.30674,FOLD
preflop,1,5.56,2.38,36.42,0,0.40625,0.299748,CALL
preflop,4,77.85,0.0,65.43,0,0.15,0.0,CHECK
river,2,22.09,0.0,146.14,0,0.1125,0.0,CHECK
river,4,60.06,0.0,67.23,0,0.19375,0.0,CHECK
preflop,3,13.14,0.0,23.48,0,0.21875,0.0,CHECK
flop,2,8.14,1.38,145.75,0,0.4875,0.144958,CALL
river,3,48.9,7.55,100.81,0,0.3,0.133747,CALL
preflop,4,30.57,0.0,25.34,0,0.2625,0.0,CHECK
preflop,1,46.09,34.08,20.13,0,0.4875,0.425097,CALL
river,3,10.6,0.0,95.09,0,0.86875,0.0,BET
preflop,4,42.19,0.0,122.64,0,0.16875,0.0,CHECK
turn,3,61.23,18.95,62.05,0,0.01875,0.236343,FOLD
river,2,8.44,0.0,104.25,0,0.8,0.0,BET
flop,4,7.99,4.02,108.97,0,0.2125,0.334721,FOLD
preflop,2,20.34,15.38,93.98,0,0.2875,0.430571,FOLD
flop,2,11.85,0.0,60.59,0,0.25,0.0,CHECK
turn,2,21.2,24.59,145.44,0,0.0,0.537017,FOLD
turn,1,29.89,0.0,54.63,0,0.39375,0.0,CHECK
river,4,10.49,0.0,141.77,0,0.11875,0.0,CHECK
preflop,3,54.2,23.2,109.03,0,0.23125,0.299742,FOLD
flop,4,7.64,0.0,66.88,0,0.04375,0.0,CHECK
river,3,7.66,5.87,108.35,0,0.0125,0.433851,FOLD
flop,3,35.93,2.0,116.99,0,0.1875,0.052729,CALL
turn,3,72.65,8.95,102.9,0,0.175,0.109681,CALL
preflop,4,58.59,0.0,109.22,0,0.15625,0.0,CHECK
preflop,4,36.25,15.13,84.0,0,0.4625,0.294473,CALL
flop,2,27.3,0.0,96.44,0,0.2625,0.0,CHECK
turn,1,27.08,0.0,59.98,0,0.925,0.0,BET
preflop,2,75.14,13.84,100.06,0,0.3875,0.155541,CALL
preflop,4,73.95,0.0,48.75,0,0.2,0.0,CHECK
river,4,17.62,18.53,93.0,0,0.0,0.512586,FOLD
flop,4,27.17,10.22,32.62,0,0.45625,0.273335,CALL
turn,4,53.78,30.95,61.79,0,0.56875,0.365278,CALL
preflop,2,79.79,0.0,117.23,0,0.4375,0.0,CHECK
turn,4,67.31,0.0,79.83,0,0.3,0.0,CHECK
river,2,47.07,30.73,146.83,0,0.2625,0.394987,FOLD
preflop,3,75.55,20.03,49.67,0,0.23125,0.209563,CALL
flop,3,59.25,25.43,88.29,0,0.075,0.300307,FOLD
flop,3,49.08,7.11,121.99,0,0.73125,0.126535,RAISE
river,1,6.84,1.01,27.17,0,0.025,0.128662,FOLD
preflop,4,68.44,23.02,24.89,0,0.225,0.251695,FOLD
flop,1,6.01,0.0,107.27,0,0.8125,0.0,BET
flop,3,19.1,0.0,135.39,0,0.61875,0.0,CHECK
turn,1,18.89,0.0,148.18,0,0.425,0.0,CHECK
flop,2,34.34,23.16,92.26,0,0.6625,0.402783,RAISE
preflop,2,4.69,4.24,42.73,0,0.33125,0.474804,FOLD
preflop,2,18.27,0.0,127.86,0,0.23125,0.0,CHECK
flop,4,14.46,0.0,72.56,0,0.3125,0.0,CHECK
river,2,38.48,0.0,104.14,0,0.59375,0.0,CHECK
flop,4,13.05,0.0,140.74,0,0.16875,0.0,CHECK
preflop,2,62.71,7.81,34.31,0,0.4375,0.110749,CALL
preflop,4,19.63,2.85,104.83,0,0.325,0.126779,CALL
river,1,47.66,0.0,32.27,0,0.95625,0.0,BET
flop,2,7.71,0.0,26.77,0,0.35625,0.0,CHECK
turn,1,46.42,0.0,63.59,0,0.9875,0.0,BET
preflop,4,37.96,18.43,46.56,0,0.18125,0.326831,FOLD
preflop,4,45.99,0.0,36.34,0,0.20625,0.0,CHECK
flop,4,35.25,15.65,50.17,0,0.575,0.307466,CALL
river,3,11.67,13.03,75.51,0,0.00625,0.52753,FOLD
preflop,3,21.5,5.95,51.87,0,0.28125,0.216758,CALL
preflop,3,9.63,0.58,49.61,0,0.31875,0.056807,CALL
river,3,77.63,0.0,78.47,0,0.0,0.0,CHECK
river,4,34.28,0.0,47.63,0,1.0,0.0,BET
turn,3,34.46,0.0,84.44,0,0.3625,0.0,CHECK
river,1,5.99,1.31,98.84,0,0.8625,0.179452,RAISE
turn,1,75.06,20.9,67.92,0,0.51875,0.217799,CALL
flop,4,35.15,0.0,41.01,0,0.09375,0.0,CHECK
preflop,2,31.84,0.0,52.37,0,0.33125,0.0,CHECK
turn,2,51.14,0.0,27.29,0,0.1375,0.0,CHECK
flop,1,8.92,9.4,87.06,0,0.5125,0.5131,CALL
flop,3,59.06,2.63,85.79,0,0.05625,0.042633,CALL
flop,4,14.09,0.0,75.0,0,0.03125,0.0,CHECK
flop,3,10.95,11.25,99.01,0,0.1125,0.506757,FOLD
flop,2,2.11,0.0,126.35,0,0.5875,0.0,CHECK
flop,3,49.89,0.0,87.12,0,0.625,0.0,BET
turn,4,40.4,13.52,125.39,0,0.05,0.250742,FOLD
turn,4,77.16,0.0,134.52,0,0.45,0.0,CHECK
river,4,23.6,28.22,37.08,0,0.14375,0.544577,FOLD
turn,3,18.95,12.01,143.77,0,0.175,0.38792,FOLD
preflop,3,5.04,4.18,100.96,0,0.26875,0.453362,FOLD
preflop,4,15.47,0.0,73.08,0,0.3,0.0,CHECK
preflop,2,34.8,0.0,39.44,0,0.2625,0.0,CHECK
turn,1,76.17,1.95,58.34,0,0.2,0.024962,CALL
turn,2,28.19,28.52,141.22,0,0.325,0.50291,FOLD
flop,2,8.96,0.0,98.7,0,0.1,0.0,CHECK
preflop,2,19.95,12.28,99.36,0,0.2625,0.381011,FOLD
river,1,12.75,0.0,45.15,0,0.9125,0.0,BET
preflop,4,34.97,31.51,114.81,0,0.25,0.473977,FOLD
flop,3,38.83,15.66,73.08,0,0.1,0.287392,FOLD
flop,4,4.75,2.88,102.71,0,0.1375,0.377457,FOLD
turn,1,55.28,10.98,147.37,0,0.81875,0.165711,RAISE
turn,3,10.03,10.13,112.19,0,0.5375,0.50248,CALL
river,4,58.63,0.0,79.27,0,0.13125,0.0,CHECK
preflop,2,20.99,0.0,21.8,0,0.44375,0.0,CHECK
river,1,46.16,0.0,85.61,0,0.3,0.0,CHECK
turn,2,66.46,14.48,140.0,0,0.00625,0.178898,FOLD
river,4,13.91,0.0,115.1,0,0.55625,0.0,CHECK
river,3,39.7,34.98,87.08,0,0.0,0.468399,FOLD
turn,1,46.01,13.68,28.2,0,0.5,0.229184,CALL
preflop,3,47.92,27.13,100.43,0,0.25625,0.361492,FOLD
flop,4,49.33,0.0,21.17,0,0.15625,0.0,CHECK
flop,2,19.93,8.57,35.2,0,0.64375,0.300702,CALL
preflop,3,2.11,1.96,138.3,0,0.30625,0.481572,FOLD
river,3,43.36,0.0,70.83,0,0.29375,0.0,CHECK
river,4,4.98,0.0,116.84,0,0.24375,0.0,CHECK
preflop,2,50.73,7.89,94.0,0,0.425,0.134596,CALL
river,4,6.24,0.0,79.07,0,0.38125,0.0,CHECK
turn,4,72.88,25.51,23.98,0,0.31875,0.259274,CALL
turn,2,71.24,0.98,26.57,0,0.1625,0.01357,CALL
river,3,71.04,0.0,39.4,0,0.00625,0.0,CHECK
preflop,3,22.86,0.0,47.67,0,0.19375,0.0,CHECK
flop,1,50.47,0.0,50.68,0,0.48125,0.0,CHECK
turn,1,49.31,0.0,52.28,0,0.93125,0.0,BET
river,3,40.81,12.52,94.11,0,0.075,0.234765,FOLD
river,1,31.39,0.0,147.83,0,0.5,0.0,CHECK
turn,2,6.57,1.44,89.92,0,0.1,0.179775,FOLD
flop,2,44.8,3.93,133.27,0,0.13125,0.080648,CALL
river,3,14.86,17.07,93.6,0,0.0,0.534607,FOLD
preflop,1,35.46,15.4,127.01,0,0.4,0.302792,CALL
preflop,2,47.82,0.0,24.7,0,0.29375,0.0,CHECK
flop,4,59.62,30.39,33.61,0,0.625,0.337629,CALL
turn,2,16.2,0.0,80.36,0,0.5375,0.0,CHECK
preflop,3,39.78,0.0,81.61,0,0.21875,0.0,CHECK
preflop,1,43.8,0.0,67.56,0,0.5625,0.0,CHECK
turn,3,10.41,0.0,51.21,0,0.1625,0.0,CHECK
turn,3,60.81,0.0,147.45,0,0.06875,0.0,CHECK
preflop,1,61.86,0.0,70.93,0,0.53125,0.0,CHECK
preflop,4,73.37,5.66,34.88,0,0.25625,0.071618,CALL
river,4,54.59,0.0,27.33,0,0.3875,0.0,CHECK
flop,1,4.57,0.0,134.96,0,0.35625,0.0,CHECK
flop,1,57.35,11.12,132.37,0,0.6375,0.162407,CALL
turn,3,27.6,0.0,95.46,0,0.2625,0.0,CHECK
flop,2,17.0,0.0,105.95,0,0.18125,0.0,CHECK
turn,1,70.05,0.0,115.47,0,0.7625,0.0,BET
preflop,1,74.51,19.74,29.0,0,0.56875,0.209443,CALL
turn,3,35.34,29.52,48.37,0,0.30625,0.455134,FOLD
river,4,31.97,34.23,142.78,0,0.525,0.517069,CALL
turn,1,54.34,15.31,74.96,0,0.475,0.219813,CALL
preflop,3,29.17,0.0,54.82,0,0.2375,0.0,CHECK
preflop,4,37.45,1.47,84.3,0,0.225,0.03777,CALL
flop,1,69.43,23.5,63.03,0,0.39375,0.252879,CALL
flop,1,20.44,0.0,98.97,0,0.39375,0.0,CHECK
flop,1,56.12,27.38,138.8,0,0.28125,0.327904,FOLD
river,2,43.47,30.12,123.8,0,0.7875,0.409295,RAISE
turn,1,12.26,0.0,109.78,0,0.58125,0.0,CHECK
flop,3,63.33,12.23,20.75,0,0.35625,0.161858,CALL
turn,1,73.69,26.63,84.83,0,0.06875,0.265451,FOLD
preflop,1,34.61,0.0,72.46,0,0.81875,0.0,BET
turn,1,46.19,10.55,110.04,0,0.85,0.185936,RAISE
river,3,13.48,11.97,26.03,0,0.0,0.470334,FOLD
river,4,46.16,0.0,136.85,0,0.0625,0.0,CHECK
turn,3,44.9,20.85,93.85,0,0.03125,0.31711,FOLD
flop,2,76.01,0.0,66.34,0,0.2625,0.0,CHECK
preflop,3,60.36,4.28,90.69,0,0.5125,0.066213,CALL
river,1,19.62,15.96,139.0,0,0.4125,0.448567,FOLD
flop,2,23.13,0.0,67.96,0,0.33125,0.0,CHECK
preflop,1,46.13,17.35,119.3,0,0.40625,0.273314,CALL
river,2,75.45,0.0,40.14,0,0.31875,0.0,CHECK
turn,3,59.57,0.0,98.23,0,0.81875,0.0,BET
preflop,4,22.48,25.9,52.39,0,0.16875,0.535345,FOLD
flop,2,58.0,0.0,78.29,0,0.19375,0.0,CHECK
turn,2,16.4,0.0,63.06,0,0.16875,0.0,CHECK
turn,1,50.64,1.68,69.86,0,0.31875,0.03211,CALL
flop,4,41.74,0.74,69.98,0,0.11875,0.01742,CALL
flop,1,72.43,0.0,128.98,0,0.43125,0.0,CHECK
river,2,9.06,0.0,35.54,0,0.6,0.0,CHECK
turn,4,33.07,24.95,34.84,0,0.025,0.430024,FOLD
preflop,3,54.77,15.13,86.42,0,0.1125,0.216452,FOLD
river,3,37.32,26.88,138.61,0,0.91875,0.418692,RAISE
turn,2,16.45,0.0,61.85,0,0.0875,0.0,CHECK
turn,3,27.09,9.35,102.55,0,0.53125,0.256586,CALL
river,3,61.92,34.33,110.31,0,0.0125,0.356675,FOLD
preflop,4,31.55,31.63,65.25,0,0.28125,0.500633,FOLD
turn,2,3.33,2.96,71.16,0,0.15,0.470588,FOLD
turn,1,13.09,15.33,78.78,0,0.75,0.539409,RAISE
turn,3,43.24,3.53,52.54,0,0.825,0.075476,RAISE
river,2,12.76,9.54,149.8,0,0.0,0.427803,FOLD
river,3,60.25,0.0,110.67,0,0.0,0.0,CHECK
river,2,13.9,10.86,126.64,0,0.8125,0.438611,RAISE
flop,2,47.11,17.32,133.27,0,0.4125,0.268819,CALL
preflop,3,10.76,0.0,121.11,0,0.28125,0.0,CHECK
flop,4,29.72,16.39,47.76,0,0.36875,0.355454,CALL
flop,3,59.93,6.69,145.09,0,0.24375,0.10042,CALL
turn,2,12.96,0.0,75.95,0,0.26875,0.0,CHECK
turn,1,78.12,31.09,108.17,0,0.15,0.284681,FOLD
preflop,1,78.32,0.0,116.22,0,0.46875,0.0,CHECK
preflop,2,17.5,15.66,143.02,0,0.24375,0.472256,FOLD
river,2,34.46,7.87,123.27,0,0.8125,0.18592,RAISE
turn,2,59.27,0.0,78.03,0,0.39375,0.0,CHECK
flop,4,62.99,0.0,122.73,0,0.04375,0.0,CHECK
preflop,3,3.46,1.66,98.84,0,0.35625,0.324219,CALL
river,2,73.58,0.0,80.74,0,0.2375,0.0,CHECK
flop,4,40.01,0.0,90.84,0,0.16875,0.0,CHECK
flop,1,36.01,0.0,61.86,0,0.9625,0.0,BET
preflop,2,79.35,14.68,126.87,0,0.31875,0.15612,CALL
river,3,4.16,4.55,122.73,0,0.2375,0.522388,FOLD
river,1,44.3,33.35,136.53,0,0.8625,0.429491,RAISE
river,1,33.39,27.06,132.16,0,0.79375,0.447643,RAISE
river,4,15.14,0.0,64.6,0,0.0,0.0,CHECK
river,3,40.32,14.26,123.15,0,0.0125,0.261268,FOLD
flop,4,17.44,18.52,33.86,0,0.15625,0.515017,FOLD
flop,3,52.99,0.0,53.78,0,0.275,0.0,CHECK
turn,1,17.56,0.0,147.96,0,0.2625,0.0,CHECK
turn,1,62.79,0.0,63.51,0,0.325,0.0,CHECK
preflop,3,56.94,0.0,94.87,0,0.18125,0.0,CHECK
preflop,3,28.35,27.04,110.23,0,0.18125,0.488175,FOLD
turn,4,26.55,0.0,43.73,0,0.2125,0.0,CHECK
preflop,2,75.09,10.78,36.17,0,0.3,0.125539,CALL
preflop,4,37.41,0.0,32.9,0,0.06875,0.0,CHECK
river,4,71.32,30.78,116.02,0,0.35,0.301469,CALL
preflop,4,13.31,0.0,50.33,0,0.175,0.0,CHECK
turn,2,69.03,0.0,70.1,0,0.0375,0.0,CHECK
turn,4,53.77,23.61,88.4,0,0.6,0.305118,CALL
river,1,70.81,14.07,101.21,0,0.075,0.165763,FOLD
river,4,29.22,0.0,92.75,0,0.03125,0.0,CHECK
river,3,10.71,0.0,55.03,0,0.15,0.0,CHECK
preflop,1,10.67,0.0,47.37,0,0.6375,0.0,BET
turn,3,20.2,18.88,45.5,0,0.16875,0.483112,FOLD
preflop,1,77.56,0.0,132.05,0,0.525,0.0,CHECK
river,3,51.57,28.65,128.17,0,0.2125,0.357143,FOLD
flop,2,59.94,0.0,48.49,0,0.51875,0.0,CHECK
preflop,3,22.84,0.0,64.2,0,0.21875,0.0,CHECK
flop,4,21.39,0.0,145.0,0,0.15625,0.0,CHECK
turn,2,47.05,0.0,83.12,0,0.65,0.0,BET
river,3,66.41,4.73,95.93,0,0.88125,0.066489,RAISE
river,3,32.2,14.92,57.44,0,0.3625,0.316638,CALL
flop,1,39.72,13.74,60.46,0,0.46875,0.257015,CALL
preflop,1,24.08,0.0,93.37,0,0.36875,0.0,CHECK
river,2,34.14,0.0,103.01,0,0.0625,0.0,CHECK
preflop,1,34.89,0.67,131.76,0,0.53125,0.018841,CALL
river,2,39.06,7.53,86.54,0,0.45,0.161623,CALL
river,3,65.62,0.0,75.23,0,0.0,0.0,CHECK
preflop,3,73.53,0.0,39.76,0,0.23125,0.0,CHECK
river,1,66.17,0.0,146.84,0,0.0625,0.0,CHECK
turn,2,31.36,12.93,27.58,0,0.0875,0.291939,FOLD
flop,2,64.04,0.0,113.0,0,0.41875,0.0,CHECK
river,3,42.18,0.0,79.01,0,0.05,0.0,CHECK
river,4,76.54,0.0,44.84,0,0.9375,0.0,BET
turn,3,66.01,14.68,46.19,0,0.5,0.181931,CALL
flop,4,72.13,23.34,30.19,0,0.14375,0.244475,FOLD
river,4,42.74,1.78,130.86,0,0.8,0.039982,RAISE
turn,2,44.12,2.81,93.58,0,0.69375,0.059876,RAISE
turn,4,35.28,0.0,25.97,0,0.0125,0.0,CHECK
river,1,33.73,0.0,84.85,0,0.0,0.0,CHECK
flop,3,74.98,0.0,40.97,0,0.75,0.0,BET
flop,2,77.12,7.88,69.83,0,0.15625,0.092706,CALL
flop,3,78.37,9.54,38.81,0,0.375,0.10852,CALL
river,3,9.03,10.54,91.29,0,0.24375,0.538579,FOLD
turn,2,12.31,2.88,31.11,0,0.53125,0.189598,CALL
preflop,4,67.13,18.52,78.67,0,0.1125,0.216229,FOLD
river,3,53.71,8.63,39.41,0,0.025,0.138434,FOLD
flop,2,55.8,23.74,143.16,0,0.04375,0.298466,FOLD
river,3,63.0,0.0,97.59,0,0.25,0.0,CHECK
preflop,3,13.06,9.95,96.4,0,0.33125,0.432421,FOLD
preflop,1,60.17,0.0,32.2,0,0.34375,0.0,CHECK
river,3,20.04,0.0,74.46,0,0.0,0.0,CHECK
river,3,68.95,0.0,114.31,0,0.7625,0.0,BET
turn,2,55.94,0.0,53.34,0,0.375,0.0,CHECK
flop,1,23.47,0.0,124.96,0,0.86875,0.0,BET
turn,2,45.95,0.0,63.6,0,0.925,0.0,BET
turn,4,43.62,0.0,145.64,0,0.025,0.0,CHECK
flop,4,69.09,24.42,142.93,0,0.075,0.261149,FOLD
turn,1,60.77,18.75,69.47,0,0.28125,0.23579,CALL
river,2,11.14,6.66,128.05,0,0.0875,0.374157,FOLD
river,4,43.51,6.77,123.66,0,0.0,0.134646,FOLD
river,3,6.42,0.0,44.16,0,0.0,0.0,CHECK
turn,2,13.08,0.0,67.26,0,0.61875,0.0,CHECK
preflop,4,56.06,11.66,130.35,0,0.1125,0.17218,FOLD
turn,3,19.72,12.44,41.56,0,0.475,0.386816,CALL
preflop,3,51.03,0.0,120.82,0,0.3125,0.0,CHECK
flop,3,79.14,0.0,117.53,0,0.25,0.0,CHECK
flop,1,48.19,26.07,148.4,0,0.60625,0.351064,CALL
preflop,2,29.09,0.0,104.57,0,0.39375,0.0,CHECK
river,2,20.5,0.0,116.98,0,0.925,0.0,BET
river,2,38.59,1.9,135.28,0,0.0,0.046925,FOLD
turn,1,14.53,10.69,121.25,0,0.35625,0.42387,FOLD
preflop,4,46.39,29.3,84.58,0,0.20625,0.387105,FOLD
turn,2,44.46,9.04,49.97,0,0.03125,0.168972,FOLD
turn,3,78.04,0.0,31.18,0,0.26875,0.0,CHECK
river,3,56.72,0.0,100.28,0,0.18125,0.0,CHECK
preflop,2,33.77,0.0,123.68,0,0.38125,0.0,CHECK
river,3,44.57,6.41,75.65,0,0.0,0.125736,FOLD
river,3,31.77,28.61,96.79,0,0.65,0.473832,RAISE
flop,1,57.95,0.0,20.23,0,0.44375,0.0,CHECK
turn,2,44.2,5.67,87.98,0,0.54375,0.113696,CALL
preflop,3,5.52,2.87,24.27,0,0.34375,0.342074,CALL
turn,1,68.96,33.04,148.52,0,0.24375,0.323922,FOLD
river,1,18.41,0.0,39.34,0,0.4875,0.0,CHECK
river,4,55.42,0.0,49.15,0,0.0625,0.0,CHECK
flop,4,25.72,22.33,119.72,0,0.075,0.464724,FOLD
turn,4,59.58,25.97,101.4,0,0.5,0.303565,CALL
flop,3,41.97,0.0,140.98,0,0.33125,0.0,CHECK
preflop,2,40.43,0.0,42.4,0,0.38125,0.0,CHECK
turn,1,12.56,10.64,32.41,0,0.15,0.458621,FOLD
turn,1,21.98,0.0,130.09,0,0.35625,0.0,CHECK
flop,1,21.44,0.0,87.5,0,0.6125,0.0,CHECK
flop,1,25.94,5.96,89.27,0,0.55,0.186834,CALL
preflop,3,60.45,0.0,22.13,0,0.09375,0.0,CHECK
river,4,10.08,12.03,73.73,0,0.425,0.544098,FOLD
turn,3,6.12,3.05,45.44,0,0.6125,0.332606,CALL
river,2,2.33,0.0,32.01,0,0.01875,0.0,CHECK
flop,1,51.36,0.0,143.81,0,0.18125,0.0,CHECK
river,4,30.64,0.0,42.65,0,0.0,0.0,CHECK
preflop,4,30.45,21.51,117.53,0,0.4,0.413972,CALL
preflop,1,67.31,0.0,139.63,0,0.56875,0.0,CHECK
flop,2,28.32,8.43,91.92,0,0.425,0.229388,CALL
flop,2,42.77,27.79,118.07,0,0.375,0.393849,CALL
flop,3,17.58,13.91,119.99,0,0.24375,0.441728,FOLD
flop,3,63.89,0.0,23.85,0,0.31875,0.0,CHECK
turn,1,72.05,19.66,136.7,0,0.6625,0.214371,RAISE
flop,1,64.07,0.0,139.27,0,0.6125,0.0,CHECK
river,3,79.55,1.81,102.93,0,0.4,0.022247,CALL
preflop,4,12.91,0.0,58.18,0,0.14375,0.0,CHECK
turn,2,9.07,9.54,102.95,0,0.4375,0.512628,FOLD
river,3,49.62,0.0,117.57,0,0.8625,0.0,BET
turn,2,29.98,28.49,146.02,0,0.7,0.487258,RAISE
preflop,2,23.95,25.09,82.57,0,0.28125,0.511623,FOLD
